"id","category","question_type","template_family","variant_id","question","option_a","option_b","option_c","option_d","option_e","correct_answer","correct_answer_text","explanation","source","review_status","image_url"
"Q0404","IQ-style","number_matrix","IQ-number_matrix","16","In each row, the third number equals the first multiplied by the second. Row 1: 18, 21, 378. Row 2: 21, 19, 399. Row 3: 23, 19, ?. Find the missing entry.","435","436","440","437","438","D","437","Apply the stated row rule: 23 × 19 = 437.","Original AI-generated practice item","Draft; not expert-reviewed or psychometrically validated",""
"Q0335","IQ-style","letter_coding","IQ-letter_coding","9","A code shifts every letter 5 places forward in the English alphabet, wrapping Z to A. How is WIND encoded?","EQVL","BNSI","DPUK","COTJ","AMRH","B","BNSI","Shift each letter by 5: W→B, I→N, N→S, D→I.","Original AI-generated practice item","Draft; not expert-reviewed or psychometrically validated",""
"Q0046","LSAT-style","must_be_true","LR-must_be_true","5","At Elm Food Bank, every one of its deliveries that contains chilled food also uses a refrigerated vehicle. Every one that uses a refrigerated vehicle also has a temperature log. Which statement must be true?","Every one of its deliveries that contains chilled food also has a temperature log.","At least one of its deliveries contains chilled food.","None of its deliveries that has a temperature log also uses a refrigerated vehicle.","Every one of its deliveries that uses a refrigerated vehicle also contains chilled food.","Every one of its deliveries that has a temperature log also contains chilled food.","A","Every one of its deliveries that contains chilled food also has a temperature log.","The two conditional rules form A → B → C, so A → C. They do not imply their converses or establish that any A exists.","Original AI-generated practice item","Draft; not expert-reviewed or psychometrically validated",""
"Q0423","IQ-style","increasing_differences","IQ-increasing_differences","18","Successive differences increase by 1: 22, 41, 61, 82, 104, ?. Find the next term.","125","130","127","126","128","C","127","The differences are 19, 20, 21, 22; the next is 23. Thus 104 + 23 = 127.","Original AI-generated practice item","Draft; not expert-reviewed or psychometrically validated",""
"Q0283","IQ-style","increasing_differences","IQ-increasing_differences","4","Successive differences increase by 1: 8, 13, 19, 26, 34, ?. Find the next term.","43","44","42","46","41","A","43","The differences are 5, 6, 7, 8; the next is 9. Thus 34 + 9 = 43.","Original AI-generated practice item","Draft; not expert-reviewed or psychometrically validated",""
"Q0247","LSAT-style","sufficient_assumption","LR-sufficient_assumption","25","At Yarrow Centre, every one of its programmes that accepts young children also has a safeguarding officer. A manager concludes that every one that accepts young children also has an approved supervision plan. Which additional premise, if assumed, guarantees the conclusion?","Every one of its programmes that has an approved supervision plan also accepts young children.","Some of its programmes that has a safeguarding officer also has an approved supervision plan.","Every one of its programmes that has a safeguarding officer also has an approved supervision plan.","Every one of its programmes that has an approved supervision plan also has a safeguarding officer.","Some of its programmes that has an approved supervision plan also accepts young children.","C","Every one of its programmes that has a safeguarding officer also has an approved supervision plan.","Adding B → C closes the chain from A to C. Reversed rules and statements about only some objects do not guarantee the conclusion for every A.","Original AI-generated practice item","Draft; not expert-reviewed or psychometrically validated",""
"Q0158","LSAT-style","quantifier_inference","LR-quantifier_inference","16","At Pine Delivery, some of its vehicles carries heavy cargo. Every one of its vehicles that carries heavy cargo also has a reinforced suspension. Which conclusion follows logically?","None of its vehicles has a reinforced suspension.","Every one of its vehicles that has a reinforced suspension also carries heavy cargo.","Some of its vehicles that carries heavy cargo do not satisfy the condition 'has a reinforced suspension'.","Some of its vehicles that has a reinforced suspension also carries heavy cargo.","Every one of its vehicles carries heavy cargo.","D","Some of its vehicles that has a reinforced suspension also carries heavy cargo.","The objects asserted to be A must also be B, establishing at least one object that is both. Nothing establishes that all B are A.","Original AI-generated practice item","Draft; not expert-reviewed or psychometrically validated",""
"Q0469","IQ-style","spatial_cubes","IQ-spatial_cubes","22","A solid cube has edge length 140 cm. All six outer faces are painted. It is cut into cubes of edge length 28 cm. How many small cubes have no painted face?","27","32","125","28","64","A","27","There are 5 small cubes per edge. Only the interior cubes are unpainted: (5 − 2)^3 = 27.","Original AI-generated practice item","Draft; not expert-reviewed or psychometrically validated",""
"Q0115","LSAT-style","main_conclusion","LR-main_conclusion","12","The board of Larch Clinic should retain appointment reminders for another year. A pilot linked the change with an increase in the proportion of patients arriving on time, and the additional operating cost was small. Although the pilot is not conclusive, its results justify a longer trial. Which statement best expresses the main recommendation?","The board should retain appointment reminders for another year.","Every inexpensive pilot should become a permanent policy.","The pilot was not conclusive.","The additional operating cost was small.","The pilot linked the change with an increase in the proportion of patients arriving on time.","A","The board should retain appointment reminders for another year.","The recommendation to continue for a year is the main claim supported by the pilot results and low cost. The remaining relevant statements are reasons or qualifications.","Original AI-generated practice item","Draft; not expert-reviewed or psychometrically validated",""
"Q0087","LSAT-style","sufficient_assumption","LR-sufficient_assumption","9","At Iris Garden, every one of its plots that contains protected plants also has restricted access. A manager concludes that every one that contains protected plants also has a posted notice. Which additional premise, if assumed, guarantees the conclusion?","Some of its plots that has a posted notice also contains protected plants.","Every one of its plots that has restricted access also has a posted notice.","Every one of its plots that has a posted notice also has restricted access.","Every one of its plots that has a posted notice also contains protected plants.","Some of its plots that has restricted access also has a posted notice.","B","Every one of its plots that has restricted access also has a posted notice.","Adding B → C closes the chain from A to C. Reversed rules and statements about only some objects do not guarantee the conclusion for every A.","Original AI-generated practice item","Draft; not expert-reviewed or psychometrically validated",""
"Q0354","IQ-style","number_matrix","IQ-number_matrix","11","In each row, the third number equals the first multiplied by the second. Row 1: 13, 16, 208. Row 2: 16, 14, 224. Row 3: 18, 14, ?. Find the missing entry.","255","250","253","251","252","E","252","Apply the stated row rule: 18 × 14 = 252.","Original AI-generated practice item","Draft; not expert-reviewed or psychometrically validated",""
"Q0406","IQ-style","mental_rotation","IQ-mental_rotation","16","A robot faces north. It turns clockwise by 180 degrees, then moves straight ahead 18 metres without turning again. Which direction is it facing?","south","north","east","west","Its direction cannot be determined.","A","south","A 180-degree clockwise turn moves 2 quarter-turns around north, east, south, west. Forward travel does not change orientation.","Original AI-generated practice item","Draft; not expert-reviewed or psychometrically validated",""
"Q0385","IQ-style","letter_coding","IQ-letter_coding","14","A code shifts every letter 5 places forward in the English alphabet, wrapping Z to A. How is SAND encoded?","XFSI","WERH","YGTJ","ZHUK","AIVL","A","XFSI","Shift each letter by 5: S→X, A→F, N→S, D→I.","Original AI-generated practice item","Draft; not expert-reviewed or psychometrically validated",""
"Q0236","LSAT-style","must_be_true","LR-must_be_true","24","At Xenia Press, every one of its manuscripts that includes translated quotations also has a translation review. Every one that has a translation review also has an assigned editor. Which statement must be true?","None of its manuscripts that has an assigned editor also has a translation review.","Every one of its manuscripts that includes translated quotations also has an assigned editor.","Every one of its manuscripts that has a translation review also includes translated quotations.","At least one of its manuscripts includes translated quotations.","Every one of its manuscripts that has an assigned editor also includes translated quotations.","B","Every one of its manuscripts that includes translated quotations also has an assigned editor.","The two conditional rules form A → B → C, so A → C. They do not imply their converses or establish that any A exists.","Original AI-generated practice item","Draft; not expert-reviewed or psychometrically validated",""
"Q0185","LSAT-style","main_conclusion","LR-main_conclusion","19","The board of Spruce Gym should retain fitness consultations for another year. A pilot linked the change with an increase in membership renewals, and the additional operating cost was small. Although the pilot is not conclusive, its results justify a longer trial. Which statement best expresses the main recommendation?","Every inexpensive pilot should become a permanent policy.","The pilot linked the change with an increase in membership renewals.","The pilot was not conclusive.","The additional operating cost was small.","The board should retain fitness consultations for another year.","E","The board should retain fitness consultations for another year.","The recommendation to continue for a year is the main claim supported by the pilot results and low cost. The remaining relevant statements are reasons or qualifications.","Original AI-generated practice item","Draft; not expert-reviewed or psychometrically validated",""
"Q0343","IQ-style","increasing_differences","IQ-increasing_differences","10","Successive differences increase by 1: 14, 25, 37, 50, 64, ?. Find the next term.","79","80","78","82","77","A","79","The differences are 11, 12, 13, 14; the next is 15. Thus 64 + 15 = 79.","Original AI-generated practice item","Draft; not expert-reviewed or psychometrically validated",""
"Q0408","IQ-style","symbol_operation","IQ-symbol_operation","16","Define the operation a ◆ b as (a × b) + 18. What is 19 ◆ 17?","340","341","342","339","344","B","341","Substitute into the definition: (19 × 17) + 18 = 341.","Original AI-generated practice item","Draft; not expert-reviewed or psychometrically validated",""
"Q0143","LSAT-style","evaluate","LR-evaluate","15","After Oak Shelter introduced volunteer training, the number of animals adopted monthly increased. The director concludes that the change caused the increase. The answer to which question would be most useful in evaluating the argument?","Was the director the first person to suggest the change?","Does the organization have a short name?","Did comparable organizations that did not introduce volunteer training experience a similar increase during the same period?","Do staff prefer morning meetings to afternoon meetings?","Was the announcement printed in color?","C","Did comparable organizations that did not introduce volunteer training experience a similar increase during the same period?","An increase in the comparison group would suggest a common outside cause; no such increase would make the causal explanation more credible.","Original AI-generated practice item","Draft; not expert-reviewed or psychometrically validated",""
"Q0368","IQ-style","symbol_operation","IQ-symbol_operation","12","Define the operation a ◆ b as (a × b) + 14. What is 15 ◆ 13?","212","208","207","210","209","E","209","Substitute into the definition: (15 × 13) + 14 = 209.","Original AI-generated practice item","Draft; not expert-reviewed or psychometrically validated",""
"Q0189","LSAT-style","necessary_assumption","LR-necessary_assumption","19","Spruce Gym plans to fund fitness consultations entirely by reducing printing costs. The finance officer argues: ""The printing savings will cover the full cost, so we will not need any other funding for the change."" Which assumption is required?","Every other possible change would cost more.","The printing savings available for the change will be at least as large as its full cost.","No staff member will object to the change.","The organization will never print anything again.","The new practice will improve every measured outcome.","B","The printing savings available for the change will be at least as large as its full cost.","If available printing savings are smaller than the full cost, the stated funding conclusion fails. The stronger claims in the other options are unnecessary.","Original AI-generated practice item","Draft; not expert-reviewed or psychometrically validated",""
"Q0326","IQ-style","mental_rotation","IQ-mental_rotation","8","A robot faces north. It turns clockwise by 270 degrees, then moves straight ahead 10 metres without turning again. Which direction is it facing?","east","Its direction cannot be determined.","south","north","west","E","west","A 270-degree clockwise turn moves 3 quarter-turns around north, east, south, west. Forward travel does not change orientation.","Original AI-generated practice item","Draft; not expert-reviewed or psychometrically validated",""
"Q0317","IQ-style","ordering","IQ-ordering","7","Five people each receive a different rank in contest 7. Cy finishes ahead of Dee, Dee ahead of Eli, Eli ahead of Ari, and Ari ahead of Bo. Who finishes third?","Cy","Bo","Dee","Ari","Eli","E","Eli","The complete order from first to fifth is Cy, Dee, Eli, Ari, Bo.","Original AI-generated practice item","Draft; not expert-reviewed or psychometrically validated",""
"Q0378","IQ-style","symbol_operation","IQ-symbol_operation","13","Define the operation a ◆ b as (a × b) + 15. What is 16 ◆ 14?","240","239","237","238","242","B","239","Substitute into the definition: (16 × 14) + 15 = 239.","Original AI-generated practice item","Draft; not expert-reviewed or psychometrically validated",""
"Q0472","IQ-style","multiplication_sequence","IQ-multiplication_sequence","23","Each term is obtained by multiplying the preceding term by the same positive integer: 24, 96, 384, 1536, ?. What comes next?","6142","6145","6144","6143","6147","C","6144","The multiplier is 4, so 1536 × 4 = 6144.","Original AI-generated practice item","Draft; not expert-reviewed or psychometrically validated",""
"Q0004","LSAT-style","causal_flaw","LR-causal_flaw","1","After Alder Library introduced extended evening hours, weekly book loans increased. The director concludes that the change caused the increase. The reasoning is vulnerable primarily because it:","Treats an improvement following a change as enough to establish that the change produced the improvement.","Rejects the conclusion solely because of the director's character.","Shows that the outcome decreased and then claims it increased.","Assumes that what is true of every organization must be false of this organization.","Infers that an event is impossible because it is rare.","A","Treats an improvement following a change as enough to establish that the change produced the improvement.","The evidence gives temporal order, but does not rule out other causes.","Original AI-generated practice item","Draft; not expert-reviewed or psychometrically validated",""
"Q0431","IQ-style","number_sequence","IQ-number_sequence","19","The sequence follows a constant-addition rule: 21, 28, 35, 42, 49, ?. What is the missing number?","57","59","54","56","55","D","56","Add 7 each time; 49 + 7 = 56.","Original AI-generated practice item","Draft; not expert-reviewed or psychometrically validated",""
"Q0442","IQ-style","multiplication_sequence","IQ-multiplication_sequence","20","Each term is obtained by multiplying the preceding term by the same positive integer: 21, 84, 336, 1344, ?. What comes next?","5375","5376","5379","5374","5377","B","5376","The multiplier is 4, so 1344 × 4 = 5376.","Original AI-generated practice item","Draft; not expert-reviewed or psychometrically validated",""
"Q0079","LSAT-style","necessary_assumption","LR-necessary_assumption","8","Harbor Pool plans to fund online booking entirely by reducing printing costs. The finance officer argues: ""The printing savings will cover the full cost, so we will not need any other funding for the change."" Which assumption is required?","The printing savings available for the change will be at least as large as its full cost.","The new practice will improve every measured outcome.","Every other possible change would cost more.","No staff member will object to the change.","The organization will never print anything again.","A","The printing savings available for the change will be at least as large as its full cost.","If available printing savings are smaller than the full cost, the stated funding conclusion fails. The stronger claims in the other options are unnecessary.","Original AI-generated practice item","Draft; not expert-reviewed or psychometrically validated",""
"Q0186","LSAT-style","must_be_true","LR-must_be_true","19","At Spruce Gym, every one of its classes that includes advanced exercises also has a qualified instructor. Every one that has a qualified instructor also has an approved lesson plan. Which statement must be true?","At least one of its classes includes advanced exercises.","Every one of its classes that includes advanced exercises also has an approved lesson plan.","Every one of its classes that has an approved lesson plan also includes advanced exercises.","None of its classes that has an approved lesson plan also has a qualified instructor.","Every one of its classes that has a qualified instructor also includes advanced exercises.","B","Every one of its classes that includes advanced exercises also has an approved lesson plan.","The two conditional rules form A → B → C, so A → C. They do not imply their converses or establish that any A exists.","Original AI-generated practice item","Draft; not expert-reviewed or psychometrically validated",""
"Q0483","IQ-style","increasing_differences","IQ-increasing_differences","24","Successive differences increase by 1: 28, 53, 79, 106, 134, ?. Find the next term.","162","161","166","164","163","E","163","The differences are 25, 26, 27, 28; the next is 29. Thus 134 + 29 = 163.","Original AI-generated practice item","Draft; not expert-reviewed or psychometrically validated",""
"Q0177","LSAT-style","sufficient_assumption","LR-sufficient_assumption","18","At Reed Orchestra, every one of its instruments that is loaned to a student also has an assigned borrower. A manager concludes that every one that is loaned to a student also has a loan record. Which additional premise, if assumed, guarantees the conclusion?","Some of its instruments that has a loan record also is loaned to a student.","Some of its instruments that has an assigned borrower also has a loan record.","Every one of its instruments that has a loan record also has an assigned borrower.","Every one of its instruments that has an assigned borrower also has a loan record.","Every one of its instruments that has a loan record also is loaned to a student.","D","Every one of its instruments that has an assigned borrower also has a loan record.","Adding B → C closes the chain from A to C. Reversed rules and statements about only some objects do not guarantee the conclusion for every A.","Original AI-generated practice item","Draft; not expert-reviewed or psychometrically validated",""
"Q0370","IQ-style","set_reasoning","IQ-set_reasoning","12","A group has 34 members. 15 solve a word puzzle, 16 solve a number puzzle, and 3 solve both. How many solve at least one of the two puzzles?","34","31","26","27","28","E","28","Count each solver once: 15 + 16 − 3 = 28. Subtract the overlap because it was counted twice.","Original AI-generated practice item","Draft; not expert-reviewed or psychometrically validated",""
"Q0059","LSAT-style","necessary_assumption","LR-necessary_assumption","6","Fern Theatre plans to fund discount subscriptions entirely by reducing printing costs. The finance officer argues: ""The printing savings will cover the full cost, so we will not need any other funding for the change."" Which assumption is required?","No staff member will object to the change.","The new practice will improve every measured outcome.","The printing savings available for the change will be at least as large as its full cost.","Every other possible change would cost more.","The organization will never print anything again.","C","The printing savings available for the change will be at least as large as its full cost.","If available printing savings are smaller than the full cost, the stated funding conclusion fails. The stronger claims in the other options are unnecessary.","Original AI-generated practice item","Draft; not expert-reviewed or psychometrically validated",""
"Q0303","IQ-style","increasing_differences","IQ-increasing_differences","6","Successive differences increase by 1: 10, 17, 25, 34, 44, ?. Find the next term.","58","55","53","56","54","B","55","The differences are 7, 8, 9, 10; the next is 11. Thus 44 + 11 = 55.","Original AI-generated practice item","Draft; not expert-reviewed or psychometrically validated",""
"Q0478","IQ-style","symbol_operation","IQ-symbol_operation","23","Define the operation a ◆ b as (a × b) + 25. What is 26 ◆ 24?","652","648","647","650","649","E","649","Substitute into the definition: (26 × 24) + 25 = 649.","Original AI-generated practice item","Draft; not expert-reviewed or psychometrically validated",""
"Q0455","IQ-style","letter_coding","IQ-letter_coding","21","A code shifts every letter 2 places forward in the English alphabet, wrapping Z to A. How is BOOK encoded?","FSSO","GTTP","ERRN","CPPL","DQQM","E","DQQM","Shift each letter by 2: B→D, O→Q, O→Q, K→M.","Original AI-generated practice item","Draft; not expert-reviewed or psychometrically validated",""
"Q0340","IQ-style","set_reasoning","IQ-set_reasoning","9","A group has 28 members. 12 solve a word puzzle, 13 solve a number puzzle, and 5 solve both. How many solve at least one of the two puzzles?","19","18","20","25","28","C","20","Count each solver once: 12 + 13 − 5 = 20. Subtract the overlap because it was counted twice.","Original AI-generated practice item","Draft; not expert-reviewed or psychometrically validated",""
"Q0327","IQ-style","ordering","IQ-ordering","8","Five people each receive a different rank in contest 8. Cy finishes ahead of Bo, Bo ahead of Ari, Ari ahead of Eli, and Eli ahead of Dee. Who finishes fourth?","Ari","Cy","Bo","Dee","Eli","E","Eli","The complete order from first to fifth is Cy, Bo, Ari, Eli, Dee.","Original AI-generated practice item","Draft; not expert-reviewed or psychometrically validated",""
"Q0464","IQ-style","number_matrix","IQ-number_matrix","22","In each row, the third number equals the first multiplied by the second. Row 1: 24, 27, 648. Row 2: 27, 25, 675. Row 3: 29, 25, ?. Find the missing entry.","724","726","723","725","728","D","725","Apply the stated row rule: 29 × 25 = 725.","Original AI-generated practice item","Draft; not expert-reviewed or psychometrically validated",""
"Q0415","IQ-style","letter_coding","IQ-letter_coding","17","A code shifts every letter 3 places forward in the English alphabet, wrapping Z to A. How is RAIN encoded?","TCKP","WFNS","XGOT","UDLQ","VEMR","D","UDLQ","Shift each letter by 3: R→U, A→D, I→L, N→Q.","Original AI-generated practice item","Draft; not expert-reviewed or psychometrically validated",""
"Q0467","IQ-style","ordering","IQ-ordering","22","Five people each receive a different rank in contest 22. Bo finishes ahead of Ari, Ari ahead of Eli, Eli ahead of Dee, and Dee ahead of Cy. Who finishes third?","Eli","Dee","Bo","Ari","Cy","A","Eli","The complete order from first to fifth is Bo, Ari, Eli, Dee, Cy.","Original AI-generated practice item","Draft; not expert-reviewed or psychometrically validated",""
"Q0411","IQ-style","number_sequence","IQ-number_sequence","17","The sequence follows a constant-addition rule: 19, 24, 29, 34, 39, ?. What is the missing number?","47","45","42","44","43","D","44","Add 5 each time; 39 + 5 = 44.","Original AI-generated practice item","Draft; not expert-reviewed or psychometrically validated",""
"Q0073","LSAT-style","evaluate","LR-evaluate","8","After Harbor Pool introduced online booking, weekly visits increased. The director concludes that the change caused the increase. The answer to which question would be most useful in evaluating the argument?","Was the announcement printed in color?","Did comparable organizations that did not introduce online booking experience a similar increase during the same period?","Do staff prefer morning meetings to afternoon meetings?","Was the director the first person to suggest the change?","Does the organization have a short name?","B","Did comparable organizations that did not introduce online booking experience a similar increase during the same period?","An increase in the comparison group would suggest a common outside cause; no such increase would make the causal explanation more credible.","Original AI-generated practice item","Draft; not expert-reviewed or psychometrically validated",""
"Q0013","LSAT-style","evaluate","LR-evaluate","2","After Brook Museum introduced audio guides, average visitor satisfaction increased. The director concludes that the change caused the increase. The answer to which question would be most useful in evaluating the argument?","Was the announcement printed in color?","Do staff prefer morning meetings to afternoon meetings?","Did comparable organizations that did not introduce audio guides experience a similar increase during the same period?","Was the director the first person to suggest the change?","Does the organization have a short name?","C","Did comparable organizations that did not introduce audio guides experience a similar increase during the same period?","An increase in the comparison group would suggest a common outside cause; no such increase would make the causal explanation more credible.","Original AI-generated practice item","Draft; not expert-reviewed or psychometrically validated",""
"Q0324","IQ-style","number_matrix","IQ-number_matrix","8","In each row, the third number equals the first multiplied by the second. Row 1: 10, 13, 130. Row 2: 13, 11, 143. Row 3: 15, 11, ?. Find the missing entry.","165","164","168","163","166","A","165","Apply the stated row rule: 15 × 11 = 165.","Original AI-generated practice item","Draft; not expert-reviewed or psychometrically validated",""
"Q0498","IQ-style","symbol_operation","IQ-symbol_operation","25","Define the operation a ◆ b as (a × b) + 27. What is 28 ◆ 26?","754","756","755","753","758","C","755","Substitute into the definition: (28 × 26) + 27 = 755.","Original AI-generated practice item","Draft; not expert-reviewed or psychometrically validated",""
"Q0347","IQ-style","ordering","IQ-ordering","10","Five people each receive a different rank in contest 10. Eli finishes ahead of Dee, Dee ahead of Cy, Cy ahead of Bo, and Bo ahead of Ari. Who finishes first?","Ari","Dee","Bo","Cy","Eli","E","Eli","The complete order from first to fifth is Eli, Dee, Cy, Bo, Ari.","Original AI-generated practice item","Draft; not expert-reviewed or psychometrically validated",""
"Q0405","IQ-style","letter_coding","IQ-letter_coding","16","A code shifts every letter 2 places forward in the English alphabet, wrapping Z to A. How is HILL encoded?","LMPP","IJMM","MNQQ","JKNN","KLOO","D","JKNN","Shift each letter by 2: H→J, I→K, L→N, L→N.","Original AI-generated practice item","Draft; not expert-reviewed or psychometrically validated",""
"Q0497","IQ-style","ordering","IQ-ordering","25","Five people each receive a different rank in contest 25. Ari finishes ahead of Bo, Bo ahead of Cy, Cy ahead of Dee, and Dee ahead of Eli. Who finishes first?","Bo","Dee","Cy","Eli","Ari","E","Ari","The complete order from first to fifth is Ari, Bo, Cy, Dee, Eli.","Original AI-generated practice item","Draft; not expert-reviewed or psychometrically validated",""
"Q0319","IQ-style","spatial_cubes","IQ-spatial_cubes","7","A solid cube has edge length 78 cm. All six outer faces are painted. It is cut into cubes of edge length 13 cm. How many small cubes have no painted face?","64","125","70","216","65","A","64","There are 6 small cubes per edge. Only the interior cubes are unpainted: (6 − 2)^3 = 64.","Original AI-generated practice item","Draft; not expert-reviewed or psychometrically validated",""
"Q0114","LSAT-style","causal_flaw","LR-causal_flaw","12","After Larch Clinic introduced appointment reminders, the proportion of patients arriving on time increased. The director concludes that the change caused the increase. The reasoning is vulnerable primarily because it:","Treats an improvement following a change as enough to establish that the change produced the improvement.","Infers that an event is impossible because it is rare.","Shows that the outcome decreased and then claims it increased.","Rejects the conclusion solely because of the director's character.","Assumes that what is true of every organization must be false of this organization.","A","Treats an improvement following a change as enough to establish that the change produced the improvement.","The evidence gives temporal order, but does not rule out other causes.","Original AI-generated practice item","Draft; not expert-reviewed or psychometrically validated",""
"Q0128","LSAT-style","quantifier_inference","LR-quantifier_inference","13","At Maple Market, some of its stalls sells refrigerated products. Every one of its stalls that sells refrigerated products also has electrical service. Which conclusion follows logically?","None of its stalls has electrical service.","Some of its stalls that sells refrigerated products do not satisfy the condition 'has electrical service'.","Every one of its stalls that has electrical service also sells refrigerated products.","Some of its stalls that has electrical service also sells refrigerated products.","Every one of its stalls sells refrigerated products.","D","Some of its stalls that has electrical service also sells refrigerated products.","The objects asserted to be A must also be B, establishing at least one object that is both. Nothing establishes that all B are A.","Original AI-generated practice item","Draft; not expert-reviewed or psychometrically validated",""
"Q0444","IQ-style","number_matrix","IQ-number_matrix","20","In each row, the third number equals the first multiplied by the second. Row 1: 22, 25, 550. Row 2: 25, 23, 575. Row 3: 27, 23, ?. Find the missing entry.","620","621","619","622","624","B","621","Apply the stated row rule: 27 × 23 = 621.","Original AI-generated practice item","Draft; not expert-reviewed or psychometrically validated",""
"Q0367","IQ-style","ordering","IQ-ordering","12","Five people each receive a different rank in contest 12. Bo finishes ahead of Ari, Ari ahead of Eli, Eli ahead of Dee, and Dee ahead of Cy. Who finishes third?","Bo","Ari","Dee","Eli","Cy","D","Eli","The complete order from first to fifth is Bo, Ari, Eli, Dee, Cy.","Original AI-generated practice item","Draft; not expert-reviewed or psychometrically validated",""
"Q0330","IQ-style","set_reasoning","IQ-set_reasoning","8","A group has 26 members. 11 solve a word puzzle, 12 solve a number puzzle, and 4 solve both. How many solve at least one of the two puzzles?","17","19","26","18","23","B","19","Count each solver once: 11 + 12 − 4 = 19. Subtract the overlap because it was counted twice.","Original AI-generated practice item","Draft; not expert-reviewed or psychometrically validated",""
"Q0100","LSAT-style","principle_application","LR-principle_application","10","Juniper Workshop adopts this rule: Approve a pilot if, and only if, its total cost is below 8,000 credits and it can be reversed within one month. A pilot of tool reservations costs 3900 credits and can be reversed in two weeks. Which judgment follows from the rule?","Approve this pilot because it satisfies both required conditions.","The rule gives no basis for deciding whether to approve it.","Reject it because reversibility is irrelevant.","Reject it because every pilot must cost nothing.","Approve it only if it is certain to succeed.","A","Approve this pilot because it satisfies both required conditions.","Its cost of 3900 credits is below 8,000, and two weeks is within one month. Both necessary and sufficient conditions hold.","Original AI-generated practice item","Draft; not expert-reviewed or psychometrically validated",""
"Q0124","LSAT-style","causal_flaw","LR-causal_flaw","13","After Maple Market introduced loyalty vouchers, weekly purchases increased. The director concludes that the change caused the increase. The reasoning is vulnerable primarily because it:","Rejects the conclusion solely because of the director's character.","Treats an improvement following a change as enough to establish that the change produced the improvement.","Shows that the outcome decreased and then claims it increased.","Assumes that what is true of every organization must be false of this organization.","Infers that an event is impossible because it is rare.","B","Treats an improvement following a change as enough to establish that the change produced the improvement.","The evidence gives temporal order, but does not rule out other causes.","Original AI-generated practice item","Draft; not expert-reviewed or psychometrically validated",""
"Q0346","IQ-style","mental_rotation","IQ-mental_rotation","10","A robot faces south. It turns clockwise by 180 degrees, then moves straight ahead 12 metres without turning again. Which direction is it facing?","north","south","east","west","Its direction cannot be determined.","A","north","A 180-degree clockwise turn moves 2 quarter-turns around north, east, south, west. Forward travel does not change orientation.","Original AI-generated practice item","Draft; not expert-reviewed or psychometrically validated",""
"Q0373","IQ-style","increasing_differences","IQ-increasing_differences","13","Successive differences increase by 1: 17, 31, 46, 62, 79, ?. Find the next term.","97","96","100","95","98","A","97","The differences are 14, 15, 16, 17; the next is 18. Thus 79 + 18 = 97.","Original AI-generated practice item","Draft; not expert-reviewed or psychometrically validated",""
"Q0293","IQ-style","increasing_differences","IQ-increasing_differences","5","Successive differences increase by 1: 9, 15, 22, 30, 39, ?. Find the next term.","48","47","52","49","50","D","49","The differences are 6, 7, 8, 9; the next is 10. Thus 39 + 10 = 49.","Original AI-generated practice item","Draft; not expert-reviewed or psychometrically validated",""
"Q0207","LSAT-style","sufficient_assumption","LR-sufficient_assumption","21","At Umber Studio, every one of its projects that uses rented equipment also has a rental agreement. A manager concludes that every one that uses rented equipment also has a budget entry. Which additional premise, if assumed, guarantees the conclusion?","Every one of its projects that has a budget entry also has a rental agreement.","Some of its projects that has a rental agreement also has a budget entry.","Some of its projects that has a budget entry also uses rented equipment.","Every one of its projects that has a budget entry also uses rented equipment.","Every one of its projects that has a rental agreement also has a budget entry.","E","Every one of its projects that has a rental agreement also has a budget entry.","Adding B → C closes the chain from A to C. Reversed rules and statements about only some objects do not guarantee the conclusion for every A.","Original AI-generated practice item","Draft; not expert-reviewed or psychometrically validated",""
"Q0151","LSAT-style","weaken","LR-weaken","16","After Pine Delivery introduced routing software, the proportion of deliveries completed on time increased. The director concludes that the change caused the increase. Which finding, if true, most weakens the argument?","The organization had kept records before the change.","Some people first heard about the organization several years ago.","The director announced the change in advance.","Staff discussed several other possible changes.","At the same time, roadworks on the main routes ended, which independently tends to increase the measured outcome.","E","At the same time, roadworks on the main routes ended, which independently tends to increase the measured outcome.","A simultaneous change offers an alternative cause of the improvement. The other findings do not explain the increase.","Original AI-generated practice item","Draft; not expert-reviewed or psychometrically validated",""
"Q0390","IQ-style","set_reasoning","IQ-set_reasoning","14","A group has 38 members. 17 solve a word puzzle, 18 solve a number puzzle, and 5 solve both. How many solve at least one of the two puzzles?","28","29","38","30","35","D","30","Count each solver once: 17 + 18 − 5 = 30. Subtract the overlap because it was counted twice.","Original AI-generated practice item","Draft; not expert-reviewed or psychometrically validated",""
"Q0016","LSAT-style","must_be_true","LR-must_be_true","2","At Brook Museum, every one of its exhibitions that includes borrowed objects also has insurance coverage. Every one that has insurance coverage also has a completed inventory. Which statement must be true?","At least one of its exhibitions includes borrowed objects.","Every one of its exhibitions that has insurance coverage also includes borrowed objects.","None of its exhibitions that has a completed inventory also has insurance coverage.","Every one of its exhibitions that includes borrowed objects also has a completed inventory.","Every one of its exhibitions that has a completed inventory also includes borrowed objects.","D","Every one of its exhibitions that includes borrowed objects also has a completed inventory.","The two conditional rules form A → B → C, so A → C. They do not imply their converses or establish that any A exists.","Original AI-generated practice item","Draft; not expert-reviewed or psychometrically validated",""
"Q0361","IQ-style","number_sequence","IQ-number_sequence","12","The sequence follows a constant-addition rule: 14, 21, 28, 35, 42, ?. What is the missing number?","48","52","47","50","49","E","49","Add 7 each time; 42 + 7 = 49.","Original AI-generated practice item","Draft; not expert-reviewed or psychometrically validated",""
"Q0466","IQ-style","mental_rotation","IQ-mental_rotation","22","A robot faces south. It turns clockwise by 180 degrees, then moves straight ahead 24 metres without turning again. Which direction is it facing?","east","north","Its direction cannot be determined.","west","south","B","north","A 180-degree clockwise turn moves 2 quarter-turns around north, east, south, west. Forward travel does not change orientation.","Original AI-generated practice item","Draft; not expert-reviewed or psychometrically validated",""
"Q0181","LSAT-style","weaken","LR-weaken","19","After Spruce Gym introduced fitness consultations, membership renewals increased. The director concludes that the change caused the increase. Which finding, if true, most weakens the argument?","Some people first heard about the organization several years ago.","The organization had kept records before the change.","Staff discussed several other possible changes.","The director announced the change in advance.","At the same time, the gym reduced membership prices, which independently tends to increase the measured outcome.","E","At the same time, the gym reduced membership prices, which independently tends to increase the measured outcome.","A simultaneous change offers an alternative cause of the improvement. The other findings do not explain the increase.","Original AI-generated practice item","Draft; not expert-reviewed or psychometrically validated",""
"Q0225","LSAT-style","main_conclusion","LR-main_conclusion","23","The board of Willow Parks should retain outdoor exercise classes for another year. A pilot linked the change with an increase in weekly park visits, and the additional operating cost was small. Although the pilot is not conclusive, its results justify a longer trial. Which statement best expresses the main recommendation?","The board should retain outdoor exercise classes for another year.","Every inexpensive pilot should become a permanent policy.","The pilot linked the change with an increase in weekly park visits.","The additional operating cost was small.","The pilot was not conclusive.","A","The board should retain outdoor exercise classes for another year.","The recommendation to continue for a year is the main claim supported by the pilot results and low cost. The remaining relevant statements are reasons or qualifications.","Original AI-generated practice item","Draft; not expert-reviewed or psychometrically validated",""
"Q0227","LSAT-style","sufficient_assumption","LR-sufficient_assumption","23","At Willow Parks, every one of its events that uses amplified sound also has a noise permit. A manager concludes that every one that uses amplified sound also has an approved application. Which additional premise, if assumed, guarantees the conclusion?","Every one of its events that has an approved application also has a noise permit.","Some of its events that has an approved application also uses amplified sound.","Every one of its events that has a noise permit also has an approved application.","Every one of its events that has an approved application also uses amplified sound.","Some of its events that has a noise permit also has an approved application.","C","Every one of its events that has a noise permit also has an approved application.","Adding B → C closes the chain from A to C. Reversed rules and statements about only some objects do not guarantee the conclusion for every A.","Original AI-generated practice item","Draft; not expert-reviewed or psychometrically validated",""
"Q0011","LSAT-style","weaken","LR-weaken","2","After Brook Museum introduced audio guides, average visitor satisfaction increased. The director concludes that the change caused the increase. Which finding, if true, most weakens the argument?","At the same time, a popular temporary exhibition opened, which independently tends to increase the measured outcome.","Staff discussed several other possible changes.","The director announced the change in advance.","Some people first heard about the organization several years ago.","The organization had kept records before the change.","A","At the same time, a popular temporary exhibition opened, which independently tends to increase the measured outcome.","A simultaneous change offers an alternative cause of the improvement. The other findings do not explain the increase.","Original AI-generated practice item","Draft; not expert-reviewed or psychometrically validated",""
"Q0325","IQ-style","letter_coding","IQ-letter_coding","8","A code shifts every letter 4 places forward in the English alphabet, wrapping Z to A. How is POND encoded?","TSRH","UTSI","SRQG","WVUK","VUTJ","A","TSRH","Shift each letter by 4: P→T, O→S, N→R, D→H.","Original AI-generated practice item","Draft; not expert-reviewed or psychometrically validated",""
"Q0220","LSAT-style","principle_application","LR-principle_application","22","Vale Hostel adopts this rule: Approve a pilot if, and only if, its total cost is below 8,000 credits and it can be reversed within one month. A pilot of self-service check-in costs 5100 credits and can be reversed in two weeks. Which judgment follows from the rule?","Approve it only if it is certain to succeed.","Approve this pilot because it satisfies both required conditions.","Reject it because every pilot must cost nothing.","Reject it because reversibility is irrelevant.","The rule gives no basis for deciding whether to approve it.","B","Approve this pilot because it satisfies both required conditions.","Its cost of 5100 credits is below 8,000, and two weeks is within one month. Both necessary and sufficient conditions hold.","Original AI-generated practice item","Draft; not expert-reviewed or psychometrically validated",""
"Q0065","LSAT-style","main_conclusion","LR-main_conclusion","7","The board of Grove Recycling should retain curbside collection for another year. A pilot linked the change with an increase in the amount of material recycled weekly, and the additional operating cost was small. Although the pilot is not conclusive, its results justify a longer trial. Which statement best expresses the main recommendation?","The pilot was not conclusive.","The board should retain curbside collection for another year.","The additional operating cost was small.","The pilot linked the change with an increase in the amount of material recycled weekly.","Every inexpensive pilot should become a permanent policy.","B","The board should retain curbside collection for another year.","The recommendation to continue for a year is the main claim supported by the pilot results and low cost. The remaining relevant statements are reasons or qualifications.","Original AI-generated practice item","Draft; not expert-reviewed or psychometrically validated",""
"Q0439","IQ-style","spatial_cubes","IQ-spatial_cubes","19","A solid cube has edge length 150 cm. All six outer faces are painted. It is cut into cubes of edge length 25 cm. How many small cubes have no painted face?","125","64","65","70","216","B","64","There are 6 small cubes per edge. Only the interior cubes are unpainted: (6 − 2)^3 = 64.","Original AI-generated practice item","Draft; not expert-reviewed or psychometrically validated",""
"Q0313","IQ-style","increasing_differences","IQ-increasing_differences","7","Successive differences increase by 1: 11, 19, 28, 38, 49, ?. Find the next term.","62","61","60","59","64","B","61","The differences are 8, 9, 10, 11; the next is 12. Thus 49 + 12 = 61.","Original AI-generated practice item","Draft; not expert-reviewed or psychometrically validated",""
"Q0391","IQ-style","number_sequence","IQ-number_sequence","15","The sequence follows a constant-addition rule: 17, 20, 23, 26, 29, ?. What is the missing number?","33","30","31","32","35","D","32","Add 3 each time; 29 + 3 = 32.","Original AI-generated practice item","Draft; not expert-reviewed or psychometrically validated",""
"Q0224","LSAT-style","causal_flaw","LR-causal_flaw","23","After Willow Parks introduced outdoor exercise classes, weekly park visits increased. The director concludes that the change caused the increase. The reasoning is vulnerable primarily because it:","Treats an improvement following a change as enough to establish that the change produced the improvement.","Rejects the conclusion solely because of the director's character.","Assumes that what is true of every organization must be false of this organization.","Infers that an event is impossible because it is rare.","Shows that the outcome decreased and then claims it increased.","A","Treats an improvement following a change as enough to establish that the change produced the improvement.","The evidence gives temporal order, but does not rule out other causes.","Original AI-generated practice item","Draft; not expert-reviewed or psychometrically validated",""
"Q0394","IQ-style","number_matrix","IQ-number_matrix","15","In each row, the third number equals the first multiplied by the second. Row 1: 17, 20, 340. Row 2: 20, 18, 360. Row 3: 22, 18, ?. Find the missing entry.","397","399","396","395","394","C","396","Apply the stated row rule: 22 × 18 = 396.","Original AI-generated practice item","Draft; not expert-reviewed or psychometrically validated",""
"Q0358","IQ-style","symbol_operation","IQ-symbol_operation","11","Define the operation a ◆ b as (a × b) + 13. What is 14 ◆ 12?","182","184","180","179","181","E","181","Substitute into the definition: (14 × 12) + 13 = 181.","Original AI-generated practice item","Draft; not expert-reviewed or psychometrically validated",""
"Q0064","LSAT-style","causal_flaw","LR-causal_flaw","7","After Grove Recycling introduced curbside collection, the amount of material recycled weekly increased. The director concludes that the change caused the increase. The reasoning is vulnerable primarily because it:","Shows that the outcome decreased and then claims it increased.","Rejects the conclusion solely because of the director's character.","Treats an improvement following a change as enough to establish that the change produced the improvement.","Infers that an event is impossible because it is rare.","Assumes that what is true of every organization must be false of this organization.","C","Treats an improvement following a change as enough to establish that the change produced the improvement.","The evidence gives temporal order, but does not rule out other causes.","Original AI-generated practice item","Draft; not expert-reviewed or psychometrically validated",""
"Q0384","IQ-style","number_matrix","IQ-number_matrix","14","In each row, the third number equals the first multiplied by the second. Row 1: 16, 19, 304. Row 2: 19, 17, 323. Row 3: 21, 17, ?. Find the missing entry.","355","358","357","360","356","C","357","Apply the stated row rule: 21 × 17 = 357.","Original AI-generated practice item","Draft; not expert-reviewed or psychometrically validated",""
"Q0312","IQ-style","multiplication_sequence","IQ-multiplication_sequence","7","Each term is obtained by multiplying the preceding term by the same positive integer: 8, 24, 72, 216, ?. What comes next?","649","648","647","651","646","B","648","The multiplier is 3, so 216 × 3 = 648.","Original AI-generated practice item","Draft; not expert-reviewed or psychometrically validated",""
"Q0120","LSAT-style","principle_application","LR-principle_application","12","Larch Clinic adopts this rule: Approve a pilot if, and only if, its total cost is below 8,000 credits and it can be reversed within one month. A pilot of appointment reminders costs 4100 credits and can be reversed in two weeks. Which judgment follows from the rule?","Reject it because reversibility is irrelevant.","Approve this pilot because it satisfies both required conditions.","The rule gives no basis for deciding whether to approve it.","Approve it only if it is certain to succeed.","Reject it because every pilot must cost nothing.","B","Approve this pilot because it satisfies both required conditions.","Its cost of 4100 credits is below 8,000, and two weeks is within one month. Both necessary and sufficient conditions hold.","Original AI-generated practice item","Draft; not expert-reviewed or psychometrically validated",""
"Q0351","IQ-style","number_sequence","IQ-number_sequence","11","The sequence follows a constant-addition rule: 13, 19, 25, 31, 37, ?. What is the missing number?","41","44","43","46","42","C","43","Add 6 each time; 37 + 6 = 43.","Original AI-generated practice item","Draft; not expert-reviewed or psychometrically validated",""
"Q0323","IQ-style","increasing_differences","IQ-increasing_differences","8","Successive differences increase by 1: 12, 21, 31, 42, 54, ?. Find the next term.","67","70","68","66","65","A","67","The differences are 9, 10, 11, 12; the next is 13. Thus 54 + 13 = 67.","Original AI-generated practice item","Draft; not expert-reviewed or psychometrically validated",""
"Q0402","IQ-style","multiplication_sequence","IQ-multiplication_sequence","16","Each term is obtained by multiplying the preceding term by the same positive integer: 17, 51, 153, 459, ?. What comes next?","1378","1375","1380","1377","1376","D","1377","The multiplier is 3, so 459 × 3 = 1377.","Original AI-generated practice item","Draft; not expert-reviewed or psychometrically validated",""
"Q0043","LSAT-style","evaluate","LR-evaluate","5","After Elm Food Bank introduced text reminders, the proportion of appointments attended increased. The director concludes that the change caused the increase. The answer to which question would be most useful in evaluating the argument?","Was the announcement printed in color?","Was the director the first person to suggest the change?","Do staff prefer morning meetings to afternoon meetings?","Does the organization have a short name?","Did comparable organizations that did not introduce text reminders experience a similar increase during the same period?","E","Did comparable organizations that did not introduce text reminders experience a similar increase during the same period?","An increase in the comparison group would suggest a common outside cause; no such increase would make the causal explanation more credible.","Original AI-generated practice item","Draft; not expert-reviewed or psychometrically validated",""
"Q0125","LSAT-style","main_conclusion","LR-main_conclusion","13","The board of Maple Market should retain loyalty vouchers for another year. A pilot linked the change with an increase in weekly purchases, and the additional operating cost was small. Although the pilot is not conclusive, its results justify a longer trial. Which statement best expresses the main recommendation?","The additional operating cost was small.","The pilot was not conclusive.","Every inexpensive pilot should become a permanent policy.","The pilot linked the change with an increase in weekly purchases.","The board should retain loyalty vouchers for another year.","E","The board should retain loyalty vouchers for another year.","The recommendation to continue for a year is the main claim supported by the pilot results and low cost. The remaining relevant statements are reasons or qualifications.","Original AI-generated practice item","Draft; not expert-reviewed or psychometrically validated",""
"Q0214","LSAT-style","causal_flaw","LR-causal_flaw","22","After Vale Hostel introduced self-service check-in, average guest ratings increased. The director concludes that the change caused the increase. The reasoning is vulnerable primarily because it:","Treats an improvement following a change as enough to establish that the change produced the improvement.","Infers that an event is impossible because it is rare.","Assumes that what is true of every organization must be false of this organization.","Rejects the conclusion solely because of the director's character.","Shows that the outcome decreased and then claims it increased.","A","Treats an improvement following a change as enough to establish that the change produced the improvement.","The evidence gives temporal order, but does not rule out other causes.","Original AI-generated practice item","Draft; not expert-reviewed or psychometrically validated",""
"Q0490","IQ-style","set_reasoning","IQ-set_reasoning","24","A group has 58 members. 27 solve a word puzzle, 28 solve a number puzzle, and 5 solve both. How many solve at least one of the two puzzles?","50","48","55","58","49","A","50","Count each solver once: 27 + 28 − 5 = 50. Subtract the overlap because it was counted twice.","Original AI-generated practice item","Draft; not expert-reviewed or psychometrically validated",""
"Q0102","LSAT-style","strengthen","LR-strengthen","11","After Kestrel Archive introduced a searchable catalogue, weekly document requests fulfilled increased. The director concludes that the change caused the increase. Which additional finding most strengthens the causal conclusion?","The organization measured the outcome only once after the change.","A randomized trial at comparable organizations found greater improvement in the group introducing a searchable catalogue than in the group keeping its previous practice.","Some staff preferred the previous practice.","The new practice has a memorable name.","The director expected the change to help.","B","A randomized trial at comparable organizations found greater improvement in the group introducing a searchable catalogue than in the group keeping its previous practice.","Random assignment and a comparison group help isolate the effect of the intervention. An expectation or label does not provide comparable evidence.","Original AI-generated practice item","Draft; not expert-reviewed or psychometrically validated",""
"Q0069","LSAT-style","necessary_assumption","LR-necessary_assumption","7","Grove Recycling plans to fund curbside collection entirely by reducing printing costs. The finance officer argues: ""The printing savings will cover the full cost, so we will not need any other funding for the change."" Which assumption is required?","The printing savings available for the change will be at least as large as its full cost.","Every other possible change would cost more.","The new practice will improve every measured outcome.","The organization will never print anything again.","No staff member will object to the change.","A","The printing savings available for the change will be at least as large as its full cost.","If available printing savings are smaller than the full cost, the stated funding conclusion fails. The stronger claims in the other options are unnecessary.","Original AI-generated practice item","Draft; not expert-reviewed or psychometrically validated",""
"Q0473","IQ-style","increasing_differences","IQ-increasing_differences","23","Successive differences increase by 1: 27, 51, 76, 102, 129, ?. Find the next term.","160","158","157","156","155","C","157","The differences are 24, 25, 26, 27; the next is 28. Thus 129 + 28 = 157.","Original AI-generated practice item","Draft; not expert-reviewed or psychometrically validated",""
"Q0276","IQ-style","mental_rotation","IQ-mental_rotation","3","A robot faces west. It turns clockwise by 90 degrees, then moves straight ahead 5 metres without turning again. Which direction is it facing?","east","Its direction cannot be determined.","north","west","south","C","north","A 90-degree clockwise turn moves 1 quarter-turn around north, east, south, west. Forward travel does not change orientation.","Original AI-generated practice item","Draft; not expert-reviewed or psychometrically validated",""
"Q0084","LSAT-style","causal_flaw","LR-causal_flaw","9","After Iris Garden introduced guided tours, monthly admissions increased. The director concludes that the change caused the increase. The reasoning is vulnerable primarily because it:","Assumes that what is true of every organization must be false of this organization.","Infers that an event is impossible because it is rare.","Rejects the conclusion solely because of the director's character.","Shows that the outcome decreased and then claims it increased.","Treats an improvement following a change as enough to establish that the change produced the improvement.","E","Treats an improvement following a change as enough to establish that the change produced the improvement.","The evidence gives temporal order, but does not rule out other causes.","Original AI-generated practice item","Draft; not expert-reviewed or psychometrically validated",""
"Q0123","LSAT-style","evaluate","LR-evaluate","13","After Maple Market introduced loyalty vouchers, weekly purchases increased. The director concludes that the change caused the increase. The answer to which question would be most useful in evaluating the argument?","Do staff prefer morning meetings to afternoon meetings?","Was the director the first person to suggest the change?","Does the organization have a short name?","Was the announcement printed in color?","Did comparable organizations that did not introduce loyalty vouchers experience a similar increase during the same period?","E","Did comparable organizations that did not introduce loyalty vouchers experience a similar increase during the same period?","An increase in the comparison group would suggest a common outside cause; no such increase would make the causal explanation more credible.","Original AI-generated practice item","Draft; not expert-reviewed or psychometrically validated",""
"Q0007","LSAT-style","sufficient_assumption","LR-sufficient_assumption","1","At Alder Library, every one of its branches that offers evening hours also has a trained supervisor. A manager concludes that every one that offers evening hours also passes a staffing review. Which additional premise, if assumed, guarantees the conclusion?","Every one of its branches that has a trained supervisor also passes a staffing review.","Some of its branches that has a trained supervisor also passes a staffing review.","Some of its branches that passes a staffing review also offers evening hours.","Every one of its branches that passes a staffing review also offers evening hours.","Every one of its branches that passes a staffing review also has a trained supervisor.","A","Every one of its branches that has a trained supervisor also passes a staffing review.","Adding B → C closes the chain from A to C. Reversed rules and statements about only some objects do not guarantee the conclusion for every A.","Original AI-generated practice item","Draft; not expert-reviewed or psychometrically validated",""
"Q0137","LSAT-style","sufficient_assumption","LR-sufficient_assumption","14","At North Observatory, every one of its instruments that is used for night observations also has a calibration record. A manager concludes that every one that is used for night observations also has a registered custodian. Which additional premise, if assumed, guarantees the conclusion?","Some of its instruments that has a registered custodian also is used for night observations.","Every one of its instruments that has a registered custodian also has a calibration record.","Some of its instruments that has a calibration record also has a registered custodian.","Every one of its instruments that has a registered custodian also is used for night observations.","Every one of its instruments that has a calibration record also has a registered custodian.","E","Every one of its instruments that has a calibration record also has a registered custodian.","Adding B → C closes the chain from A to C. Reversed rules and statements about only some objects do not guarantee the conclusion for every A.","Original AI-generated practice item","Draft; not expert-reviewed or psychometrically validated",""
"Q0034","LSAT-style","causal_flaw","LR-causal_flaw","4","After Dune College introduced peer tutoring, the proportion of students passing mathematics increased. The director concludes that the change caused the increase. The reasoning is vulnerable primarily because it:","Treats an improvement following a change as enough to establish that the change produced the improvement.","Rejects the conclusion solely because of the director's character.","Infers that an event is impossible because it is rare.","Shows that the outcome decreased and then claims it increased.","Assumes that what is true of every organization must be false of this organization.","A","Treats an improvement following a change as enough to establish that the change produced the improvement.","The evidence gives temporal order, but does not rule out other causes.","Original AI-generated practice item","Draft; not expert-reviewed or psychometrically validated",""
"Q0421","IQ-style","number_sequence","IQ-number_sequence","18","The sequence follows a constant-addition rule: 20, 26, 32, 38, 44, ?. What is the missing number?","49","48","51","53","50","E","50","Add 6 each time; 44 + 6 = 50.","Original AI-generated practice item","Draft; not expert-reviewed or psychometrically validated",""
"Q0425","IQ-style","letter_coding","IQ-letter_coding","18","A code shifts every letter 4 places forward in the English alphabet, wrapping Z to A. How is SNOW encoded?","VQRZ","YTUC","XSTB","WRSA","ZUVD","D","WRSA","Shift each letter by 4: S→W, N→R, O→S, W→A.","Original AI-generated practice item","Draft; not expert-reviewed or psychometrically validated",""
"Q0135","LSAT-style","main_conclusion","LR-main_conclusion","14","The board of North Observatory should retain public lectures for another year. A pilot linked the change with an increase in monthly visitor numbers, and the additional operating cost was small. Although the pilot is not conclusive, its results justify a longer trial. Which statement best expresses the main recommendation?","The pilot linked the change with an increase in monthly visitor numbers.","The pilot was not conclusive.","Every inexpensive pilot should become a permanent policy.","The board should retain public lectures for another year.","The additional operating cost was small.","D","The board should retain public lectures for another year.","The recommendation to continue for a year is the main claim supported by the pilot results and low cost. The remaining relevant statements are reasons or qualifications.","Original AI-generated practice item","Draft; not expert-reviewed or psychometrically validated",""
"Q0461","IQ-style","number_sequence","IQ-number_sequence","22","The sequence follows a constant-addition rule: 24, 27, 30, 33, 36, ?. What is the missing number?","42","40","38","39","37","D","39","Add 3 each time; 36 + 3 = 39.","Original AI-generated practice item","Draft; not expert-reviewed or psychometrically validated",""
"Q0239","LSAT-style","necessary_assumption","LR-necessary_assumption","24","Xenia Press plans to fund online sample chapters entirely by reducing printing costs. The finance officer argues: ""The printing savings will cover the full cost, so we will not need any other funding for the change."" Which assumption is required?","The new practice will improve every measured outcome.","Every other possible change would cost more.","The printing savings available for the change will be at least as large as its full cost.","The organization will never print anything again.","No staff member will object to the change.","C","The printing savings available for the change will be at least as large as its full cost.","If available printing savings are smaller than the full cost, the stated funding conclusion fails. The stronger claims in the other options are unnecessary.","Original AI-generated practice item","Draft; not expert-reviewed or psychometrically validated",""
"Q0263","IQ-style","increasing_differences","IQ-increasing_differences","2","Successive differences increase by 1: 6, 9, 13, 18, 24, ?. Find the next term.","30","31","34","29","32","B","31","The differences are 3, 4, 5, 6; the next is 7. Thus 24 + 7 = 31.","Original AI-generated practice item","Draft; not expert-reviewed or psychometrically validated",""
"Q0377","IQ-style","ordering","IQ-ordering","13","Five people each receive a different rank in contest 13. Dee finishes ahead of Eli, Eli ahead of Ari, Ari ahead of Bo, and Bo ahead of Cy. Who finishes fourth?","Dee","Cy","Ari","Bo","Eli","D","Bo","The complete order from first to fifth is Dee, Eli, Ari, Bo, Cy.","Original AI-generated practice item","Draft; not expert-reviewed or psychometrically validated",""
"Q0211","LSAT-style","weaken","LR-weaken","22","After Vale Hostel introduced self-service check-in, average guest ratings increased. The director concludes that the change caused the increase. Which finding, if true, most weakens the argument?","Some people first heard about the organization several years ago.","Staff discussed several other possible changes.","The organization had kept records before the change.","At the same time, all bedrooms were refurbished, which independently tends to increase the measured outcome.","The director announced the change in advance.","D","At the same time, all bedrooms were refurbished, which independently tends to increase the measured outcome.","A simultaneous change offers an alternative cause of the improvement. The other findings do not explain the increase.","Original AI-generated practice item","Draft; not expert-reviewed or psychometrically validated",""
"Q0113","LSAT-style","evaluate","LR-evaluate","12","After Larch Clinic introduced appointment reminders, the proportion of patients arriving on time increased. The director concludes that the change caused the increase. The answer to which question would be most useful in evaluating the argument?","Was the director the first person to suggest the change?","Does the organization have a short name?","Do staff prefer morning meetings to afternoon meetings?","Was the announcement printed in color?","Did comparable organizations that did not introduce appointment reminders experience a similar increase during the same period?","E","Did comparable organizations that did not introduce appointment reminders experience a similar increase during the same period?","An increase in the comparison group would suggest a common outside cause; no such increase would make the causal explanation more credible.","Original AI-generated practice item","Draft; not expert-reviewed or psychometrically validated",""
"Q0148","LSAT-style","quantifier_inference","LR-quantifier_inference","15","At Oak Shelter, some of its volunteers handles nervous animals. Every one of its volunteers that handles nervous animals also has specialist training. Which conclusion follows logically?","None of its volunteers has specialist training.","Some of its volunteers that has specialist training also handles nervous animals.","Some of its volunteers that handles nervous animals do not satisfy the condition 'has specialist training'.","Every one of its volunteers handles nervous animals.","Every one of its volunteers that has specialist training also handles nervous animals.","B","Some of its volunteers that has specialist training also handles nervous animals.","The objects asserted to be A must also be B, establishing at least one object that is both. Nothing establishes that all B are A.","Original AI-generated practice item","Draft; not expert-reviewed or psychometrically validated",""
"Q0134","LSAT-style","causal_flaw","LR-causal_flaw","14","After North Observatory introduced public lectures, monthly visitor numbers increased. The director concludes that the change caused the increase. The reasoning is vulnerable primarily because it:","Rejects the conclusion solely because of the director's character.","Infers that an event is impossible because it is rare.","Shows that the outcome decreased and then claims it increased.","Assumes that what is true of every organization must be false of this organization.","Treats an improvement following a change as enough to establish that the change produced the improvement.","E","Treats an improvement following a change as enough to establish that the change produced the improvement.","The evidence gives temporal order, but does not rule out other causes.","Original AI-generated practice item","Draft; not expert-reviewed or psychometrically validated",""
"Q0136","LSAT-style","must_be_true","LR-must_be_true","14","At North Observatory, every one of its instruments that is used for night observations also has a calibration record. Every one that has a calibration record also has a registered custodian. Which statement must be true?","Every one of its instruments that is used for night observations also has a registered custodian.","Every one of its instruments that has a calibration record also is used for night observations.","None of its instruments that has a registered custodian also has a calibration record.","At least one of its instruments is used for night observations.","Every one of its instruments that has a registered custodian also is used for night observations.","A","Every one of its instruments that is used for night observations also has a registered custodian.","The two conditional rules form A → B → C, so A → C. They do not imply their converses or establish that any A exists.","Original AI-generated practice item","Draft; not expert-reviewed or psychometrically validated",""
"Q0375","IQ-style","letter_coding","IQ-letter_coding","13","A code shifts every letter 4 places forward in the English alphabet, wrapping Z to A. How is TREE encoded?","ZXKK","WUHH","XVII","YWJJ","AYLL","C","XVII","Shift each letter by 4: T→X, R→V, E→I, E→I.","Original AI-generated practice item","Draft; not expert-reviewed or psychometrically validated",""
"Q0162","LSAT-style","strengthen","LR-strengthen","17","After Quartz School introduced breakfast service, average attendance increased. The director concludes that the change caused the increase. Which additional finding most strengthens the causal conclusion?","The new practice has a memorable name.","The director expected the change to help.","The organization measured the outcome only once after the change.","Some staff preferred the previous practice.","A randomized trial at comparable organizations found greater improvement in the group introducing breakfast service than in the group keeping its previous practice.","E","A randomized trial at comparable organizations found greater improvement in the group introducing breakfast service than in the group keeping its previous practice.","Random assignment and a comparison group help isolate the effect of the intervention. An expectation or label does not provide comparable evidence.","Original AI-generated practice item","Draft; not expert-reviewed or psychometrically validated",""
"Q0428","IQ-style","symbol_operation","IQ-symbol_operation","18","Define the operation a ◆ b as (a × b) + 20. What is 21 ◆ 19?","420","422","419","418","417","C","419","Substitute into the definition: (21 × 19) + 20 = 419.","Original AI-generated practice item","Draft; not expert-reviewed or psychometrically validated",""
"Q0141","LSAT-style","weaken","LR-weaken","15","After Oak Shelter introduced volunteer training, the number of animals adopted monthly increased. The director concludes that the change caused the increase. Which finding, if true, most weakens the argument?","The director announced the change in advance.","Some people first heard about the organization several years ago.","Staff discussed several other possible changes.","At the same time, adoption fees were temporarily waived, which independently tends to increase the measured outcome.","The organization had kept records before the change.","D","At the same time, adoption fees were temporarily waived, which independently tends to increase the measured outcome.","A simultaneous change offers an alternative cause of the improvement. The other findings do not explain the increase.","Original AI-generated practice item","Draft; not expert-reviewed or psychometrically validated",""
"Q0027","LSAT-style","sufficient_assumption","LR-sufficient_assumption","3","At Cedar Transit, every one of its routes that runs overnight also has a backup driver. A manager concludes that every one that runs overnight also has an approved staffing plan. Which additional premise, if assumed, guarantees the conclusion?","Every one of its routes that has a backup driver also has an approved staffing plan.","Some of its routes that has an approved staffing plan also runs overnight.","Every one of its routes that has an approved staffing plan also runs overnight.","Every one of its routes that has an approved staffing plan also has a backup driver.","Some of its routes that has a backup driver also has an approved staffing plan.","A","Every one of its routes that has a backup driver also has an approved staffing plan.","Adding B → C closes the chain from A to C. Reversed rules and statements about only some objects do not guarantee the conclusion for every A.","Original AI-generated practice item","Draft; not expert-reviewed or psychometrically validated",""
"Q0198","LSAT-style","quantifier_inference","LR-quantifier_inference","20","At Tide Aquarium, some of its tanks houses sensitive species. Every one of its tanks that houses sensitive species also has a monitoring device. Which conclusion follows logically?","Every one of its tanks that has a monitoring device also houses sensitive species.","Every one of its tanks houses sensitive species.","None of its tanks has a monitoring device.","Some of its tanks that has a monitoring device also houses sensitive species.","Some of its tanks that houses sensitive species do not satisfy the condition 'has a monitoring device'.","D","Some of its tanks that has a monitoring device also houses sensitive species.","The objects asserted to be A must also be B, establishing at least one object that is both. Nothing establishes that all B are A.","Original AI-generated practice item","Draft; not expert-reviewed or psychometrically validated",""
"Q0401","IQ-style","number_sequence","IQ-number_sequence","16","The sequence follows a constant-addition rule: 18, 22, 26, 30, 34, ?. What is the missing number?","39","41","37","36","38","E","38","Add 4 each time; 34 + 4 = 38.","Original AI-generated practice item","Draft; not expert-reviewed or psychometrically validated",""
"Q0195","LSAT-style","main_conclusion","LR-main_conclusion","20","The board of Tide Aquarium should retain interactive exhibits for another year. A pilot linked the change with an increase in average visitor ratings, and the additional operating cost was small. Although the pilot is not conclusive, its results justify a longer trial. Which statement best expresses the main recommendation?","The pilot linked the change with an increase in average visitor ratings.","The pilot was not conclusive.","The board should retain interactive exhibits for another year.","The additional operating cost was small.","Every inexpensive pilot should become a permanent policy.","C","The board should retain interactive exhibits for another year.","The recommendation to continue for a year is the main claim supported by the pilot results and low cost. The remaining relevant statements are reasons or qualifications.","Original AI-generated practice item","Draft; not expert-reviewed or psychometrically validated",""
"Q0026","LSAT-style","must_be_true","LR-must_be_true","3","At Cedar Transit, every one of its routes that runs overnight also has a backup driver. Every one that has a backup driver also has an approved staffing plan. Which statement must be true?","None of its routes that has an approved staffing plan also has a backup driver.","Every one of its routes that runs overnight also has an approved staffing plan.","Every one of its routes that has an approved staffing plan also runs overnight.","At least one of its routes runs overnight.","Every one of its routes that has a backup driver also runs overnight.","B","Every one of its routes that runs overnight also has an approved staffing plan.","The two conditional rules form A → B → C, so A → C. They do not imply their converses or establish that any A exists.","Original AI-generated practice item","Draft; not expert-reviewed or psychometrically validated",""
"Q0301","IQ-style","number_sequence","IQ-number_sequence","6","The sequence follows a constant-addition rule: 8, 16, 24, 32, 40, ?. What is the missing number?","46","47","51","49","48","E","48","Add 8 each time; 40 + 8 = 48.","Original AI-generated practice item","Draft; not expert-reviewed or psychometrically validated",""
"Q0298","IQ-style","symbol_operation","IQ-symbol_operation","5","Define the operation a ◆ b as (a × b) + 7. What is 8 ◆ 6?","55","58","56","54","53","A","55","Substitute into the definition: (8 × 6) + 7 = 55.","Original AI-generated practice item","Draft; not expert-reviewed or psychometrically validated",""
"Q0040","LSAT-style","principle_application","LR-principle_application","4","Dune College adopts this rule: Approve a pilot if, and only if, its total cost is below 8,000 credits and it can be reversed within one month. A pilot of peer tutoring costs 3300 credits and can be reversed in two weeks. Which judgment follows from the rule?","The rule gives no basis for deciding whether to approve it.","Approve this pilot because it satisfies both required conditions.","Reject it because every pilot must cost nothing.","Approve it only if it is certain to succeed.","Reject it because reversibility is irrelevant.","B","Approve this pilot because it satisfies both required conditions.","Its cost of 3300 credits is below 8,000, and two weeks is within one month. Both necessary and sufficient conditions hold.","Original AI-generated practice item","Draft; not expert-reviewed or psychometrically validated",""
"Q0050","LSAT-style","principle_application","LR-principle_application","5","Elm Food Bank adopts this rule: Approve a pilot if, and only if, its total cost is below 8,000 credits and it can be reversed within one month. A pilot of text reminders costs 3400 credits and can be reversed in two weeks. Which judgment follows from the rule?","Reject it because every pilot must cost nothing.","Approve it only if it is certain to succeed.","The rule gives no basis for deciding whether to approve it.","Reject it because reversibility is irrelevant.","Approve this pilot because it satisfies both required conditions.","E","Approve this pilot because it satisfies both required conditions.","Its cost of 3400 credits is below 8,000, and two weeks is within one month. Both necessary and sufficient conditions hold.","Original AI-generated practice item","Draft; not expert-reviewed or psychometrically validated",""
"Q0328","IQ-style","symbol_operation","IQ-symbol_operation","8","Define the operation a ◆ b as (a × b) + 10. What is 11 ◆ 9?","108","112","110","107","109","E","109","Substitute into the definition: (11 × 9) + 10 = 109.","Original AI-generated practice item","Draft; not expert-reviewed or psychometrically validated",""
"Q0273","IQ-style","increasing_differences","IQ-increasing_differences","3","Successive differences increase by 1: 7, 11, 16, 22, 29, ?. Find the next term.","40","38","37","35","36","C","37","The differences are 4, 5, 6, 7; the next is 8. Thus 29 + 8 = 37.","Original AI-generated practice item","Draft; not expert-reviewed or psychometrically validated",""
"Q0119","LSAT-style","necessary_assumption","LR-necessary_assumption","12","Larch Clinic plans to fund appointment reminders entirely by reducing printing costs. The finance officer argues: ""The printing savings will cover the full cost, so we will not need any other funding for the change."" Which assumption is required?","The new practice will improve every measured outcome.","The organization will never print anything again.","No staff member will object to the change.","The printing savings available for the change will be at least as large as its full cost.","Every other possible change would cost more.","D","The printing savings available for the change will be at least as large as its full cost.","If available printing savings are smaller than the full cost, the stated funding conclusion fails. The stronger claims in the other options are unnecessary.","Original AI-generated practice item","Draft; not expert-reviewed or psychometrically validated",""
"Q0058","LSAT-style","quantifier_inference","LR-quantifier_inference","6","At Fern Theatre, some of its performances uses pyrotechnics. Every one of its performances that uses pyrotechnics also has a safety officer. Which conclusion follows logically?","Some of its performances that uses pyrotechnics do not satisfy the condition 'has a safety officer'.","None of its performances has a safety officer.","Some of its performances that has a safety officer also uses pyrotechnics.","Every one of its performances uses pyrotechnics.","Every one of its performances that has a safety officer also uses pyrotechnics.","C","Some of its performances that has a safety officer also uses pyrotechnics.","The objects asserted to be A must also be B, establishing at least one object that is both. Nothing establishes that all B are A.","Original AI-generated practice item","Draft; not expert-reviewed or psychometrically validated",""
"Q0412","IQ-style","multiplication_sequence","IQ-multiplication_sequence","17","Each term is obtained by multiplying the preceding term by the same positive integer: 18, 72, 288, 1152, ?. What comes next?","4608","4609","4611","4606","4607","A","4608","The multiplier is 4, so 1152 × 4 = 4608.","Original AI-generated practice item","Draft; not expert-reviewed or psychometrically validated",""
"Q0264","IQ-style","number_matrix","IQ-number_matrix","2","In each row, the third number equals the first multiplied by the second. Row 1: 4, 7, 28. Row 2: 7, 5, 35. Row 3: 9, 5, ?. Find the missing entry.","44","46","43","48","45","E","45","Apply the stated row rule: 9 × 5 = 45.","Original AI-generated practice item","Draft; not expert-reviewed or psychometrically validated",""
"Q0033","LSAT-style","evaluate","LR-evaluate","4","After Dune College introduced peer tutoring, the proportion of students passing mathematics increased. The director concludes that the change caused the increase. The answer to which question would be most useful in evaluating the argument?","Was the director the first person to suggest the change?","Does the organization have a short name?","Did comparable organizations that did not introduce peer tutoring experience a similar increase during the same period?","Was the announcement printed in color?","Do staff prefer morning meetings to afternoon meetings?","C","Did comparable organizations that did not introduce peer tutoring experience a similar increase during the same period?","An increase in the comparison group would suggest a common outside cause; no such increase would make the causal explanation more credible.","Original AI-generated practice item","Draft; not expert-reviewed or psychometrically validated",""
"Q0487","IQ-style","ordering","IQ-ordering","24","Five people each receive a different rank in contest 24. Dee finishes ahead of Cy, Cy ahead of Bo, Bo ahead of Ari, and Ari ahead of Eli. Who finishes fifth?","Dee","Cy","Ari","Eli","Bo","D","Eli","The complete order from first to fifth is Dee, Cy, Bo, Ari, Eli.","Original AI-generated practice item","Draft; not expert-reviewed or psychometrically validated",""
"Q0003","LSAT-style","evaluate","LR-evaluate","1","After Alder Library introduced extended evening hours, weekly book loans increased. The director concludes that the change caused the increase. The answer to which question would be most useful in evaluating the argument?","Does the organization have a short name?","Do staff prefer morning meetings to afternoon meetings?","Did comparable organizations that did not introduce extended evening hours experience a similar increase during the same period?","Was the announcement printed in color?","Was the director the first person to suggest the change?","C","Did comparable organizations that did not introduce extended evening hours experience a similar increase during the same period?","An increase in the comparison group would suggest a common outside cause; no such increase would make the causal explanation more credible.","Original AI-generated practice item","Draft; not expert-reviewed or psychometrically validated",""
"Q0161","LSAT-style","weaken","LR-weaken","17","After Quartz School introduced breakfast service, average attendance increased. The director concludes that the change caused the increase. Which finding, if true, most weakens the argument?","The director announced the change in advance.","Some people first heard about the organization several years ago.","At the same time, the school introduced stricter attendance enforcement, which independently tends to increase the measured outcome.","Staff discussed several other possible changes.","The organization had kept records before the change.","C","At the same time, the school introduced stricter attendance enforcement, which independently tends to increase the measured outcome.","A simultaneous change offers an alternative cause of the improvement. The other findings do not explain the increase.","Original AI-generated practice item","Draft; not expert-reviewed or psychometrically validated",""
"Q0495","IQ-style","letter_coding","IQ-letter_coding","25","A code shifts every letter 1 place forward in the English alphabet, wrapping Z to A. How is SEED encoded?","UGGF","WIIH","VHHG","TFFE","SEED","D","TFFE","Shift each letter by 1: S→T, E→F, E→F, D→E.","Original AI-generated practice item","Draft; not expert-reviewed or psychometrically validated",""
"Q0099","LSAT-style","necessary_assumption","LR-necessary_assumption","10","Juniper Workshop plans to fund tool reservations entirely by reducing printing costs. The finance officer argues: ""The printing savings will cover the full cost, so we will not need any other funding for the change."" Which assumption is required?","The printing savings available for the change will be at least as large as its full cost.","The organization will never print anything again.","Every other possible change would cost more.","The new practice will improve every measured outcome.","No staff member will object to the change.","A","The printing savings available for the change will be at least as large as its full cost.","If available printing savings are smaller than the full cost, the stated funding conclusion fails. The stronger claims in the other options are unnecessary.","Original AI-generated practice item","Draft; not expert-reviewed or psychometrically validated",""
"Q0254","IQ-style","number_matrix","IQ-number_matrix","1","In each row, the third number equals the first multiplied by the second. Row 1: 3, 6, 18. Row 2: 6, 4, 24. Row 3: 8, 4, ?. Find the missing entry.","30","32","35","33","31","B","32","Apply the stated row rule: 8 × 4 = 32.","Original AI-generated practice item","Draft; not expert-reviewed or psychometrically validated",""
"Q0468","IQ-style","symbol_operation","IQ-symbol_operation","22","Define the operation a ◆ b as (a × b) + 24. What is 25 ◆ 23?","599","598","602","597","600","A","599","Substitute into the definition: (25 × 23) + 24 = 599.","Original AI-generated practice item","Draft; not expert-reviewed or psychometrically validated",""
"Q0108","LSAT-style","quantifier_inference","LR-quantifier_inference","11","At Kestrel Archive, some of its documents contains private addresses. Every one of its documents that contains private addresses also requires restricted handling. Which conclusion follows logically?","None of its documents requires restricted handling.","Every one of its documents contains private addresses.","Some of its documents that contains private addresses do not satisfy the condition 'requires restricted handling'.","Some of its documents that requires restricted handling also contains private addresses.","Every one of its documents that requires restricted handling also contains private addresses.","D","Some of its documents that requires restricted handling also contains private addresses.","The objects asserted to be A must also be B, establishing at least one object that is both. Nothing establishes that all B are A.","Original AI-generated practice item","Draft; not expert-reviewed or psychometrically validated",""
"Q0364","IQ-style","number_matrix","IQ-number_matrix","12","In each row, the third number equals the first multiplied by the second. Row 1: 14, 17, 238. Row 2: 17, 15, 255. Row 3: 19, 15, ?. Find the missing entry.","285","284","283","288","286","A","285","Apply the stated row rule: 19 × 15 = 285.","Original AI-generated practice item","Draft; not expert-reviewed or psychometrically validated",""
"Q0032","LSAT-style","strengthen","LR-strengthen","4","After Dune College introduced peer tutoring, the proportion of students passing mathematics increased. The director concludes that the change caused the increase. Which additional finding most strengthens the causal conclusion?","Some staff preferred the previous practice.","The director expected the change to help.","A randomized trial at comparable organizations found greater improvement in the group introducing peer tutoring than in the group keeping its previous practice.","The new practice has a memorable name.","The organization measured the outcome only once after the change.","C","A randomized trial at comparable organizations found greater improvement in the group introducing peer tutoring than in the group keeping its previous practice.","Random assignment and a comparison group help isolate the effect of the intervention. An expectation or label does not provide comparable evidence.","Original AI-generated practice item","Draft; not expert-reviewed or psychometrically validated",""
"Q0452","IQ-style","multiplication_sequence","IQ-multiplication_sequence","21","Each term is obtained by multiplying the preceding term by the same positive integer: 22, 44, 88, 176, ?. What comes next?","350","355","351","353","352","E","352","The multiplier is 2, so 176 × 2 = 352.","Original AI-generated practice item","Draft; not expert-reviewed or psychometrically validated",""
"Q0122","LSAT-style","strengthen","LR-strengthen","13","After Maple Market introduced loyalty vouchers, weekly purchases increased. The director concludes that the change caused the increase. Which additional finding most strengthens the causal conclusion?","The organization measured the outcome only once after the change.","The director expected the change to help.","Some staff preferred the previous practice.","A randomized trial at comparable organizations found greater improvement in the group introducing loyalty vouchers than in the group keeping its previous practice.","The new practice has a memorable name.","D","A randomized trial at comparable organizations found greater improvement in the group introducing loyalty vouchers than in the group keeping its previous practice.","Random assignment and a comparison group help isolate the effect of the intervention. An expectation or label does not provide comparable evidence.","Original AI-generated practice item","Draft; not expert-reviewed or psychometrically validated",""
"Q0279","IQ-style","spatial_cubes","IQ-spatial_cubes","3","A solid cube has edge length 54 cm. All six outer faces are painted. It is cut into cubes of edge length 9 cm. How many small cubes have no painted face?","125","216","70","65","64","E","64","There are 6 small cubes per edge. Only the interior cubes are unpainted: (6 − 2)^3 = 64.","Original AI-generated practice item","Draft; not expert-reviewed or psychometrically validated",""
"Q0067","LSAT-style","sufficient_assumption","LR-sufficient_assumption","7","At Grove Recycling, every one of its loads that contains electronic waste also goes to a specialist facility. A manager concludes that every one that contains electronic waste also has a tracking record. Which additional premise, if assumed, guarantees the conclusion?","Every one of its loads that has a tracking record also goes to a specialist facility.","Some of its loads that has a tracking record also contains electronic waste.","Every one of its loads that has a tracking record also contains electronic waste.","Every one of its loads that goes to a specialist facility also has a tracking record.","Some of its loads that goes to a specialist facility also has a tracking record.","D","Every one of its loads that goes to a specialist facility also has a tracking record.","Adding B → C closes the chain from A to C. Reversed rules and statements about only some objects do not guarantee the conclusion for every A.","Original AI-generated practice item","Draft; not expert-reviewed or psychometrically validated",""
"Q0290","IQ-style","set_reasoning","IQ-set_reasoning","4","A group has 18 members. 7 solve a word puzzle, 8 solve a number puzzle, and 5 solve both. How many solve at least one of the two puzzles?","8","10","18","9","15","B","10","Count each solver once: 7 + 8 − 5 = 10. Subtract the overlap because it was counted twice.","Original AI-generated practice item","Draft; not expert-reviewed or psychometrically validated",""
"Q0074","LSAT-style","causal_flaw","LR-causal_flaw","8","After Harbor Pool introduced online booking, weekly visits increased. The director concludes that the change caused the increase. The reasoning is vulnerable primarily because it:","Assumes that what is true of every organization must be false of this organization.","Shows that the outcome decreased and then claims it increased.","Rejects the conclusion solely because of the director's character.","Infers that an event is impossible because it is rare.","Treats an improvement following a change as enough to establish that the change produced the improvement.","E","Treats an improvement following a change as enough to establish that the change produced the improvement.","The evidence gives temporal order, but does not rule out other causes.","Original AI-generated practice item","Draft; not expert-reviewed or psychometrically validated",""
"Q0056","LSAT-style","must_be_true","LR-must_be_true","6","At Fern Theatre, every one of its performances that uses pyrotechnics also has a safety officer. Every one that has a safety officer also has an emergency plan. Which statement must be true?","None of its performances that has an emergency plan also has a safety officer.","At least one of its performances uses pyrotechnics.","Every one of its performances that has an emergency plan also uses pyrotechnics.","Every one of its performances that has a safety officer also uses pyrotechnics.","Every one of its performances that uses pyrotechnics also has an emergency plan.","E","Every one of its performances that uses pyrotechnics also has an emergency plan.","The two conditional rules form A → B → C, so A → C. They do not imply their converses or establish that any A exists.","Original AI-generated practice item","Draft; not expert-reviewed or psychometrically validated",""
"Q0366","IQ-style","mental_rotation","IQ-mental_rotation","12","A robot faces north. It turns clockwise by 90 degrees, then moves straight ahead 14 metres without turning again. Which direction is it facing?","Its direction cannot be determined.","east","north","west","south","B","east","A 90-degree clockwise turn moves 1 quarter-turn around north, east, south, west. Forward travel does not change orientation.","Original AI-generated practice item","Draft; not expert-reviewed or psychometrically validated",""
"Q0363","IQ-style","increasing_differences","IQ-increasing_differences","12","Successive differences increase by 1: 16, 29, 43, 58, 74, ?. Find the next term.","94","90","91","89","92","C","91","The differences are 13, 14, 15, 16; the next is 17. Thus 74 + 17 = 91.","Original AI-generated practice item","Draft; not expert-reviewed or psychometrically validated",""
"Q0077","LSAT-style","sufficient_assumption","LR-sufficient_assumption","8","At Harbor Pool, every one of its sessions that admits novice swimmers also has an instructor. A manager concludes that every one that admits novice swimmers also has a designated supervisor. Which additional premise, if assumed, guarantees the conclusion?","Every one of its sessions that has a designated supervisor also admits novice swimmers.","Some of its sessions that has a designated supervisor also admits novice swimmers.","Every one of its sessions that has a designated supervisor also has an instructor.","Some of its sessions that has an instructor also has a designated supervisor.","Every one of its sessions that has an instructor also has a designated supervisor.","E","Every one of its sessions that has an instructor also has a designated supervisor.","Adding B → C closes the chain from A to C. Reversed rules and statements about only some objects do not guarantee the conclusion for every A.","Original AI-generated practice item","Draft; not expert-reviewed or psychometrically validated",""
"Q0089","LSAT-style","necessary_assumption","LR-necessary_assumption","9","Iris Garden plans to fund guided tours entirely by reducing printing costs. The finance officer argues: ""The printing savings will cover the full cost, so we will not need any other funding for the change."" Which assumption is required?","The organization will never print anything again.","No staff member will object to the change.","The new practice will improve every measured outcome.","The printing savings available for the change will be at least as large as its full cost.","Every other possible change would cost more.","D","The printing savings available for the change will be at least as large as its full cost.","If available printing savings are smaller than the full cost, the stated funding conclusion fails. The stronger claims in the other options are unnecessary.","Original AI-generated practice item","Draft; not expert-reviewed or psychometrically validated",""
"Q0308","IQ-style","symbol_operation","IQ-symbol_operation","6","Define the operation a ◆ b as (a × b) + 8. What is 9 ◆ 7?","72","69","74","71","70","D","71","Substitute into the definition: (9 × 7) + 8 = 71.","Original AI-generated practice item","Draft; not expert-reviewed or psychometrically validated",""
"Q0192","LSAT-style","strengthen","LR-strengthen","20","After Tide Aquarium introduced interactive exhibits, average visitor ratings increased. The director concludes that the change caused the increase. Which additional finding most strengthens the causal conclusion?","Some staff preferred the previous practice.","A randomized trial at comparable organizations found greater improvement in the group introducing interactive exhibits than in the group keeping its previous practice.","The director expected the change to help.","The organization measured the outcome only once after the change.","The new practice has a memorable name.","B","A randomized trial at comparable organizations found greater improvement in the group introducing interactive exhibits than in the group keeping its previous practice.","Random assignment and a comparison group help isolate the effect of the intervention. An expectation or label does not provide comparable evidence.","Original AI-generated practice item","Draft; not expert-reviewed or psychometrically validated",""
"Q0061","LSAT-style","weaken","LR-weaken","7","After Grove Recycling introduced curbside collection, the amount of material recycled weekly increased. The director concludes that the change caused the increase. Which finding, if true, most weakens the argument?","The organization had kept records before the change.","The director announced the change in advance.","Some people first heard about the organization several years ago.","At the same time, a major employer began a separate recycling campaign, which independently tends to increase the measured outcome.","Staff discussed several other possible changes.","D","At the same time, a major employer began a separate recycling campaign, which independently tends to increase the measured outcome.","A simultaneous change offers an alternative cause of the improvement. The other findings do not explain the increase.","Original AI-generated practice item","Draft; not expert-reviewed or psychometrically validated",""
"Q0275","IQ-style","letter_coding","IQ-letter_coding","3","A code shifts every letter 4 places forward in the English alphabet, wrapping Z to A. How is FROG encoded?","KWTL","IURJ","MYVN","JVSK","LXUM","D","JVSK","Shift each letter by 4: F→J, R→V, O→S, G→K.","Original AI-generated practice item","Draft; not expert-reviewed or psychometrically validated",""
"Q0053","LSAT-style","evaluate","LR-evaluate","6","After Fern Theatre introduced discount subscriptions, monthly ticket sales increased. The director concludes that the change caused the increase. The answer to which question would be most useful in evaluating the argument?","Does the organization have a short name?","Did comparable organizations that did not introduce discount subscriptions experience a similar increase during the same period?","Was the director the first person to suggest the change?","Was the announcement printed in color?","Do staff prefer morning meetings to afternoon meetings?","B","Did comparable organizations that did not introduce discount subscriptions experience a similar increase during the same period?","An increase in the comparison group would suggest a common outside cause; no such increase would make the causal explanation more credible.","Original AI-generated practice item","Draft; not expert-reviewed or psychometrically validated",""
"Q0282","IQ-style","multiplication_sequence","IQ-multiplication_sequence","4","Each term is obtained by multiplying the preceding term by the same positive integer: 5, 15, 45, 135, ?. What comes next?","405","406","408","403","404","A","405","The multiplier is 3, so 135 × 3 = 405.","Original AI-generated practice item","Draft; not expert-reviewed or psychometrically validated",""
"Q0445","IQ-style","letter_coding","IQ-letter_coding","20","A code shifts every letter 1 place forward in the English alphabet, wrapping Z to A. How is ROAD encoded?","SPBE","VSEH","TQCF","URDG","ROAD","A","SPBE","Shift each letter by 1: R→S, O→P, A→B, D→E.","Original AI-generated practice item","Draft; not expert-reviewed or psychometrically validated",""
"Q0228","LSAT-style","quantifier_inference","LR-quantifier_inference","23","At Willow Parks, some of its events uses amplified sound. Every one of its events that uses amplified sound also has a noise permit. Which conclusion follows logically?","Every one of its events uses amplified sound.","Every one of its events that has a noise permit also uses amplified sound.","None of its events has a noise permit.","Some of its events that uses amplified sound do not satisfy the condition 'has a noise permit'.","Some of its events that has a noise permit also uses amplified sound.","E","Some of its events that has a noise permit also uses amplified sound.","The objects asserted to be A must also be B, establishing at least one object that is both. Nothing establishes that all B are A.","Original AI-generated practice item","Draft; not expert-reviewed or psychometrically validated",""
"Q0075","LSAT-style","main_conclusion","LR-main_conclusion","8","The board of Harbor Pool should retain online booking for another year. A pilot linked the change with an increase in weekly visits, and the additional operating cost was small. Although the pilot is not conclusive, its results justify a longer trial. Which statement best expresses the main recommendation?","The board should retain online booking for another year.","The additional operating cost was small.","Every inexpensive pilot should become a permanent policy.","The pilot linked the change with an increase in weekly visits.","The pilot was not conclusive.","A","The board should retain online booking for another year.","The recommendation to continue for a year is the main claim supported by the pilot results and low cost. The remaining relevant statements are reasons or qualifications.","Original AI-generated practice item","Draft; not expert-reviewed or psychometrically validated",""
"Q0281","IQ-style","number_sequence","IQ-number_sequence","4","The sequence follows a constant-addition rule: 6, 12, 18, 24, 30, ?. What is the missing number?","35","37","34","36","39","D","36","Add 6 each time; 30 + 6 = 36.","Original AI-generated practice item","Draft; not expert-reviewed or psychometrically validated",""
"Q0133","LSAT-style","evaluate","LR-evaluate","14","After North Observatory introduced public lectures, monthly visitor numbers increased. The director concludes that the change caused the increase. The answer to which question would be most useful in evaluating the argument?","Was the announcement printed in color?","Do staff prefer morning meetings to afternoon meetings?","Did comparable organizations that did not introduce public lectures experience a similar increase during the same period?","Was the director the first person to suggest the change?","Does the organization have a short name?","C","Did comparable organizations that did not introduce public lectures experience a similar increase during the same period?","An increase in the comparison group would suggest a common outside cause; no such increase would make the causal explanation more credible.","Original AI-generated practice item","Draft; not expert-reviewed or psychometrically validated",""
"Q0268","IQ-style","symbol_operation","IQ-symbol_operation","2","Define the operation a ◆ b as (a × b) + 4. What is 5 ◆ 3?","18","22","20","19","17","D","19","Substitute into the definition: (5 × 3) + 4 = 19.","Original AI-generated practice item","Draft; not expert-reviewed or psychometrically validated",""
"Q0090","LSAT-style","principle_application","LR-principle_application","9","Iris Garden adopts this rule: Approve a pilot if, and only if, its total cost is below 8,000 credits and it can be reversed within one month. A pilot of guided tours costs 3800 credits and can be reversed in two weeks. Which judgment follows from the rule?","Reject it because every pilot must cost nothing.","The rule gives no basis for deciding whether to approve it.","Approve this pilot because it satisfies both required conditions.","Approve it only if it is certain to succeed.","Reject it because reversibility is irrelevant.","C","Approve this pilot because it satisfies both required conditions.","Its cost of 3800 credits is below 8,000, and two weeks is within one month. Both necessary and sufficient conditions hold.","Original AI-generated practice item","Draft; not expert-reviewed or psychometrically validated",""
"Q0458","IQ-style","symbol_operation","IQ-symbol_operation","21","Define the operation a ◆ b as (a × b) + 23. What is 24 ◆ 22?","552","554","550","549","551","E","551","Substitute into the definition: (24 × 22) + 23 = 551.","Original AI-generated practice item","Draft; not expert-reviewed or psychometrically validated",""
"Q0475","IQ-style","letter_coding","IQ-letter_coding","23","A code shifts every letter 4 places forward in the English alphabet, wrapping Z to A. How is BEAR encoded?","GJFW","ILHY","HKGX","EHDU","FIEV","E","FIEV","Shift each letter by 4: B→F, E→I, A→E, R→V.","Original AI-generated practice item","Draft; not expert-reviewed or psychometrically validated",""
"Q0372","IQ-style","multiplication_sequence","IQ-multiplication_sequence","13","Each term is obtained by multiplying the preceding term by the same positive integer: 14, 42, 126, 378, ?. What comes next?","1137","1132","1134","1135","1133","C","1134","The multiplier is 3, so 378 × 3 = 1134.","Original AI-generated practice item","Draft; not expert-reviewed or psychometrically validated",""
"Q0156","LSAT-style","must_be_true","LR-must_be_true","16","At Pine Delivery, every one of its vehicles that carries heavy cargo also has a reinforced suspension. Every one that has a reinforced suspension also has a maintenance certificate. Which statement must be true?","Every one of its vehicles that carries heavy cargo also has a maintenance certificate.","Every one of its vehicles that has a reinforced suspension also carries heavy cargo.","Every one of its vehicles that has a maintenance certificate also carries heavy cargo.","At least one of its vehicles carries heavy cargo.","None of its vehicles that has a maintenance certificate also has a reinforced suspension.","A","Every one of its vehicles that carries heavy cargo also has a maintenance certificate.","The two conditional rules form A → B → C, so A → C. They do not imply their converses or establish that any A exists.","Original AI-generated practice item","Draft; not expert-reviewed or psychometrically validated",""
"Q0374","IQ-style","number_matrix","IQ-number_matrix","13","In each row, the third number equals the first multiplied by the second. Row 1: 15, 18, 270. Row 2: 18, 16, 288. Row 3: 20, 16, ?. Find the missing entry.","323","320","319","321","318","B","320","Apply the stated row rule: 20 × 16 = 320.","Original AI-generated practice item","Draft; not expert-reviewed or psychometrically validated",""
"Q0403","IQ-style","increasing_differences","IQ-increasing_differences","16","Successive differences increase by 1: 20, 37, 55, 74, 94, ?. Find the next term.","114","115","118","113","116","B","115","The differences are 17, 18, 19, 20; the next is 21. Thus 94 + 21 = 115.","Original AI-generated practice item","Draft; not expert-reviewed or psychometrically validated",""
"Q0270","IQ-style","set_reasoning","IQ-set_reasoning","2","A group has 14 members. 5 solve a word puzzle, 6 solve a number puzzle, and 3 solve both. How many solve at least one of the two puzzles?","11","7","8","6","14","C","8","Count each solver once: 5 + 6 − 3 = 8. Subtract the overlap because it was counted twice.","Original AI-generated practice item","Draft; not expert-reviewed or psychometrically validated",""
"Q0094","LSAT-style","causal_flaw","LR-causal_flaw","10","After Juniper Workshop introduced tool reservations, the number of projects completed monthly increased. The director concludes that the change caused the increase. The reasoning is vulnerable primarily because it:","Rejects the conclusion solely because of the director's character.","Shows that the outcome decreased and then claims it increased.","Infers that an event is impossible because it is rare.","Treats an improvement following a change as enough to establish that the change produced the improvement.","Assumes that what is true of every organization must be false of this organization.","D","Treats an improvement following a change as enough to establish that the change produced the improvement.","The evidence gives temporal order, but does not rule out other causes.","Original AI-generated practice item","Draft; not expert-reviewed or psychometrically validated",""
"Q0453","IQ-style","increasing_differences","IQ-increasing_differences","21","Successive differences increase by 1: 25, 47, 70, 94, 119, ?. Find the next term.","144","146","145","143","148","C","145","The differences are 22, 23, 24, 25; the next is 26. Thus 119 + 26 = 145.","Original AI-generated practice item","Draft; not expert-reviewed or psychometrically validated",""
"Q0446","IQ-style","mental_rotation","IQ-mental_rotation","20","A robot faces north. It turns clockwise by 270 degrees, then moves straight ahead 22 metres without turning again. Which direction is it facing?","south","north","west","Its direction cannot be determined.","east","C","west","A 270-degree clockwise turn moves 3 quarter-turns around north, east, south, west. Forward travel does not change orientation.","Original AI-generated practice item","Draft; not expert-reviewed or psychometrically validated",""
"Q0355","IQ-style","letter_coding","IQ-letter_coding","11","A code shifts every letter 2 places forward in the English alphabet, wrapping Z to A. How is ROCK encoded?","WTHP","SPDL","VSGO","URFN","TQEM","E","TQEM","Shift each letter by 2: R→T, O→Q, C→E, K→M.","Original AI-generated practice item","Draft; not expert-reviewed or psychometrically validated",""
"Q0476","IQ-style","mental_rotation","IQ-mental_rotation","23","A robot faces west. It turns clockwise by 270 degrees, then moves straight ahead 25 metres without turning again. Which direction is it facing?","east","west","Its direction cannot be determined.","north","south","E","south","A 270-degree clockwise turn moves 3 quarter-turns around north, east, south, west. Forward travel does not change orientation.","Original AI-generated practice item","Draft; not expert-reviewed or psychometrically validated",""
"Q0474","IQ-style","number_matrix","IQ-number_matrix","23","In each row, the third number equals the first multiplied by the second. Row 1: 25, 28, 700. Row 2: 28, 26, 728. Row 3: 30, 26, ?. Find the missing entry.","781","783","780","778","779","C","780","Apply the stated row rule: 30 × 26 = 780.","Original AI-generated practice item","Draft; not expert-reviewed or psychometrically validated",""
"Q0246","LSAT-style","must_be_true","LR-must_be_true","25","At Yarrow Centre, every one of its programmes that accepts young children also has a safeguarding officer. Every one that has a safeguarding officer also has an approved supervision plan. Which statement must be true?","None of its programmes that has an approved supervision plan also has a safeguarding officer.","At least one of its programmes accepts young children.","Every one of its programmes that has a safeguarding officer also accepts young children.","Every one of its programmes that accepts young children also has an approved supervision plan.","Every one of its programmes that has an approved supervision plan also accepts young children.","D","Every one of its programmes that accepts young children also has an approved supervision plan.","The two conditional rules form A → B → C, so A → C. They do not imply their converses or establish that any A exists.","Original AI-generated practice item","Draft; not expert-reviewed or psychometrically validated",""
"Q0126","LSAT-style","must_be_true","LR-must_be_true","13","At Maple Market, every one of its stalls that sells refrigerated products also has electrical service. Every one that has electrical service also has an inspected connection. Which statement must be true?","Every one of its stalls that sells refrigerated products also has an inspected connection.","None of its stalls that has an inspected connection also has electrical service.","Every one of its stalls that has an inspected connection also sells refrigerated products.","At least one of its stalls sells refrigerated products.","Every one of its stalls that has electrical service also sells refrigerated products.","A","Every one of its stalls that sells refrigerated products also has an inspected connection.","The two conditional rules form A → B → C, so A → C. They do not imply their converses or establish that any A exists.","Original AI-generated practice item","Draft; not expert-reviewed or psychometrically validated",""
"Q0287","IQ-style","ordering","IQ-ordering","4","Five people each receive a different rank in contest 4. Dee finishes ahead of Cy, Cy ahead of Bo, Bo ahead of Ari, and Ari ahead of Eli. Who finishes fifth?","Cy","Eli","Ari","Bo","Dee","B","Eli","The complete order from first to fifth is Dee, Cy, Bo, Ari, Eli.","Original AI-generated practice item","Draft; not expert-reviewed or psychometrically validated",""
"Q0291","IQ-style","number_sequence","IQ-number_sequence","5","The sequence follows a constant-addition rule: 7, 14, 21, 28, 35, ?. What is the missing number?","43","42","41","40","45","B","42","Add 7 each time; 35 + 7 = 42.","Original AI-generated practice item","Draft; not expert-reviewed or psychometrically validated",""
"Q0029","LSAT-style","necessary_assumption","LR-necessary_assumption","3","Cedar Transit plans to fund live arrival displays entirely by reducing printing costs. The finance officer argues: ""The printing savings will cover the full cost, so we will not need any other funding for the change."" Which assumption is required?","The printing savings available for the change will be at least as large as its full cost.","Every other possible change would cost more.","No staff member will object to the change.","The organization will never print anything again.","The new practice will improve every measured outcome.","A","The printing savings available for the change will be at least as large as its full cost.","If available printing savings are smaller than the full cost, the stated funding conclusion fails. The stronger claims in the other options are unnecessary.","Original AI-generated practice item","Draft; not expert-reviewed or psychometrically validated",""
"Q0213","LSAT-style","evaluate","LR-evaluate","22","After Vale Hostel introduced self-service check-in, average guest ratings increased. The director concludes that the change caused the increase. The answer to which question would be most useful in evaluating the argument?","Was the director the first person to suggest the change?","Did comparable organizations that did not introduce self-service check-in experience a similar increase during the same period?","Do staff prefer morning meetings to afternoon meetings?","Was the announcement printed in color?","Does the organization have a short name?","B","Did comparable organizations that did not introduce self-service check-in experience a similar increase during the same period?","An increase in the comparison group would suggest a common outside cause; no such increase would make the causal explanation more credible.","Original AI-generated practice item","Draft; not expert-reviewed or psychometrically validated",""
"Q0159","LSAT-style","necessary_assumption","LR-necessary_assumption","16","Pine Delivery plans to fund routing software entirely by reducing printing costs. The finance officer argues: ""The printing savings will cover the full cost, so we will not need any other funding for the change."" Which assumption is required?","Every other possible change would cost more.","The organization will never print anything again.","No staff member will object to the change.","The printing savings available for the change will be at least as large as its full cost.","The new practice will improve every measured outcome.","D","The printing savings available for the change will be at least as large as its full cost.","If available printing savings are smaller than the full cost, the stated funding conclusion fails. The stronger claims in the other options are unnecessary.","Original AI-generated practice item","Draft; not expert-reviewed or psychometrically validated",""
"Q0267","IQ-style","ordering","IQ-ordering","2","Five people each receive a different rank in contest 2. Bo finishes ahead of Ari, Ari ahead of Eli, Eli ahead of Dee, and Dee ahead of Cy. Who finishes third?","Bo","Cy","Dee","Eli","Ari","D","Eli","The complete order from first to fifth is Bo, Ari, Eli, Dee, Cy.","Original AI-generated practice item","Draft; not expert-reviewed or psychometrically validated",""
"Q0127","LSAT-style","sufficient_assumption","LR-sufficient_assumption","13","At Maple Market, every one of its stalls that sells refrigerated products also has electrical service. A manager concludes that every one that sells refrigerated products also has an inspected connection. Which additional premise, if assumed, guarantees the conclusion?","Some of its stalls that has electrical service also has an inspected connection.","Every one of its stalls that has electrical service also has an inspected connection.","Some of its stalls that has an inspected connection also sells refrigerated products.","Every one of its stalls that has an inspected connection also sells refrigerated products.","Every one of its stalls that has an inspected connection also has electrical service.","B","Every one of its stalls that has electrical service also has an inspected connection.","Adding B → C closes the chain from A to C. Reversed rules and statements about only some objects do not guarantee the conclusion for every A.","Original AI-generated practice item","Draft; not expert-reviewed or psychometrically validated",""
"Q0176","LSAT-style","must_be_true","LR-must_be_true","18","At Reed Orchestra, every one of its instruments that is loaned to a student also has an assigned borrower. Every one that has an assigned borrower also has a loan record. Which statement must be true?","Every one of its instruments that is loaned to a student also has a loan record.","Every one of its instruments that has an assigned borrower also is loaned to a student.","At least one of its instruments is loaned to a student.","None of its instruments that has a loan record also has an assigned borrower.","Every one of its instruments that has a loan record also is loaned to a student.","A","Every one of its instruments that is loaned to a student also has a loan record.","The two conditional rules form A → B → C, so A → C. They do not imply their converses or establish that any A exists.","Original AI-generated practice item","Draft; not expert-reviewed or psychometrically validated",""
"Q0028","LSAT-style","quantifier_inference","LR-quantifier_inference","3","At Cedar Transit, some of its routes runs overnight. Every one of its routes that runs overnight also has a backup driver. Which conclusion follows logically?","Every one of its routes that has a backup driver also runs overnight.","None of its routes has a backup driver.","Every one of its routes runs overnight.","Some of its routes that has a backup driver also runs overnight.","Some of its routes that runs overnight do not satisfy the condition 'has a backup driver'.","D","Some of its routes that has a backup driver also runs overnight.","The objects asserted to be A must also be B, establishing at least one object that is both. Nothing establishes that all B are A.","Original AI-generated practice item","Draft; not expert-reviewed or psychometrically validated",""
"Q0147","LSAT-style","sufficient_assumption","LR-sufficient_assumption","15","At Oak Shelter, every one of its volunteers that handles nervous animals also has specialist training. A manager concludes that every one that handles nervous animals also has passed an assessment. Which additional premise, if assumed, guarantees the conclusion?","Every one of its volunteers that has passed an assessment also has specialist training.","Every one of its volunteers that has passed an assessment also handles nervous animals.","Some of its volunteers that has specialist training also has passed an assessment.","Some of its volunteers that has passed an assessment also handles nervous animals.","Every one of its volunteers that has specialist training also has passed an assessment.","E","Every one of its volunteers that has specialist training also has passed an assessment.","Adding B → C closes the chain from A to C. Reversed rules and statements about only some objects do not guarantee the conclusion for every A.","Original AI-generated practice item","Draft; not expert-reviewed or psychometrically validated",""
"Q0424","IQ-style","number_matrix","IQ-number_matrix","18","In each row, the third number equals the first multiplied by the second. Row 1: 20, 23, 460. Row 2: 23, 21, 483. Row 3: 25, 21, ?. Find the missing entry.","526","524","523","525","528","D","525","Apply the stated row rule: 25 × 21 = 525.","Original AI-generated practice item","Draft; not expert-reviewed or psychometrically validated",""
"Q0266","IQ-style","mental_rotation","IQ-mental_rotation","2","A robot faces south. It turns clockwise by 270 degrees, then moves straight ahead 4 metres without turning again. Which direction is it facing?","Its direction cannot be determined.","east","south","north","west","B","east","A 270-degree clockwise turn moves 3 quarter-turns around north, east, south, west. Forward travel does not change orientation.","Original AI-generated practice item","Draft; not expert-reviewed or psychometrically validated",""
"Q0376","IQ-style","mental_rotation","IQ-mental_rotation","13","A robot faces east. It turns clockwise by 180 degrees, then moves straight ahead 15 metres without turning again. Which direction is it facing?","east","south","north","west","Its direction cannot be determined.","D","west","A 180-degree clockwise turn moves 2 quarter-turns around north, east, south, west. Forward travel does not change orientation.","Original AI-generated practice item","Draft; not expert-reviewed or psychometrically validated",""
"Q0103","LSAT-style","evaluate","LR-evaluate","11","After Kestrel Archive introduced a searchable catalogue, weekly document requests fulfilled increased. The director concludes that the change caused the increase. The answer to which question would be most useful in evaluating the argument?","Was the announcement printed in color?","Do staff prefer morning meetings to afternoon meetings?","Does the organization have a short name?","Was the director the first person to suggest the change?","Did comparable organizations that did not introduce a searchable catalogue experience a similar increase during the same period?","E","Did comparable organizations that did not introduce a searchable catalogue experience a similar increase during the same period?","An increase in the comparison group would suggest a common outside cause; no such increase would make the causal explanation more credible.","Original AI-generated practice item","Draft; not expert-reviewed or psychometrically validated",""
"Q0451","IQ-style","number_sequence","IQ-number_sequence","21","The sequence follows a constant-addition rule: 23, 25, 27, 29, 31, ?. What is the missing number?","33","34","31","36","32","A","33","Add 2 each time; 31 + 2 = 33.","Original AI-generated practice item","Draft; not expert-reviewed or psychometrically validated",""
"Q0429","IQ-style","spatial_cubes","IQ-spatial_cubes","18","A solid cube has edge length 120 cm. All six outer faces are painted. It is cut into cubes of edge length 24 cm. How many small cubes have no painted face?","125","64","32","28","27","E","27","There are 5 small cubes per edge. Only the interior cubes are unpainted: (5 − 2)^3 = 27.","Original AI-generated practice item","Draft; not expert-reviewed or psychometrically validated",""
"Q0201","LSAT-style","weaken","LR-weaken","21","After Umber Studio introduced weekly feedback sessions, the number of assignments completed on time increased. The director concludes that the change caused the increase. Which finding, if true, most weakens the argument?","The director announced the change in advance.","The organization had kept records before the change.","Some people first heard about the organization several years ago.","At the same time, assignment deadlines were extended, which independently tends to increase the measured outcome.","Staff discussed several other possible changes.","D","At the same time, assignment deadlines were extended, which independently tends to increase the measured outcome.","A simultaneous change offers an alternative cause of the improvement. The other findings do not explain the increase.","Original AI-generated practice item","Draft; not expert-reviewed or psychometrically validated",""
"Q0118","LSAT-style","quantifier_inference","LR-quantifier_inference","12","At Larch Clinic, some of its records is marked confidential. Every one of its records that is marked confidential also requires access authorization. Which conclusion follows logically?","Some of its records that is marked confidential do not satisfy the condition 'requires access authorization'.","Every one of its records that requires access authorization also is marked confidential.","Every one of its records is marked confidential.","None of its records requires access authorization.","Some of its records that requires access authorization also is marked confidential.","E","Some of its records that requires access authorization also is marked confidential.","The objects asserted to be A must also be B, establishing at least one object that is both. Nothing establishes that all B are A.","Original AI-generated practice item","Draft; not expert-reviewed or psychometrically validated",""
"Q0437","IQ-style","ordering","IQ-ordering","19","Five people each receive a different rank in contest 19. Eli finishes ahead of Ari, Ari ahead of Bo, Bo ahead of Cy, and Cy ahead of Dee. Who finishes fifth?","Bo","Ari","Eli","Dee","Cy","D","Dee","The complete order from first to fifth is Eli, Ari, Bo, Cy, Dee.","Original AI-generated practice item","Draft; not expert-reviewed or psychometrically validated",""
"Q0278","IQ-style","symbol_operation","IQ-symbol_operation","3","Define the operation a ◆ b as (a × b) + 5. What is 6 ◆ 4?","32","29","30","28","27","B","29","Substitute into the definition: (6 × 4) + 5 = 29.","Original AI-generated practice item","Draft; not expert-reviewed or psychometrically validated",""
"Q0253","IQ-style","increasing_differences","IQ-increasing_differences","1","Successive differences increase by 1: 5, 7, 10, 14, 19, ?. Find the next term.","26","23","28","25","24","D","25","The differences are 2, 3, 4, 5; the next is 6. Thus 19 + 6 = 25.","Original AI-generated practice item","Draft; not expert-reviewed or psychometrically validated",""
"Q0314","IQ-style","number_matrix","IQ-number_matrix","7","In each row, the third number equals the first multiplied by the second. Row 1: 9, 12, 108. Row 2: 12, 10, 120. Row 3: 14, 10, ?. Find the missing entry.","143","140","139","141","138","B","140","Apply the stated row rule: 14 × 10 = 140.","Original AI-generated practice item","Draft; not expert-reviewed or psychometrically validated",""
"Q0465","IQ-style","letter_coding","IQ-letter_coding","22","A code shifts every letter 3 places forward in the English alphabet, wrapping Z to A. How is LION encoded?","OLRQ","NKQP","ROUT","QNTS","PMSR","A","OLRQ","Shift each letter by 3: L→O, I→L, O→R, N→Q.","Original AI-generated practice item","Draft; not expert-reviewed or psychometrically validated",""
"Q0202","LSAT-style","strengthen","LR-strengthen","21","After Umber Studio introduced weekly feedback sessions, the number of assignments completed on time increased. The director concludes that the change caused the increase. Which additional finding most strengthens the causal conclusion?","The organization measured the outcome only once after the change.","A randomized trial at comparable organizations found greater improvement in the group introducing weekly feedback sessions than in the group keeping its previous practice.","The director expected the change to help.","Some staff preferred the previous practice.","The new practice has a memorable name.","B","A randomized trial at comparable organizations found greater improvement in the group introducing weekly feedback sessions than in the group keeping its previous practice.","Random assignment and a comparison group help isolate the effect of the intervention. An expectation or label does not provide comparable evidence.","Original AI-generated practice item","Draft; not expert-reviewed or psychometrically validated",""
"Q0257","IQ-style","ordering","IQ-ordering","1","Five people each receive a different rank in contest 1. Bo finishes ahead of Cy, Cy ahead of Dee, Dee ahead of Eli, and Eli ahead of Ari. Who finishes second?","Dee","Ari","Bo","Eli","Cy","E","Cy","The complete order from first to fifth is Bo, Cy, Dee, Eli, Ari.","Original AI-generated practice item","Draft; not expert-reviewed or psychometrically validated",""
"Q0309","IQ-style","spatial_cubes","IQ-spatial_cubes","6","A solid cube has edge length 60 cm. All six outer faces are painted. It is cut into cubes of edge length 12 cm. How many small cubes have no painted face?","32","125","27","64","28","C","27","There are 5 small cubes per edge. Only the interior cubes are unpainted: (5 − 2)^3 = 27.","Original AI-generated practice item","Draft; not expert-reviewed or psychometrically validated",""
"Q0171","LSAT-style","weaken","LR-weaken","18","After Reed Orchestra introduced short preview concerts, season ticket sales increased. The director concludes that the change caused the increase. Which finding, if true, most weakens the argument?","The director announced the change in advance.","Staff discussed several other possible changes.","Some people first heard about the organization several years ago.","The organization had kept records before the change.","At the same time, the orchestra hired a famous conductor, which independently tends to increase the measured outcome.","E","At the same time, the orchestra hired a famous conductor, which independently tends to increase the measured outcome.","A simultaneous change offers an alternative cause of the improvement. The other findings do not explain the increase.","Original AI-generated practice item","Draft; not expert-reviewed or psychometrically validated",""
"Q0320","IQ-style","set_reasoning","IQ-set_reasoning","7","A group has 24 members. 10 solve a word puzzle, 11 solve a number puzzle, and 3 solve both. How many solve at least one of the two puzzles?","17","16","21","24","18","E","18","Count each solver once: 10 + 11 − 3 = 18. Subtract the overlap because it was counted twice.","Original AI-generated practice item","Draft; not expert-reviewed or psychometrically validated",""
"Q0142","LSAT-style","strengthen","LR-strengthen","15","After Oak Shelter introduced volunteer training, the number of animals adopted monthly increased. The director concludes that the change caused the increase. Which additional finding most strengthens the causal conclusion?","The organization measured the outcome only once after the change.","The director expected the change to help.","A randomized trial at comparable organizations found greater improvement in the group introducing volunteer training than in the group keeping its previous practice.","Some staff preferred the previous practice.","The new practice has a memorable name.","C","A randomized trial at comparable organizations found greater improvement in the group introducing volunteer training than in the group keeping its previous practice.","Random assignment and a comparison group help isolate the effect of the intervention. An expectation or label does not provide comparable evidence.","Original AI-generated practice item","Draft; not expert-reviewed or psychometrically validated",""
"Q0488","IQ-style","symbol_operation","IQ-symbol_operation","24","Define the operation a ◆ b as (a × b) + 26. What is 27 ◆ 25?","704","699","701","702","700","C","701","Substitute into the definition: (27 × 25) + 26 = 701.","Original AI-generated practice item","Draft; not expert-reviewed or psychometrically validated",""
"Q0036","LSAT-style","must_be_true","LR-must_be_true","4","At Dune College, every one of its courses that includes laboratory work also has a safety briefing. Every one that has a safety briefing also has an approved syllabus. Which statement must be true?","Every one of its courses that has an approved syllabus also includes laboratory work.","Every one of its courses that includes laboratory work also has an approved syllabus.","At least one of its courses includes laboratory work.","None of its courses that has an approved syllabus also has a safety briefing.","Every one of its courses that has a safety briefing also includes laboratory work.","B","Every one of its courses that includes laboratory work also has an approved syllabus.","The two conditional rules form A → B → C, so A → C. They do not imply their converses or establish that any A exists.","Original AI-generated practice item","Draft; not expert-reviewed or psychometrically validated",""
"Q0321","IQ-style","number_sequence","IQ-number_sequence","8","The sequence follows a constant-addition rule: 10, 13, 16, 19, 22, ?. What is the missing number?","24","25","28","26","23","B","25","Add 3 each time; 22 + 3 = 25.","Original AI-generated practice item","Draft; not expert-reviewed or psychometrically validated",""
"Q0112","LSAT-style","strengthen","LR-strengthen","12","After Larch Clinic introduced appointment reminders, the proportion of patients arriving on time increased. The director concludes that the change caused the increase. Which additional finding most strengthens the causal conclusion?","A randomized trial at comparable organizations found greater improvement in the group introducing appointment reminders than in the group keeping its previous practice.","The director expected the change to help.","Some staff preferred the previous practice.","The new practice has a memorable name.","The organization measured the outcome only once after the change.","A","A randomized trial at comparable organizations found greater improvement in the group introducing appointment reminders than in the group keeping its previous practice.","Random assignment and a comparison group help isolate the effect of the intervention. An expectation or label does not provide comparable evidence.","Original AI-generated practice item","Draft; not expert-reviewed or psychometrically validated",""
"Q0055","LSAT-style","main_conclusion","LR-main_conclusion","6","The board of Fern Theatre should retain discount subscriptions for another year. A pilot linked the change with an increase in monthly ticket sales, and the additional operating cost was small. Although the pilot is not conclusive, its results justify a longer trial. Which statement best expresses the main recommendation?","The additional operating cost was small.","The pilot linked the change with an increase in monthly ticket sales.","Every inexpensive pilot should become a permanent policy.","The board should retain discount subscriptions for another year.","The pilot was not conclusive.","D","The board should retain discount subscriptions for another year.","The recommendation to continue for a year is the main claim supported by the pilot results and low cost. The remaining relevant statements are reasons or qualifications.","Original AI-generated practice item","Draft; not expert-reviewed or psychometrically validated",""
"Q0496","IQ-style","mental_rotation","IQ-mental_rotation","25","A robot faces east. It turns clockwise by 180 degrees, then moves straight ahead 27 metres without turning again. Which direction is it facing?","south","Its direction cannot be determined.","west","north","east","C","west","A 180-degree clockwise turn moves 2 quarter-turns around north, east, south, west. Forward travel does not change orientation.","Original AI-generated practice item","Draft; not expert-reviewed or psychometrically validated",""
"Q0096","LSAT-style","must_be_true","LR-must_be_true","10","At Juniper Workshop, every one of its members that uses the industrial saw also has safety certification. Every one that has safety certification also has completed an assessment. Which statement must be true?","Every one of its members that has safety certification also uses the industrial saw.","At least one of its members uses the industrial saw.","Every one of its members that uses the industrial saw also has completed an assessment.","None of its members that has completed an assessment also has safety certification.","Every one of its members that has completed an assessment also uses the industrial saw.","C","Every one of its members that uses the industrial saw also has completed an assessment.","The two conditional rules form A → B → C, so A → C. They do not imply their converses or establish that any A exists.","Original AI-generated practice item","Draft; not expert-reviewed or psychometrically validated",""
"Q0299","IQ-style","spatial_cubes","IQ-spatial_cubes","5","A solid cube has edge length 44 cm. All six outer faces are painted. It is cut into cubes of edge length 11 cm. How many small cubes have no painted face?","12","9","8","27","64","C","8","There are 4 small cubes per edge. Only the interior cubes are unpainted: (4 − 2)^3 = 8.","Original AI-generated practice item","Draft; not expert-reviewed or psychometrically validated",""
"Q0265","IQ-style","letter_coding","IQ-letter_coding","2","A code shifts every letter 3 places forward in the English alphabet, wrapping Z to A. How is LAMP encoded?","PEQT","RGSV","NCOR","QFRU","ODPS","E","ODPS","Shift each letter by 3: L→O, A→D, M→P, P→S.","Original AI-generated practice item","Draft; not expert-reviewed or psychometrically validated",""
"Q0297","IQ-style","ordering","IQ-ordering","5","Five people each receive a different rank in contest 5. Ari finishes ahead of Bo, Bo ahead of Cy, Cy ahead of Dee, and Dee ahead of Eli. Who finishes first?","Dee","Cy","Bo","Ari","Eli","D","Ari","The complete order from first to fifth is Ari, Bo, Cy, Dee, Eli.","Original AI-generated practice item","Draft; not expert-reviewed or psychometrically validated",""
"Q0062","LSAT-style","strengthen","LR-strengthen","7","After Grove Recycling introduced curbside collection, the amount of material recycled weekly increased. The director concludes that the change caused the increase. Which additional finding most strengthens the causal conclusion?","A randomized trial at comparable organizations found greater improvement in the group introducing curbside collection than in the group keeping its previous practice.","Some staff preferred the previous practice.","The organization measured the outcome only once after the change.","The new practice has a memorable name.","The director expected the change to help.","A","A randomized trial at comparable organizations found greater improvement in the group introducing curbside collection than in the group keeping its previous practice.","Random assignment and a comparison group help isolate the effect of the intervention. An expectation or label does not provide comparable evidence.","Original AI-generated practice item","Draft; not expert-reviewed or psychometrically validated",""
"Q0191","LSAT-style","weaken","LR-weaken","20","After Tide Aquarium introduced interactive exhibits, average visitor ratings increased. The director concludes that the change caused the increase. Which finding, if true, most weakens the argument?","Staff discussed several other possible changes.","The director announced the change in advance.","The organization had kept records before the change.","Some people first heard about the organization several years ago.","At the same time, several popular new species arrived, which independently tends to increase the measured outcome.","E","At the same time, several popular new species arrived, which independently tends to increase the measured outcome.","A simultaneous change offers an alternative cause of the improvement. The other findings do not explain the increase.","Original AI-generated practice item","Draft; not expert-reviewed or psychometrically validated",""
"Q0459","IQ-style","spatial_cubes","IQ-spatial_cubes","21","A solid cube has edge length 108 cm. All six outer faces are painted. It is cut into cubes of edge length 27 cm. How many small cubes have no painted face?","27","9","64","8","12","D","8","There are 4 small cubes per edge. Only the interior cubes are unpainted: (4 − 2)^3 = 8.","Original AI-generated practice item","Draft; not expert-reviewed or psychometrically validated",""
"Q0165","LSAT-style","main_conclusion","LR-main_conclusion","17","The board of Quartz School should retain breakfast service for another year. A pilot linked the change with an increase in average attendance, and the additional operating cost was small. Although the pilot is not conclusive, its results justify a longer trial. Which statement best expresses the main recommendation?","The pilot was not conclusive.","The pilot linked the change with an increase in average attendance.","The board should retain breakfast service for another year.","The additional operating cost was small.","Every inexpensive pilot should become a permanent policy.","C","The board should retain breakfast service for another year.","The recommendation to continue for a year is the main claim supported by the pilot results and low cost. The remaining relevant statements are reasons or qualifications.","Original AI-generated practice item","Draft; not expert-reviewed or psychometrically validated",""
"Q0410","IQ-style","set_reasoning","IQ-set_reasoning","16","A group has 42 members. 19 solve a word puzzle, 20 solve a number puzzle, and 2 solve both. How many solve at least one of the two puzzles?","35","42","36","37","39","D","37","Count each solver once: 19 + 20 − 2 = 37. Subtract the overlap because it was counted twice.","Original AI-generated practice item","Draft; not expert-reviewed or psychometrically validated",""
"Q0357","IQ-style","ordering","IQ-ordering","11","Five people each receive a different rank in contest 11. Bo finishes ahead of Cy, Cy ahead of Dee, Dee ahead of Eli, and Eli ahead of Ari. Who finishes second?","Eli","Cy","Dee","Ari","Bo","B","Cy","The complete order from first to fifth is Bo, Cy, Dee, Eli, Ari.","Original AI-generated practice item","Draft; not expert-reviewed or psychometrically validated",""
"Q0416","IQ-style","mental_rotation","IQ-mental_rotation","17","A robot faces east. It turns clockwise by 270 degrees, then moves straight ahead 19 metres without turning again. Which direction is it facing?","south","east","north","Its direction cannot be determined.","west","C","north","A 270-degree clockwise turn moves 3 quarter-turns around north, east, south, west. Forward travel does not change orientation.","Original AI-generated practice item","Draft; not expert-reviewed or psychometrically validated",""
"Q0286","IQ-style","mental_rotation","IQ-mental_rotation","4","A robot faces north. It turns clockwise by 180 degrees, then moves straight ahead 6 metres without turning again. Which direction is it facing?","north","east","Its direction cannot be determined.","west","south","E","south","A 180-degree clockwise turn moves 2 quarter-turns around north, east, south, west. Forward travel does not change orientation.","Original AI-generated practice item","Draft; not expert-reviewed or psychometrically validated",""
"Q0223","LSAT-style","evaluate","LR-evaluate","23","After Willow Parks introduced outdoor exercise classes, weekly park visits increased. The director concludes that the change caused the increase. The answer to which question would be most useful in evaluating the argument?","Do staff prefer morning meetings to afternoon meetings?","Was the director the first person to suggest the change?","Was the announcement printed in color?","Did comparable organizations that did not introduce outdoor exercise classes experience a similar increase during the same period?","Does the organization have a short name?","D","Did comparable organizations that did not introduce outdoor exercise classes experience a similar increase during the same period?","An increase in the comparison group would suggest a common outside cause; no such increase would make the causal explanation more credible.","Original AI-generated practice item","Draft; not expert-reviewed or psychometrically validated",""
"Q0430","IQ-style","set_reasoning","IQ-set_reasoning","18","A group has 46 members. 21 solve a word puzzle, 22 solve a number puzzle, and 4 solve both. How many solve at least one of the two puzzles?","46","37","38","39","43","D","39","Count each solver once: 21 + 22 − 4 = 39. Subtract the overlap because it was counted twice.","Original AI-generated practice item","Draft; not expert-reviewed or psychometrically validated",""
"Q0071","LSAT-style","weaken","LR-weaken","8","After Harbor Pool introduced online booking, weekly visits increased. The director concludes that the change caused the increase. Which finding, if true, most weakens the argument?","Some people first heard about the organization several years ago.","Staff discussed several other possible changes.","The director announced the change in advance.","At the same time, a competing pool closed, which independently tends to increase the measured outcome.","The organization had kept records before the change.","D","At the same time, a competing pool closed, which independently tends to increase the measured outcome.","A simultaneous change offers an alternative cause of the improvement. The other findings do not explain the increase.","Original AI-generated practice item","Draft; not expert-reviewed or psychometrically validated",""
"Q0014","LSAT-style","causal_flaw","LR-causal_flaw","2","After Brook Museum introduced audio guides, average visitor satisfaction increased. The director concludes that the change caused the increase. The reasoning is vulnerable primarily because it:","Rejects the conclusion solely because of the director's character.","Assumes that what is true of every organization must be false of this organization.","Treats an improvement following a change as enough to establish that the change produced the improvement.","Infers that an event is impossible because it is rare.","Shows that the outcome decreased and then claims it increased.","C","Treats an improvement following a change as enough to establish that the change produced the improvement.","The evidence gives temporal order, but does not rule out other causes.","Original AI-generated practice item","Draft; not expert-reviewed or psychometrically validated",""
"Q0307","IQ-style","ordering","IQ-ordering","6","Five people each receive a different rank in contest 6. Ari finishes ahead of Eli, Eli ahead of Dee, Dee ahead of Cy, and Cy ahead of Bo. Who finishes second?","Bo","Dee","Ari","Cy","Eli","E","Eli","The complete order from first to fifth is Ari, Eli, Dee, Cy, Bo.","Original AI-generated practice item","Draft; not expert-reviewed or psychometrically validated",""
"Q0493","IQ-style","increasing_differences","IQ-increasing_differences","25","Successive differences increase by 1: 29, 55, 82, 110, 139, ?. Find the next term.","170","168","169","172","167","C","169","The differences are 26, 27, 28, 29; the next is 30. Thus 139 + 30 = 169.","Original AI-generated practice item","Draft; not expert-reviewed or psychometrically validated",""
"Q0243","LSAT-style","evaluate","LR-evaluate","25","After Yarrow Centre introduced free introductory classes, monthly registrations increased. The director concludes that the change caused the increase. The answer to which question would be most useful in evaluating the argument?","Was the director the first person to suggest the change?","Was the announcement printed in color?","Does the organization have a short name?","Do staff prefer morning meetings to afternoon meetings?","Did comparable organizations that did not introduce free introductory classes experience a similar increase during the same period?","E","Did comparable organizations that did not introduce free introductory classes experience a similar increase during the same period?","An increase in the comparison group would suggest a common outside cause; no such increase would make the causal explanation more credible.","Original AI-generated practice item","Draft; not expert-reviewed or psychometrically validated",""
"Q0060","LSAT-style","principle_application","LR-principle_application","6","Fern Theatre adopts this rule: Approve a pilot if, and only if, its total cost is below 8,000 credits and it can be reversed within one month. A pilot of discount subscriptions costs 3500 credits and can be reversed in two weeks. Which judgment follows from the rule?","Reject it because every pilot must cost nothing.","The rule gives no basis for deciding whether to approve it.","Approve it only if it is certain to succeed.","Reject it because reversibility is irrelevant.","Approve this pilot because it satisfies both required conditions.","E","Approve this pilot because it satisfies both required conditions.","Its cost of 3500 credits is below 8,000, and two weeks is within one month. Both necessary and sufficient conditions hold.","Original AI-generated practice item","Draft; not expert-reviewed or psychometrically validated",""
"Q0456","IQ-style","mental_rotation","IQ-mental_rotation","21","A robot faces east. It turns clockwise by 90 degrees, then moves straight ahead 23 metres without turning again. Which direction is it facing?","west","north","south","east","Its direction cannot be determined.","C","south","A 90-degree clockwise turn moves 1 quarter-turn around north, east, south, west. Forward travel does not change orientation.","Original AI-generated practice item","Draft; not expert-reviewed or psychometrically validated",""
"Q0105","LSAT-style","main_conclusion","LR-main_conclusion","11","The board of Kestrel Archive should retain a searchable catalogue for another year. A pilot linked the change with an increase in weekly document requests fulfilled, and the additional operating cost was small. Although the pilot is not conclusive, its results justify a longer trial. Which statement best expresses the main recommendation?","The additional operating cost was small.","The pilot was not conclusive.","The board should retain a searchable catalogue for another year.","Every inexpensive pilot should become a permanent policy.","The pilot linked the change with an increase in weekly document requests fulfilled.","C","The board should retain a searchable catalogue for another year.","The recommendation to continue for a year is the main claim supported by the pilot results and low cost. The remaining relevant statements are reasons or qualifications.","Original AI-generated practice item","Draft; not expert-reviewed or psychometrically validated",""
"Q0341","IQ-style","number_sequence","IQ-number_sequence","10","The sequence follows a constant-addition rule: 12, 17, 22, 27, 32, ?. What is the missing number?","36","35","38","40","37","E","37","Add 5 each time; 32 + 5 = 37.","Original AI-generated practice item","Draft; not expert-reviewed or psychometrically validated",""
"Q0232","LSAT-style","strengthen","LR-strengthen","24","After Xenia Press introduced online sample chapters, monthly book sales increased. The director concludes that the change caused the increase. Which additional finding most strengthens the causal conclusion?","Some staff preferred the previous practice.","The director expected the change to help.","The organization measured the outcome only once after the change.","A randomized trial at comparable organizations found greater improvement in the group introducing online sample chapters than in the group keeping its previous practice.","The new practice has a memorable name.","D","A randomized trial at comparable organizations found greater improvement in the group introducing online sample chapters than in the group keeping its previous practice.","Random assignment and a comparison group help isolate the effect of the intervention. An expectation or label does not provide comparable evidence.","Original AI-generated practice item","Draft; not expert-reviewed or psychometrically validated",""
"Q0038","LSAT-style","quantifier_inference","LR-quantifier_inference","4","At Dune College, some of its courses includes laboratory work. Every one of its courses that includes laboratory work also has a safety briefing. Which conclusion follows logically?","None of its courses has a safety briefing.","Some of its courses that includes laboratory work do not satisfy the condition 'has a safety briefing'.","Every one of its courses includes laboratory work.","Every one of its courses that has a safety briefing also includes laboratory work.","Some of its courses that has a safety briefing also includes laboratory work.","E","Some of its courses that has a safety briefing also includes laboratory work.","The objects asserted to be A must also be B, establishing at least one object that is both. Nothing establishes that all B are A.","Original AI-generated practice item","Draft; not expert-reviewed or psychometrically validated",""
"Q0017","LSAT-style","sufficient_assumption","LR-sufficient_assumption","2","At Brook Museum, every one of its exhibitions that includes borrowed objects also has insurance coverage. A manager concludes that every one that includes borrowed objects also has a completed inventory. Which additional premise, if assumed, guarantees the conclusion?","Every one of its exhibitions that has a completed inventory also includes borrowed objects.","Every one of its exhibitions that has a completed inventory also has insurance coverage.","Some of its exhibitions that has insurance coverage also has a completed inventory.","Every one of its exhibitions that has insurance coverage also has a completed inventory.","Some of its exhibitions that has a completed inventory also includes borrowed objects.","D","Every one of its exhibitions that has insurance coverage also has a completed inventory.","Adding B → C closes the chain from A to C. Reversed rules and statements about only some objects do not guarantee the conclusion for every A.","Original AI-generated practice item","Draft; not expert-reviewed or psychometrically validated",""
"Q0470","IQ-style","set_reasoning","IQ-set_reasoning","22","A group has 54 members. 25 solve a word puzzle, 26 solve a number puzzle, and 3 solve both. How many solve at least one of the two puzzles?","51","46","54","48","47","D","48","Count each solver once: 25 + 26 − 3 = 48. Subtract the overlap because it was counted twice.","Original AI-generated practice item","Draft; not expert-reviewed or psychometrically validated",""
"Q0104","LSAT-style","causal_flaw","LR-causal_flaw","11","After Kestrel Archive introduced a searchable catalogue, weekly document requests fulfilled increased. The director concludes that the change caused the increase. The reasoning is vulnerable primarily because it:","Infers that an event is impossible because it is rare.","Rejects the conclusion solely because of the director's character.","Assumes that what is true of every organization must be false of this organization.","Treats an improvement following a change as enough to establish that the change produced the improvement.","Shows that the outcome decreased and then claims it increased.","D","Treats an improvement following a change as enough to establish that the change produced the improvement.","The evidence gives temporal order, but does not rule out other causes.","Original AI-generated practice item","Draft; not expert-reviewed or psychometrically validated",""
"Q0110","LSAT-style","principle_application","LR-principle_application","11","Kestrel Archive adopts this rule: Approve a pilot if, and only if, its total cost is below 8,000 credits and it can be reversed within one month. A pilot of a searchable catalogue costs 4000 credits and can be reversed in two weeks. Which judgment follows from the rule?","Approve this pilot because it satisfies both required conditions.","Reject it because reversibility is irrelevant.","Approve it only if it is certain to succeed.","Reject it because every pilot must cost nothing.","The rule gives no basis for deciding whether to approve it.","A","Approve this pilot because it satisfies both required conditions.","Its cost of 4000 credits is below 8,000, and two weeks is within one month. Both necessary and sufficient conditions hold.","Original AI-generated practice item","Draft; not expert-reviewed or psychometrically validated",""
"Q0215","LSAT-style","main_conclusion","LR-main_conclusion","22","The board of Vale Hostel should retain self-service check-in for another year. A pilot linked the change with an increase in average guest ratings, and the additional operating cost was small. Although the pilot is not conclusive, its results justify a longer trial. Which statement best expresses the main recommendation?","The pilot was not conclusive.","The additional operating cost was small.","Every inexpensive pilot should become a permanent policy.","The board should retain self-service check-in for another year.","The pilot linked the change with an increase in average guest ratings.","D","The board should retain self-service check-in for another year.","The recommendation to continue for a year is the main claim supported by the pilot results and low cost. The remaining relevant statements are reasons or qualifications.","Original AI-generated practice item","Draft; not expert-reviewed or psychometrically validated",""
"Q0285","IQ-style","letter_coding","IQ-letter_coding","4","A code shifts every letter 5 places forward in the English alphabet, wrapping Z to A. How is DESK encoded?","JKYQ","HIWO","KLZR","LMAS","IJXP","E","IJXP","Shift each letter by 5: D→I, E→J, S→X, K→P.","Original AI-generated practice item","Draft; not expert-reviewed or psychometrically validated",""
"Q0155","LSAT-style","main_conclusion","LR-main_conclusion","16","The board of Pine Delivery should retain routing software for another year. A pilot linked the change with an increase in the proportion of deliveries completed on time, and the additional operating cost was small. Although the pilot is not conclusive, its results justify a longer trial. Which statement best expresses the main recommendation?","The pilot was not conclusive.","The pilot linked the change with an increase in the proportion of deliveries completed on time.","The additional operating cost was small.","Every inexpensive pilot should become a permanent policy.","The board should retain routing software for another year.","E","The board should retain routing software for another year.","The recommendation to continue for a year is the main claim supported by the pilot results and low cost. The remaining relevant statements are reasons or qualifications.","Original AI-generated practice item","Draft; not expert-reviewed or psychometrically validated",""
"Q0054","LSAT-style","causal_flaw","LR-causal_flaw","6","After Fern Theatre introduced discount subscriptions, monthly ticket sales increased. The director concludes that the change caused the increase. The reasoning is vulnerable primarily because it:","Shows that the outcome decreased and then claims it increased.","Infers that an event is impossible because it is rare.","Treats an improvement following a change as enough to establish that the change produced the improvement.","Rejects the conclusion solely because of the director's character.","Assumes that what is true of every organization must be false of this organization.","C","Treats an improvement following a change as enough to establish that the change produced the improvement.","The evidence gives temporal order, but does not rule out other causes.","Original AI-generated practice item","Draft; not expert-reviewed or psychometrically validated",""
"Q0294","IQ-style","number_matrix","IQ-number_matrix","5","In each row, the third number equals the first multiplied by the second. Row 1: 7, 10, 70. Row 2: 10, 8, 80. Row 3: 12, 8, ?. Find the missing entry.","94","99","97","96","95","D","96","Apply the stated row rule: 12 × 8 = 96.","Original AI-generated practice item","Draft; not expert-reviewed or psychometrically validated",""
"Q0409","IQ-style","spatial_cubes","IQ-spatial_cubes","16","A solid cube has edge length 66 cm. All six outer faces are painted. It is cut into cubes of edge length 22 cm. How many small cubes have no painted face?","27","1","2","8","4","B","1","There are 3 small cubes per edge. Only the interior cubes are unpainted: (3 − 2)^3 = 1.","Original AI-generated practice item","Draft; not expert-reviewed or psychometrically validated",""
"Q0197","LSAT-style","sufficient_assumption","LR-sufficient_assumption","20","At Tide Aquarium, every one of its tanks that houses sensitive species also has a monitoring device. A manager concludes that every one that houses sensitive species also has a maintenance schedule. Which additional premise, if assumed, guarantees the conclusion?","Some of its tanks that has a maintenance schedule also houses sensitive species.","Every one of its tanks that has a maintenance schedule also has a monitoring device.","Every one of its tanks that has a monitoring device also has a maintenance schedule.","Some of its tanks that has a monitoring device also has a maintenance schedule.","Every one of its tanks that has a maintenance schedule also houses sensitive species.","C","Every one of its tanks that has a monitoring device also has a maintenance schedule.","Adding B → C closes the chain from A to C. Reversed rules and statements about only some objects do not guarantee the conclusion for every A.","Original AI-generated practice item","Draft; not expert-reviewed or psychometrically validated",""
"Q0296","IQ-style","mental_rotation","IQ-mental_rotation","5","A robot faces east. It turns clockwise by 270 degrees, then moves straight ahead 7 metres without turning again. Which direction is it facing?","north","east","south","Its direction cannot be determined.","west","A","north","A 270-degree clockwise turn moves 3 quarter-turns around north, east, south, west. Forward travel does not change orientation.","Original AI-generated practice item","Draft; not expert-reviewed or psychometrically validated",""
"Q0382","IQ-style","multiplication_sequence","IQ-multiplication_sequence","14","Each term is obtained by multiplying the preceding term by the same positive integer: 15, 60, 240, 960, ?. What comes next?","3840","3841","3843","3839","3838","A","3840","The multiplier is 4, so 960 × 4 = 3840.","Original AI-generated practice item","Draft; not expert-reviewed or psychometrically validated",""
"Q0398","IQ-style","symbol_operation","IQ-symbol_operation","15","Define the operation a ◆ b as (a × b) + 17. What is 18 ◆ 16?","305","308","304","306","303","A","305","Substitute into the definition: (18 × 16) + 17 = 305.","Original AI-generated practice item","Draft; not expert-reviewed or psychometrically validated",""
"Q0235","LSAT-style","main_conclusion","LR-main_conclusion","24","The board of Xenia Press should retain online sample chapters for another year. A pilot linked the change with an increase in monthly book sales, and the additional operating cost was small. Although the pilot is not conclusive, its results justify a longer trial. Which statement best expresses the main recommendation?","The additional operating cost was small.","The pilot linked the change with an increase in monthly book sales.","Every inexpensive pilot should become a permanent policy.","The pilot was not conclusive.","The board should retain online sample chapters for another year.","E","The board should retain online sample chapters for another year.","The recommendation to continue for a year is the main claim supported by the pilot results and low cost. The remaining relevant statements are reasons or qualifications.","Original AI-generated practice item","Draft; not expert-reviewed or psychometrically validated",""
"Q0245","LSAT-style","main_conclusion","LR-main_conclusion","25","The board of Yarrow Centre should retain free introductory classes for another year. A pilot linked the change with an increase in monthly registrations, and the additional operating cost was small. Although the pilot is not conclusive, its results justify a longer trial. Which statement best expresses the main recommendation?","Every inexpensive pilot should become a permanent policy.","The additional operating cost was small.","The pilot was not conclusive.","The board should retain free introductory classes for another year.","The pilot linked the change with an increase in monthly registrations.","D","The board should retain free introductory classes for another year.","The recommendation to continue for a year is the main claim supported by the pilot results and low cost. The remaining relevant statements are reasons or qualifications.","Original AI-generated practice item","Draft; not expert-reviewed or psychometrically validated",""
"Q0259","IQ-style","spatial_cubes","IQ-spatial_cubes","1","A solid cube has edge length 28 cm. All six outer faces are painted. It is cut into cubes of edge length 7 cm. How many small cubes have no painted face?","64","27","8","9","12","C","8","There are 4 small cubes per edge. Only the interior cubes are unpainted: (4 − 2)^3 = 8.","Original AI-generated practice item","Draft; not expert-reviewed or psychometrically validated",""
"Q0068","LSAT-style","quantifier_inference","LR-quantifier_inference","7","At Grove Recycling, some of its loads contains electronic waste. Every one of its loads that contains electronic waste also goes to a specialist facility. Which conclusion follows logically?","Every one of its loads that goes to a specialist facility also contains electronic waste.","Some of its loads that contains electronic waste do not satisfy the condition 'goes to a specialist facility'.","Every one of its loads contains electronic waste.","None of its loads goes to a specialist facility.","Some of its loads that goes to a specialist facility also contains electronic waste.","E","Some of its loads that goes to a specialist facility also contains electronic waste.","The objects asserted to be A must also be B, establishing at least one object that is both. Nothing establishes that all B are A.","Original AI-generated practice item","Draft; not expert-reviewed or psychometrically validated",""
"Q0209","LSAT-style","necessary_assumption","LR-necessary_assumption","21","Umber Studio plans to fund weekly feedback sessions entirely by reducing printing costs. The finance officer argues: ""The printing savings will cover the full cost, so we will not need any other funding for the change."" Which assumption is required?","The printing savings available for the change will be at least as large as its full cost.","The organization will never print anything again.","Every other possible change would cost more.","No staff member will object to the change.","The new practice will improve every measured outcome.","A","The printing savings available for the change will be at least as large as its full cost.","If available printing savings are smaller than the full cost, the stated funding conclusion fails. The stronger claims in the other options are unnecessary.","Original AI-generated practice item","Draft; not expert-reviewed or psychometrically validated",""
"Q0152","LSAT-style","strengthen","LR-strengthen","16","After Pine Delivery introduced routing software, the proportion of deliveries completed on time increased. The director concludes that the change caused the increase. Which additional finding most strengthens the causal conclusion?","The organization measured the outcome only once after the change.","A randomized trial at comparable organizations found greater improvement in the group introducing routing software than in the group keeping its previous practice.","The director expected the change to help.","The new practice has a memorable name.","Some staff preferred the previous practice.","B","A randomized trial at comparable organizations found greater improvement in the group introducing routing software than in the group keeping its previous practice.","Random assignment and a comparison group help isolate the effect of the intervention. An expectation or label does not provide comparable evidence.","Original AI-generated practice item","Draft; not expert-reviewed or psychometrically validated",""
"Q0231","LSAT-style","weaken","LR-weaken","24","After Xenia Press introduced online sample chapters, monthly book sales increased. The director concludes that the change caused the increase. Which finding, if true, most weakens the argument?","At the same time, a prominent reviewer recommended its books, which independently tends to increase the measured outcome.","The director announced the change in advance.","The organization had kept records before the change.","Some people first heard about the organization several years ago.","Staff discussed several other possible changes.","A","At the same time, a prominent reviewer recommended its books, which independently tends to increase the measured outcome.","A simultaneous change offers an alternative cause of the improvement. The other findings do not explain the increase.","Original AI-generated practice item","Draft; not expert-reviewed or psychometrically validated",""
"Q0129","LSAT-style","necessary_assumption","LR-necessary_assumption","13","Maple Market plans to fund loyalty vouchers entirely by reducing printing costs. The finance officer argues: ""The printing savings will cover the full cost, so we will not need any other funding for the change."" Which assumption is required?","Every other possible change would cost more.","No staff member will object to the change.","The new practice will improve every measured outcome.","The organization will never print anything again.","The printing savings available for the change will be at least as large as its full cost.","E","The printing savings available for the change will be at least as large as its full cost.","If available printing savings are smaller than the full cost, the stated funding conclusion fails. The stronger claims in the other options are unnecessary.","Original AI-generated practice item","Draft; not expert-reviewed or psychometrically validated",""
"Q0208","LSAT-style","quantifier_inference","LR-quantifier_inference","21","At Umber Studio, some of its projects uses rented equipment. Every one of its projects that uses rented equipment also has a rental agreement. Which conclusion follows logically?","Every one of its projects uses rented equipment.","Some of its projects that has a rental agreement also uses rented equipment.","Every one of its projects that has a rental agreement also uses rented equipment.","Some of its projects that uses rented equipment do not satisfy the condition 'has a rental agreement'.","None of its projects has a rental agreement.","B","Some of its projects that has a rental agreement also uses rented equipment.","The objects asserted to be A must also be B, establishing at least one object that is both. Nothing establishes that all B are A.","Original AI-generated practice item","Draft; not expert-reviewed or psychometrically validated",""
"Q0183","LSAT-style","evaluate","LR-evaluate","19","After Spruce Gym introduced fitness consultations, membership renewals increased. The director concludes that the change caused the increase. The answer to which question would be most useful in evaluating the argument?","Do staff prefer morning meetings to afternoon meetings?","Did comparable organizations that did not introduce fitness consultations experience a similar increase during the same period?","Was the director the first person to suggest the change?","Does the organization have a short name?","Was the announcement printed in color?","B","Did comparable organizations that did not introduce fitness consultations experience a similar increase during the same period?","An increase in the comparison group would suggest a common outside cause; no such increase would make the causal explanation more credible.","Original AI-generated practice item","Draft; not expert-reviewed or psychometrically validated",""
"Q0025","LSAT-style","main_conclusion","LR-main_conclusion","3","The board of Cedar Transit should retain live arrival displays for another year. A pilot linked the change with an increase in weekday ridership, and the additional operating cost was small. Although the pilot is not conclusive, its results justify a longer trial. Which statement best expresses the main recommendation?","The pilot linked the change with an increase in weekday ridership.","Every inexpensive pilot should become a permanent policy.","The additional operating cost was small.","The board should retain live arrival displays for another year.","The pilot was not conclusive.","D","The board should retain live arrival displays for another year.","The recommendation to continue for a year is the main claim supported by the pilot results and low cost. The remaining relevant statements are reasons or qualifications.","Original AI-generated practice item","Draft; not expert-reviewed or psychometrically validated",""
"Q0369","IQ-style","spatial_cubes","IQ-spatial_cubes","12","A solid cube has edge length 54 cm. All six outer faces are painted. It is cut into cubes of edge length 18 cm. How many small cubes have no painted face?","4","8","27","2","1","E","1","There are 3 small cubes per edge. Only the interior cubes are unpainted: (3 − 2)^3 = 1.","Original AI-generated practice item","Draft; not expert-reviewed or psychometrically validated",""
"Q0400","IQ-style","set_reasoning","IQ-set_reasoning","15","A group has 40 members. 18 solve a word puzzle, 19 solve a number puzzle, and 1 solve both. How many solve at least one of the two puzzles?","37","35","34","36","40","D","36","Count each solver once: 18 + 19 − 1 = 36. Subtract the overlap because it was counted twice.","Original AI-generated practice item","Draft; not expert-reviewed or psychometrically validated",""
"Q0144","LSAT-style","causal_flaw","LR-causal_flaw","15","After Oak Shelter introduced volunteer training, the number of animals adopted monthly increased. The director concludes that the change caused the increase. The reasoning is vulnerable primarily because it:","Assumes that what is true of every organization must be false of this organization.","Shows that the outcome decreased and then claims it increased.","Treats an improvement following a change as enough to establish that the change produced the improvement.","Infers that an event is impossible because it is rare.","Rejects the conclusion solely because of the director's character.","C","Treats an improvement following a change as enough to establish that the change produced the improvement.","The evidence gives temporal order, but does not rule out other causes.","Original AI-generated practice item","Draft; not expert-reviewed or psychometrically validated",""
"Q0018","LSAT-style","quantifier_inference","LR-quantifier_inference","2","At Brook Museum, some of its exhibitions includes borrowed objects. Every one of its exhibitions that includes borrowed objects also has insurance coverage. Which conclusion follows logically?","Every one of its exhibitions includes borrowed objects.","Some of its exhibitions that has insurance coverage also includes borrowed objects.","None of its exhibitions has insurance coverage.","Some of its exhibitions that includes borrowed objects do not satisfy the condition 'has insurance coverage'.","Every one of its exhibitions that has insurance coverage also includes borrowed objects.","B","Some of its exhibitions that has insurance coverage also includes borrowed objects.","The objects asserted to be A must also be B, establishing at least one object that is both. Nothing establishes that all B are A.","Original AI-generated practice item","Draft; not expert-reviewed or psychometrically validated",""
"Q0160","LSAT-style","principle_application","LR-principle_application","16","Pine Delivery adopts this rule: Approve a pilot if, and only if, its total cost is below 8,000 credits and it can be reversed within one month. A pilot of routing software costs 4500 credits and can be reversed in two weeks. Which judgment follows from the rule?","The rule gives no basis for deciding whether to approve it.","Reject it because reversibility is irrelevant.","Approve this pilot because it satisfies both required conditions.","Approve it only if it is certain to succeed.","Reject it because every pilot must cost nothing.","C","Approve this pilot because it satisfies both required conditions.","Its cost of 4500 credits is below 8,000, and two weeks is within one month. Both necessary and sufficient conditions hold.","Original AI-generated practice item","Draft; not expert-reviewed or psychometrically validated",""
"Q0031","LSAT-style","weaken","LR-weaken","4","After Dune College introduced peer tutoring, the proportion of students passing mathematics increased. The director concludes that the change caused the increase. Which finding, if true, most weakens the argument?","Some people first heard about the organization several years ago.","At the same time, the entrance standard for new students increased, which independently tends to increase the measured outcome.","The organization had kept records before the change.","Staff discussed several other possible changes.","The director announced the change in advance.","B","At the same time, the entrance standard for new students increased, which independently tends to increase the measured outcome.","A simultaneous change offers an alternative cause of the improvement. The other findings do not explain the increase.","Original AI-generated practice item","Draft; not expert-reviewed or psychometrically validated",""
"Q0414","IQ-style","number_matrix","IQ-number_matrix","17","In each row, the third number equals the first multiplied by the second. Row 1: 19, 22, 418. Row 2: 22, 20, 440. Row 3: 24, 20, ?. Find the missing entry.","480","478","481","479","483","A","480","Apply the stated row rule: 24 × 20 = 480.","Original AI-generated practice item","Draft; not expert-reviewed or psychometrically validated",""
"Q0272","IQ-style","multiplication_sequence","IQ-multiplication_sequence","3","Each term is obtained by multiplying the preceding term by the same positive integer: 4, 8, 16, 32, ?. What comes next?","62","67","65","64","63","D","64","The multiplier is 2, so 32 × 2 = 64.","Original AI-generated practice item","Draft; not expert-reviewed or psychometrically validated",""
"Q0288","IQ-style","symbol_operation","IQ-symbol_operation","4","Define the operation a ◆ b as (a × b) + 6. What is 7 ◆ 5?","40","41","42","44","39","B","41","Substitute into the definition: (7 × 5) + 6 = 41.","Original AI-generated practice item","Draft; not expert-reviewed or psychometrically validated",""
"Q0157","LSAT-style","sufficient_assumption","LR-sufficient_assumption","16","At Pine Delivery, every one of its vehicles that carries heavy cargo also has a reinforced suspension. A manager concludes that every one that carries heavy cargo also has a maintenance certificate. Which additional premise, if assumed, guarantees the conclusion?","Every one of its vehicles that has a maintenance certificate also carries heavy cargo.","Every one of its vehicles that has a reinforced suspension also has a maintenance certificate.","Some of its vehicles that has a maintenance certificate also carries heavy cargo.","Some of its vehicles that has a reinforced suspension also has a maintenance certificate.","Every one of its vehicles that has a maintenance certificate also has a reinforced suspension.","B","Every one of its vehicles that has a reinforced suspension also has a maintenance certificate.","Adding B → C closes the chain from A to C. Reversed rules and statements about only some objects do not guarantee the conclusion for every A.","Original AI-generated practice item","Draft; not expert-reviewed or psychometrically validated",""
"Q0471","IQ-style","number_sequence","IQ-number_sequence","23","The sequence follows a constant-addition rule: 25, 29, 33, 37, 41, ?. What is the missing number?","44","46","45","43","48","C","45","Add 4 each time; 41 + 4 = 45.","Original AI-generated practice item","Draft; not expert-reviewed or psychometrically validated",""
"Q0082","LSAT-style","strengthen","LR-strengthen","9","After Iris Garden introduced guided tours, monthly admissions increased. The director concludes that the change caused the increase. Which additional finding most strengthens the causal conclusion?","A randomized trial at comparable organizations found greater improvement in the group introducing guided tours than in the group keeping its previous practice.","The new practice has a memorable name.","Some staff preferred the previous practice.","The director expected the change to help.","The organization measured the outcome only once after the change.","A","A randomized trial at comparable organizations found greater improvement in the group introducing guided tours than in the group keeping its previous practice.","Random assignment and a comparison group help isolate the effect of the intervention. An expectation or label does not provide comparable evidence.","Original AI-generated practice item","Draft; not expert-reviewed or psychometrically validated",""
"Q0206","LSAT-style","must_be_true","LR-must_be_true","21","At Umber Studio, every one of its projects that uses rented equipment also has a rental agreement. Every one that has a rental agreement also has a budget entry. Which statement must be true?","At least one of its projects uses rented equipment.","Every one of its projects that has a budget entry also uses rented equipment.","None of its projects that has a budget entry also has a rental agreement.","Every one of its projects that has a rental agreement also uses rented equipment.","Every one of its projects that uses rented equipment also has a budget entry.","E","Every one of its projects that uses rented equipment also has a budget entry.","The two conditional rules form A → B → C, so A → C. They do not imply their converses or establish that any A exists.","Original AI-generated practice item","Draft; not expert-reviewed or psychometrically validated",""
"Q0379","IQ-style","spatial_cubes","IQ-spatial_cubes","13","A solid cube has edge length 76 cm. All six outer faces are painted. It is cut into cubes of edge length 19 cm. How many small cubes have no painted face?","9","27","64","8","12","D","8","There are 4 small cubes per edge. Only the interior cubes are unpainted: (4 − 2)^3 = 8.","Original AI-generated practice item","Draft; not expert-reviewed or psychometrically validated",""
"Q0395","IQ-style","letter_coding","IQ-letter_coding","15","A code shifts every letter 1 place forward in the English alphabet, wrapping Z to A. How is BOAT encoded?","ERDW","DQCV","FSEX","CPBU","BOAT","D","CPBU","Shift each letter by 1: B→C, O→P, A→B, T→U.","Original AI-generated practice item","Draft; not expert-reviewed or psychometrically validated",""
"Q0088","LSAT-style","quantifier_inference","LR-quantifier_inference","9","At Iris Garden, some of its plots contains protected plants. Every one of its plots that contains protected plants also has restricted access. Which conclusion follows logically?","None of its plots has restricted access.","Every one of its plots that has restricted access also contains protected plants.","Some of its plots that contains protected plants do not satisfy the condition 'has restricted access'.","Every one of its plots contains protected plants.","Some of its plots that has restricted access also contains protected plants.","E","Some of its plots that has restricted access also contains protected plants.","The objects asserted to be A must also be B, establishing at least one object that is both. Nothing establishes that all B are A.","Original AI-generated practice item","Draft; not expert-reviewed or psychometrically validated",""
"Q0306","IQ-style","mental_rotation","IQ-mental_rotation","6","A robot faces south. It turns clockwise by 90 degrees, then moves straight ahead 8 metres without turning again. Which direction is it facing?","east","south","west","north","Its direction cannot be determined.","C","west","A 90-degree clockwise turn moves 1 quarter-turn around north, east, south, west. Forward travel does not change orientation.","Original AI-generated practice item","Draft; not expert-reviewed or psychometrically validated",""
"Q0392","IQ-style","multiplication_sequence","IQ-multiplication_sequence","15","Each term is obtained by multiplying the preceding term by the same positive integer: 16, 32, 64, 128, ?. What comes next?","257","259","254","255","256","E","256","The multiplier is 2, so 128 × 2 = 256.","Original AI-generated practice item","Draft; not expert-reviewed or psychometrically validated",""
"Q0023","LSAT-style","evaluate","LR-evaluate","3","After Cedar Transit introduced live arrival displays, weekday ridership increased. The director concludes that the change caused the increase. The answer to which question would be most useful in evaluating the argument?","Was the announcement printed in color?","Does the organization have a short name?","Do staff prefer morning meetings to afternoon meetings?","Was the director the first person to suggest the change?","Did comparable organizations that did not introduce live arrival displays experience a similar increase during the same period?","E","Did comparable organizations that did not introduce live arrival displays experience a similar increase during the same period?","An increase in the comparison group would suggest a common outside cause; no such increase would make the causal explanation more credible.","Original AI-generated practice item","Draft; not expert-reviewed or psychometrically validated",""
"Q0168","LSAT-style","quantifier_inference","LR-quantifier_inference","17","At Quartz School, some of its activities takes place off campus. Every one of its activities that takes place off campus also has written permission. Which conclusion follows logically?","None of its activities has written permission.","Every one of its activities that has written permission also takes place off campus.","Every one of its activities takes place off campus.","Some of its activities that takes place off campus do not satisfy the condition 'has written permission'.","Some of its activities that has written permission also takes place off campus.","E","Some of its activities that has written permission also takes place off campus.","The objects asserted to be A must also be B, establishing at least one object that is both. Nothing establishes that all B are A.","Original AI-generated practice item","Draft; not expert-reviewed or psychometrically validated",""
"Q0140","LSAT-style","principle_application","LR-principle_application","14","North Observatory adopts this rule: Approve a pilot if, and only if, its total cost is below 8,000 credits and it can be reversed within one month. A pilot of public lectures costs 4300 credits and can be reversed in two weeks. Which judgment follows from the rule?","Approve this pilot because it satisfies both required conditions.","Reject it because every pilot must cost nothing.","Approve it only if it is certain to succeed.","The rule gives no basis for deciding whether to approve it.","Reject it because reversibility is irrelevant.","A","Approve this pilot because it satisfies both required conditions.","Its cost of 4300 credits is below 8,000, and two weeks is within one month. Both necessary and sufficient conditions hold.","Original AI-generated practice item","Draft; not expert-reviewed or psychometrically validated",""
"Q0417","IQ-style","ordering","IQ-ordering","17","Five people each receive a different rank in contest 17. Cy finishes ahead of Dee, Dee ahead of Eli, Eli ahead of Ari, and Ari ahead of Bo. Who finishes third?","Cy","Eli","Bo","Ari","Dee","B","Eli","The complete order from first to fifth is Cy, Dee, Eli, Ari, Bo.","Original AI-generated practice item","Draft; not expert-reviewed or psychometrically validated",""
"Q0081","LSAT-style","weaken","LR-weaken","9","After Iris Garden introduced guided tours, monthly admissions increased. The director concludes that the change caused the increase. Which finding, if true, most weakens the argument?","Some people first heard about the organization several years ago.","The director announced the change in advance.","The organization had kept records before the change.","At the same time, a rare flower display attracted publicity, which independently tends to increase the measured outcome.","Staff discussed several other possible changes.","D","At the same time, a rare flower display attracted publicity, which independently tends to increase the measured outcome.","A simultaneous change offers an alternative cause of the improvement. The other findings do not explain the increase.","Original AI-generated practice item","Draft; not expert-reviewed or psychometrically validated",""
"Q0047","LSAT-style","sufficient_assumption","LR-sufficient_assumption","5","At Elm Food Bank, every one of its deliveries that contains chilled food also uses a refrigerated vehicle. A manager concludes that every one that contains chilled food also has a temperature log. Which additional premise, if assumed, guarantees the conclusion?","Every one of its deliveries that uses a refrigerated vehicle also has a temperature log.","Some of its deliveries that has a temperature log also contains chilled food.","Every one of its deliveries that has a temperature log also contains chilled food.","Some of its deliveries that uses a refrigerated vehicle also has a temperature log.","Every one of its deliveries that has a temperature log also uses a refrigerated vehicle.","A","Every one of its deliveries that uses a refrigerated vehicle also has a temperature log.","Adding B → C closes the chain from A to C. Reversed rules and statements about only some objects do not guarantee the conclusion for every A.","Original AI-generated practice item","Draft; not expert-reviewed or psychometrically validated",""
"Q0333","IQ-style","increasing_differences","IQ-increasing_differences","9","Successive differences increase by 1: 13, 23, 34, 46, 59, ?. Find the next term.","73","71","74","72","76","A","73","The differences are 10, 11, 12, 13; the next is 14. Thus 59 + 14 = 73.","Original AI-generated practice item","Draft; not expert-reviewed or psychometrically validated",""
"Q0164","LSAT-style","causal_flaw","LR-causal_flaw","17","After Quartz School introduced breakfast service, average attendance increased. The director concludes that the change caused the increase. The reasoning is vulnerable primarily because it:","Rejects the conclusion solely because of the director's character.","Treats an improvement following a change as enough to establish that the change produced the improvement.","Shows that the outcome decreased and then claims it increased.","Infers that an event is impossible because it is rare.","Assumes that what is true of every organization must be false of this organization.","B","Treats an improvement following a change as enough to establish that the change produced the improvement.","The evidence gives temporal order, but does not rule out other causes.","Original AI-generated practice item","Draft; not expert-reviewed or psychometrically validated",""
"Q0284","IQ-style","number_matrix","IQ-number_matrix","4","In each row, the third number equals the first multiplied by the second. Row 1: 6, 9, 54. Row 2: 9, 7, 63. Row 3: 11, 7, ?. Find the missing entry.","78","75","80","76","77","E","77","Apply the stated row rule: 11 × 7 = 77.","Original AI-generated practice item","Draft; not expert-reviewed or psychometrically validated",""
"Q0318","IQ-style","symbol_operation","IQ-symbol_operation","7","Define the operation a ◆ b as (a × b) + 9. What is 10 ◆ 8?","89","88","92","90","87","A","89","Substitute into the definition: (10 × 8) + 9 = 89.","Original AI-generated practice item","Draft; not expert-reviewed or psychometrically validated",""
"Q0292","IQ-style","multiplication_sequence","IQ-multiplication_sequence","5","Each term is obtained by multiplying the preceding term by the same positive integer: 6, 24, 96, 384, ?. What comes next?","1534","1539","1537","1535","1536","E","1536","The multiplier is 4, so 384 × 4 = 1536.","Original AI-generated practice item","Draft; not expert-reviewed or psychometrically validated",""
"Q0049","LSAT-style","necessary_assumption","LR-necessary_assumption","5","Elm Food Bank plans to fund text reminders entirely by reducing printing costs. The finance officer argues: ""The printing savings will cover the full cost, so we will not need any other funding for the change."" Which assumption is required?","The printing savings available for the change will be at least as large as its full cost.","The organization will never print anything again.","Every other possible change would cost more.","No staff member will object to the change.","The new practice will improve every measured outcome.","A","The printing savings available for the change will be at least as large as its full cost.","If available printing savings are smaller than the full cost, the stated funding conclusion fails. The stronger claims in the other options are unnecessary.","Original AI-generated practice item","Draft; not expert-reviewed or psychometrically validated",""
"Q0042","LSAT-style","strengthen","LR-strengthen","5","After Elm Food Bank introduced text reminders, the proportion of appointments attended increased. The director concludes that the change caused the increase. Which additional finding most strengthens the causal conclusion?","The director expected the change to help.","Some staff preferred the previous practice.","A randomized trial at comparable organizations found greater improvement in the group introducing text reminders than in the group keeping its previous practice.","The new practice has a memorable name.","The organization measured the outcome only once after the change.","C","A randomized trial at comparable organizations found greater improvement in the group introducing text reminders than in the group keeping its previous practice.","Random assignment and a comparison group help isolate the effect of the intervention. An expectation or label does not provide comparable evidence.","Original AI-generated practice item","Draft; not expert-reviewed or psychometrically validated",""
"Q0457","IQ-style","ordering","IQ-ordering","21","Five people each receive a different rank in contest 21. Bo finishes ahead of Cy, Cy ahead of Dee, Dee ahead of Eli, and Eli ahead of Ari. Who finishes second?","Eli","Ari","Cy","Dee","Bo","C","Cy","The complete order from first to fifth is Bo, Cy, Dee, Eli, Ari.","Original AI-generated practice item","Draft; not expert-reviewed or psychometrically validated",""
"Q0078","LSAT-style","quantifier_inference","LR-quantifier_inference","8","At Harbor Pool, some of its sessions admits novice swimmers. Every one of its sessions that admits novice swimmers also has an instructor. Which conclusion follows logically?","Every one of its sessions admits novice swimmers.","None of its sessions has an instructor.","Every one of its sessions that has an instructor also admits novice swimmers.","Some of its sessions that has an instructor also admits novice swimmers.","Some of its sessions that admits novice swimmers do not satisfy the condition 'has an instructor'.","D","Some of its sessions that has an instructor also admits novice swimmers.","The objects asserted to be A must also be B, establishing at least one object that is both. Nothing establishes that all B are A.","Original AI-generated practice item","Draft; not expert-reviewed or psychometrically validated",""
"Q0387","IQ-style","ordering","IQ-ordering","14","Five people each receive a different rank in contest 14. Dee finishes ahead of Cy, Cy ahead of Bo, Bo ahead of Ari, and Ari ahead of Eli. Who finishes fifth?","Cy","Ari","Bo","Dee","Eli","E","Eli","The complete order from first to fifth is Dee, Cy, Bo, Ari, Eli.","Original AI-generated practice item","Draft; not expert-reviewed or psychometrically validated",""
"Q0154","LSAT-style","causal_flaw","LR-causal_flaw","16","After Pine Delivery introduced routing software, the proportion of deliveries completed on time increased. The director concludes that the change caused the increase. The reasoning is vulnerable primarily because it:","Infers that an event is impossible because it is rare.","Shows that the outcome decreased and then claims it increased.","Assumes that what is true of every organization must be false of this organization.","Rejects the conclusion solely because of the director's character.","Treats an improvement following a change as enough to establish that the change produced the improvement.","E","Treats an improvement following a change as enough to establish that the change produced the improvement.","The evidence gives temporal order, but does not rule out other causes.","Original AI-generated practice item","Draft; not expert-reviewed or psychometrically validated",""
"Q0107","LSAT-style","sufficient_assumption","LR-sufficient_assumption","11","At Kestrel Archive, every one of its documents that contains private addresses also requires restricted handling. A manager concludes that every one that contains private addresses also has an access classification. Which additional premise, if assumed, guarantees the conclusion?","Every one of its documents that has an access classification also requires restricted handling.","Some of its documents that requires restricted handling also has an access classification.","Some of its documents that has an access classification also contains private addresses.","Every one of its documents that has an access classification also contains private addresses.","Every one of its documents that requires restricted handling also has an access classification.","E","Every one of its documents that requires restricted handling also has an access classification.","Adding B → C closes the chain from A to C. Reversed rules and statements about only some objects do not guarantee the conclusion for every A.","Original AI-generated practice item","Draft; not expert-reviewed or psychometrically validated",""
"Q0440","IQ-style","set_reasoning","IQ-set_reasoning","19","A group has 48 members. 22 solve a word puzzle, 23 solve a number puzzle, and 5 solve both. How many solve at least one of the two puzzles?","38","39","48","40","45","D","40","Count each solver once: 22 + 23 − 5 = 40. Subtract the overlap because it was counted twice.","Original AI-generated practice item","Draft; not expert-reviewed or psychometrically validated",""
"Q0167","LSAT-style","sufficient_assumption","LR-sufficient_assumption","17","At Quartz School, every one of its activities that takes place off campus also has written permission. A manager concludes that every one that takes place off campus also has a designated coordinator. Which additional premise, if assumed, guarantees the conclusion?","Every one of its activities that has written permission also has a designated coordinator.","Every one of its activities that has a designated coordinator also takes place off campus.","Every one of its activities that has a designated coordinator also has written permission.","Some of its activities that has written permission also has a designated coordinator.","Some of its activities that has a designated coordinator also takes place off campus.","A","Every one of its activities that has written permission also has a designated coordinator.","Adding B → C closes the chain from A to C. Reversed rules and statements about only some objects do not guarantee the conclusion for every A.","Original AI-generated practice item","Draft; not expert-reviewed or psychometrically validated",""
"Q0175","LSAT-style","main_conclusion","LR-main_conclusion","18","The board of Reed Orchestra should retain short preview concerts for another year. A pilot linked the change with an increase in season ticket sales, and the additional operating cost was small. Although the pilot is not conclusive, its results justify a longer trial. Which statement best expresses the main recommendation?","The pilot was not conclusive.","The additional operating cost was small.","The board should retain short preview concerts for another year.","The pilot linked the change with an increase in season ticket sales.","Every inexpensive pilot should become a permanent policy.","C","The board should retain short preview concerts for another year.","The recommendation to continue for a year is the main claim supported by the pilot results and low cost. The remaining relevant statements are reasons or qualifications.","Original AI-generated practice item","Draft; not expert-reviewed or psychometrically validated",""
"Q0166","LSAT-style","must_be_true","LR-must_be_true","17","At Quartz School, every one of its activities that takes place off campus also has written permission. Every one that has written permission also has a designated coordinator. Which statement must be true?","At least one of its activities takes place off campus.","Every one of its activities that has written permission also takes place off campus.","Every one of its activities that takes place off campus also has a designated coordinator.","Every one of its activities that has a designated coordinator also takes place off campus.","None of its activities that has a designated coordinator also has written permission.","C","Every one of its activities that takes place off campus also has a designated coordinator.","The two conditional rules form A → B → C, so A → C. They do not imply their converses or establish that any A exists.","Original AI-generated practice item","Draft; not expert-reviewed or psychometrically validated",""
"Q0413","IQ-style","increasing_differences","IQ-increasing_differences","17","Successive differences increase by 1: 21, 39, 58, 78, 99, ?. Find the next term.","122","120","119","121","124","D","121","The differences are 18, 19, 20, 21; the next is 22. Thus 99 + 22 = 121.","Original AI-generated practice item","Draft; not expert-reviewed or psychometrically validated",""
"Q0492","IQ-style","multiplication_sequence","IQ-multiplication_sequence","25","Each term is obtained by multiplying the preceding term by the same positive integer: 26, 78, 234, 702, ?. What comes next?","2107","2106","2109","2104","2105","B","2106","The multiplier is 3, so 702 × 3 = 2106.","Original AI-generated practice item","Draft; not expert-reviewed or psychometrically validated",""
"Q0219","LSAT-style","necessary_assumption","LR-necessary_assumption","22","Vale Hostel plans to fund self-service check-in entirely by reducing printing costs. The finance officer argues: ""The printing savings will cover the full cost, so we will not need any other funding for the change."" Which assumption is required?","The organization will never print anything again.","No staff member will object to the change.","The printing savings available for the change will be at least as large as its full cost.","Every other possible change would cost more.","The new practice will improve every measured outcome.","C","The printing savings available for the change will be at least as large as its full cost.","If available printing savings are smaller than the full cost, the stated funding conclusion fails. The stronger claims in the other options are unnecessary.","Original AI-generated practice item","Draft; not expert-reviewed or psychometrically validated",""
"Q0489","IQ-style","spatial_cubes","IQ-spatial_cubes","24","A solid cube has edge length 90 cm. All six outer faces are painted. It is cut into cubes of edge length 30 cm. How many small cubes have no painted face?","2","1","4","27","8","B","1","There are 3 small cubes per edge. Only the interior cubes are unpainted: (3 − 2)^3 = 1.","Original AI-generated practice item","Draft; not expert-reviewed or psychometrically validated",""
"Q0022","LSAT-style","strengthen","LR-strengthen","3","After Cedar Transit introduced live arrival displays, weekday ridership increased. The director concludes that the change caused the increase. Which additional finding most strengthens the causal conclusion?","The organization measured the outcome only once after the change.","The director expected the change to help.","A randomized trial at comparable organizations found greater improvement in the group introducing live arrival displays than in the group keeping its previous practice.","The new practice has a memorable name.","Some staff preferred the previous practice.","C","A randomized trial at comparable organizations found greater improvement in the group introducing live arrival displays than in the group keeping its previous practice.","Random assignment and a comparison group help isolate the effect of the intervention. An expectation or label does not provide comparable evidence.","Original AI-generated practice item","Draft; not expert-reviewed or psychometrically validated",""
"Q0121","LSAT-style","weaken","LR-weaken","13","After Maple Market introduced loyalty vouchers, weekly purchases increased. The director concludes that the change caused the increase. Which finding, if true, most weakens the argument?","The organization had kept records before the change.","Some people first heard about the organization several years ago.","The director announced the change in advance.","At the same time, a nearby competitor closed, which independently tends to increase the measured outcome.","Staff discussed several other possible changes.","D","At the same time, a nearby competitor closed, which independently tends to increase the measured outcome.","A simultaneous change offers an alternative cause of the improvement. The other findings do not explain the increase.","Original AI-generated practice item","Draft; not expert-reviewed or psychometrically validated",""
"Q0491","IQ-style","number_sequence","IQ-number_sequence","25","The sequence follows a constant-addition rule: 27, 33, 39, 45, 51, ?. What is the missing number?","56","60","57","55","58","C","57","Add 6 each time; 51 + 6 = 57.","Original AI-generated practice item","Draft; not expert-reviewed or psychometrically validated",""
"Q0045","LSAT-style","main_conclusion","LR-main_conclusion","5","The board of Elm Food Bank should retain text reminders for another year. A pilot linked the change with an increase in the proportion of appointments attended, and the additional operating cost was small. Although the pilot is not conclusive, its results justify a longer trial. Which statement best expresses the main recommendation?","The pilot linked the change with an increase in the proportion of appointments attended.","The pilot was not conclusive.","The board should retain text reminders for another year.","Every inexpensive pilot should become a permanent policy.","The additional operating cost was small.","C","The board should retain text reminders for another year.","The recommendation to continue for a year is the main claim supported by the pilot results and low cost. The remaining relevant statements are reasons or qualifications.","Original AI-generated practice item","Draft; not expert-reviewed or psychometrically validated",""
"Q0051","LSAT-style","weaken","LR-weaken","6","After Fern Theatre introduced discount subscriptions, monthly ticket sales increased. The director concludes that the change caused the increase. Which finding, if true, most weakens the argument?","Some people first heard about the organization several years ago.","The director announced the change in advance.","Staff discussed several other possible changes.","At the same time, a nationally known actor joined the cast, which independently tends to increase the measured outcome.","The organization had kept records before the change.","D","At the same time, a nationally known actor joined the cast, which independently tends to increase the measured outcome.","A simultaneous change offers an alternative cause of the improvement. The other findings do not explain the increase.","Original AI-generated practice item","Draft; not expert-reviewed or psychometrically validated",""
"Q0397","IQ-style","ordering","IQ-ordering","15","Five people each receive a different rank in contest 15. Ari finishes ahead of Bo, Bo ahead of Cy, Cy ahead of Dee, and Dee ahead of Eli. Who finishes first?","Cy","Bo","Ari","Eli","Dee","C","Ari","The complete order from first to fifth is Ari, Bo, Cy, Dee, Eli.","Original AI-generated practice item","Draft; not expert-reviewed or psychometrically validated",""
"Q0485","IQ-style","letter_coding","IQ-letter_coding","24","A code shifts every letter 5 places forward in the English alphabet, wrapping Z to A. How is WOLF encoded?","EWTN","ASPJ","DVSM","CURL","BTQK","E","BTQK","Shift each letter by 5: W→B, O→T, L→Q, F→K.","Original AI-generated practice item","Draft; not expert-reviewed or psychometrically validated",""
"Q0217","LSAT-style","sufficient_assumption","LR-sufficient_assumption","22","At Vale Hostel, every one of its rooms that has a balcony also has a safety inspection. A manager concludes that every one that has a balcony also has an inspection record. Which additional premise, if assumed, guarantees the conclusion?","Every one of its rooms that has an inspection record also has a balcony.","Some of its rooms that has an inspection record also has a balcony.","Every one of its rooms that has a safety inspection also has an inspection record.","Some of its rooms that has a safety inspection also has an inspection record.","Every one of its rooms that has an inspection record also has a safety inspection.","C","Every one of its rooms that has a safety inspection also has an inspection record.","Adding B → C closes the chain from A to C. Reversed rules and statements about only some objects do not guarantee the conclusion for every A.","Original AI-generated practice item","Draft; not expert-reviewed or psychometrically validated",""
"Q0438","IQ-style","symbol_operation","IQ-symbol_operation","19","Define the operation a ◆ b as (a × b) + 21. What is 22 ◆ 20?","459","460","462","461","464","D","461","Substitute into the definition: (22 × 20) + 21 = 461.","Original AI-generated practice item","Draft; not expert-reviewed or psychometrically validated",""
"Q0117","LSAT-style","sufficient_assumption","LR-sufficient_assumption","12","At Larch Clinic, every one of its records that is marked confidential also requires access authorization. A manager concludes that every one that is marked confidential also has an audit trail. Which additional premise, if assumed, guarantees the conclusion?","Every one of its records that requires access authorization also has an audit trail.","Every one of its records that has an audit trail also is marked confidential.","Some of its records that requires access authorization also has an audit trail.","Every one of its records that has an audit trail also requires access authorization.","Some of its records that has an audit trail also is marked confidential.","A","Every one of its records that requires access authorization also has an audit trail.","Adding B → C closes the chain from A to C. Reversed rules and statements about only some objects do not guarantee the conclusion for every A.","Original AI-generated practice item","Draft; not expert-reviewed or psychometrically validated",""
"Q0334","IQ-style","number_matrix","IQ-number_matrix","9","In each row, the third number equals the first multiplied by the second. Row 1: 11, 14, 154. Row 2: 14, 12, 168. Row 3: 16, 12, ?. Find the missing entry.","191","195","190","193","192","E","192","Apply the stated row rule: 16 × 12 = 192.","Original AI-generated practice item","Draft; not expert-reviewed or psychometrically validated",""
"Q0009","LSAT-style","necessary_assumption","LR-necessary_assumption","1","Alder Library plans to fund extended evening hours entirely by reducing printing costs. The finance officer argues: ""The printing savings will cover the full cost, so we will not need any other funding for the change."" Which assumption is required?","The printing savings available for the change will be at least as large as its full cost.","The new practice will improve every measured outcome.","The organization will never print anything again.","No staff member will object to the change.","Every other possible change would cost more.","A","The printing savings available for the change will be at least as large as its full cost.","If available printing savings are smaller than the full cost, the stated funding conclusion fails. The stronger claims in the other options are unnecessary.","Original AI-generated practice item","Draft; not expert-reviewed or psychometrically validated",""
"Q0432","IQ-style","multiplication_sequence","IQ-multiplication_sequence","19","Each term is obtained by multiplying the preceding term by the same positive integer: 20, 60, 180, 540, ?. What comes next?","1621","1618","1619","1620","1623","D","1620","The multiplier is 3, so 540 × 3 = 1620.","Original AI-generated practice item","Draft; not expert-reviewed or psychometrically validated",""
"Q0332","IQ-style","multiplication_sequence","IQ-multiplication_sequence","9","Each term is obtained by multiplying the preceding term by the same positive integer: 10, 20, 40, 80, ?. What comes next?","159","160","161","158","163","B","160","The multiplier is 2, so 80 × 2 = 160.","Original AI-generated practice item","Draft; not expert-reviewed or psychometrically validated",""
"Q0386","IQ-style","mental_rotation","IQ-mental_rotation","14","A robot faces south. It turns clockwise by 270 degrees, then moves straight ahead 16 metres without turning again. Which direction is it facing?","west","north","east","south","Its direction cannot be determined.","C","east","A 270-degree clockwise turn moves 3 quarter-turns around north, east, south, west. Forward travel does not change orientation.","Original AI-generated practice item","Draft; not expert-reviewed or psychometrically validated",""
"Q0146","LSAT-style","must_be_true","LR-must_be_true","15","At Oak Shelter, every one of its volunteers that handles nervous animals also has specialist training. Every one that has specialist training also has passed an assessment. Which statement must be true?","At least one of its volunteers handles nervous animals.","Every one of its volunteers that handles nervous animals also has passed an assessment.","Every one of its volunteers that has specialist training also handles nervous animals.","Every one of its volunteers that has passed an assessment also handles nervous animals.","None of its volunteers that has passed an assessment also has specialist training.","B","Every one of its volunteers that handles nervous animals also has passed an assessment.","The two conditional rules form A → B → C, so A → C. They do not imply their converses or establish that any A exists.","Original AI-generated practice item","Draft; not expert-reviewed or psychometrically validated",""
"Q0344","IQ-style","number_matrix","IQ-number_matrix","10","In each row, the third number equals the first multiplied by the second. Row 1: 12, 15, 180. Row 2: 15, 13, 195. Row 3: 17, 13, ?. Find the missing entry.","224","222","220","219","221","E","221","Apply the stated row rule: 17 × 13 = 221.","Original AI-generated practice item","Draft; not expert-reviewed or psychometrically validated",""
"Q0030","LSAT-style","principle_application","LR-principle_application","3","Cedar Transit adopts this rule: Approve a pilot if, and only if, its total cost is below 8,000 credits and it can be reversed within one month. A pilot of live arrival displays costs 3200 credits and can be reversed in two weeks. Which judgment follows from the rule?","Approve this pilot because it satisfies both required conditions.","The rule gives no basis for deciding whether to approve it.","Reject it because reversibility is irrelevant.","Approve it only if it is certain to succeed.","Reject it because every pilot must cost nothing.","A","Approve this pilot because it satisfies both required conditions.","Its cost of 3200 credits is below 8,000, and two weeks is within one month. Both necessary and sufficient conditions hold.","Original AI-generated practice item","Draft; not expert-reviewed or psychometrically validated",""
"Q0249","LSAT-style","necessary_assumption","LR-necessary_assumption","25","Yarrow Centre plans to fund free introductory classes entirely by reducing printing costs. The finance officer argues: ""The printing savings will cover the full cost, so we will not need any other funding for the change."" Which assumption is required?","The printing savings available for the change will be at least as large as its full cost.","No staff member will object to the change.","The new practice will improve every measured outcome.","Every other possible change would cost more.","The organization will never print anything again.","A","The printing savings available for the change will be at least as large as its full cost.","If available printing savings are smaller than the full cost, the stated funding conclusion fails. The stronger claims in the other options are unnecessary.","Original AI-generated practice item","Draft; not expert-reviewed or psychometrically validated",""
"Q0001","LSAT-style","weaken","LR-weaken","1","After Alder Library introduced extended evening hours, weekly book loans increased. The director concludes that the change caused the increase. Which finding, if true, most weakens the argument?","At the same time, a nearby library closed for repairs, which independently tends to increase the measured outcome.","Staff discussed several other possible changes.","The organization had kept records before the change.","The director announced the change in advance.","Some people first heard about the organization several years ago.","A","At the same time, a nearby library closed for repairs, which independently tends to increase the measured outcome.","A simultaneous change offers an alternative cause of the improvement. The other findings do not explain the increase.","Original AI-generated practice item","Draft; not expert-reviewed or psychometrically validated",""
"Q0255","IQ-style","letter_coding","IQ-letter_coding","1","A code shifts every letter 2 places forward in the English alphabet, wrapping Z to A. How is BIRD encoded?","DKTF","ELUG","CJSE","FMVH","GNWI","A","DKTF","Shift each letter by 2: B→D, I→K, R→T, D→F.","Original AI-generated practice item","Draft; not expert-reviewed or psychometrically validated",""
"Q0380","IQ-style","set_reasoning","IQ-set_reasoning","13","A group has 36 members. 16 solve a word puzzle, 17 solve a number puzzle, and 4 solve both. How many solve at least one of the two puzzles?","28","36","27","33","29","E","29","Count each solver once: 16 + 17 − 4 = 29. Subtract the overlap because it was counted twice.","Original AI-generated practice item","Draft; not expert-reviewed or psychometrically validated",""
"Q0150","LSAT-style","principle_application","LR-principle_application","15","Oak Shelter adopts this rule: Approve a pilot if, and only if, its total cost is below 8,000 credits and it can be reversed within one month. A pilot of volunteer training costs 4400 credits and can be reversed in two weeks. Which judgment follows from the rule?","Approve it only if it is certain to succeed.","Reject it because every pilot must cost nothing.","Reject it because reversibility is irrelevant.","Approve this pilot because it satisfies both required conditions.","The rule gives no basis for deciding whether to approve it.","D","Approve this pilot because it satisfies both required conditions.","Its cost of 4400 credits is below 8,000, and two weeks is within one month. Both necessary and sufficient conditions hold.","Original AI-generated practice item","Draft; not expert-reviewed or psychometrically validated",""
"Q0205","LSAT-style","main_conclusion","LR-main_conclusion","21","The board of Umber Studio should retain weekly feedback sessions for another year. A pilot linked the change with an increase in the number of assignments completed on time, and the additional operating cost was small. Although the pilot is not conclusive, its results justify a longer trial. Which statement best expresses the main recommendation?","The board should retain weekly feedback sessions for another year.","The pilot was not conclusive.","Every inexpensive pilot should become a permanent policy.","The additional operating cost was small.","The pilot linked the change with an increase in the number of assignments completed on time.","A","The board should retain weekly feedback sessions for another year.","The recommendation to continue for a year is the main claim supported by the pilot results and low cost. The remaining relevant statements are reasons or qualifications.","Original AI-generated practice item","Draft; not expert-reviewed or psychometrically validated",""
"Q0132","LSAT-style","strengthen","LR-strengthen","14","After North Observatory introduced public lectures, monthly visitor numbers increased. The director concludes that the change caused the increase. Which additional finding most strengthens the causal conclusion?","The director expected the change to help.","Some staff preferred the previous practice.","The organization measured the outcome only once after the change.","The new practice has a memorable name.","A randomized trial at comparable organizations found greater improvement in the group introducing public lectures than in the group keeping its previous practice.","E","A randomized trial at comparable organizations found greater improvement in the group introducing public lectures than in the group keeping its previous practice.","Random assignment and a comparison group help isolate the effect of the intervention. An expectation or label does not provide comparable evidence.","Original AI-generated practice item","Draft; not expert-reviewed or psychometrically validated",""
"Q0435","IQ-style","letter_coding","IQ-letter_coding","19","A code shifts every letter 5 places forward in the English alphabet, wrapping Z to A. How is GATE encoded?","NHAL","LFYJ","KEXI","MGZK","OIBM","B","LFYJ","Shift each letter by 5: G→L, A→F, T→Y, E→J.","Original AI-generated practice item","Draft; not expert-reviewed or psychometrically validated",""
"Q0349","IQ-style","spatial_cubes","IQ-spatial_cubes","10","A solid cube has edge length 80 cm. All six outer faces are painted. It is cut into cubes of edge length 16 cm. How many small cubes have no painted face?","125","64","32","27","28","D","27","There are 5 small cubes per edge. Only the interior cubes are unpainted: (5 − 2)^3 = 27.","Original AI-generated practice item","Draft; not expert-reviewed or psychometrically validated",""
"Q0450","IQ-style","set_reasoning","IQ-set_reasoning","20","A group has 50 members. 23 solve a word puzzle, 24 solve a number puzzle, and 1 solve both. How many solve at least one of the two puzzles?","47","50","44","46","45","D","46","Count each solver once: 23 + 24 − 1 = 46. Subtract the overlap because it was counted twice.","Original AI-generated practice item","Draft; not expert-reviewed or psychometrically validated",""
"Q0251","IQ-style","number_sequence","IQ-number_sequence","1","The sequence follows a constant-addition rule: 3, 6, 9, 12, 15, ?. What is the missing number?","16","21","19","18","17","D","18","Add 3 each time; 15 + 3 = 18.","Original AI-generated practice item","Draft; not expert-reviewed or psychometrically validated",""
"Q0070","LSAT-style","principle_application","LR-principle_application","7","Grove Recycling adopts this rule: Approve a pilot if, and only if, its total cost is below 8,000 credits and it can be reversed within one month. A pilot of curbside collection costs 3600 credits and can be reversed in two weeks. Which judgment follows from the rule?","Reject it because reversibility is irrelevant.","Approve this pilot because it satisfies both required conditions.","Approve it only if it is certain to succeed.","Reject it because every pilot must cost nothing.","The rule gives no basis for deciding whether to approve it.","B","Approve this pilot because it satisfies both required conditions.","Its cost of 3600 credits is below 8,000, and two weeks is within one month. Both necessary and sufficient conditions hold.","Original AI-generated practice item","Draft; not expert-reviewed or psychometrically validated",""
"Q0230","LSAT-style","principle_application","LR-principle_application","23","Willow Parks adopts this rule: Approve a pilot if, and only if, its total cost is below 8,000 credits and it can be reversed within one month. A pilot of outdoor exercise classes costs 5200 credits and can be reversed in two weeks. Which judgment follows from the rule?","Reject it because reversibility is irrelevant.","Approve it only if it is certain to succeed.","Reject it because every pilot must cost nothing.","The rule gives no basis for deciding whether to approve it.","Approve this pilot because it satisfies both required conditions.","E","Approve this pilot because it satisfies both required conditions.","Its cost of 5200 credits is below 8,000, and two weeks is within one month. Both necessary and sufficient conditions hold.","Original AI-generated practice item","Draft; not expert-reviewed or psychometrically validated",""
"Q0269","IQ-style","spatial_cubes","IQ-spatial_cubes","2","A solid cube has edge length 40 cm. All six outer faces are painted. It is cut into cubes of edge length 8 cm. How many small cubes have no painted face?","125","28","64","32","27","E","27","There are 5 small cubes per edge. Only the interior cubes are unpainted: (5 − 2)^3 = 27.","Original AI-generated practice item","Draft; not expert-reviewed or psychometrically validated",""
"Q0131","LSAT-style","weaken","LR-weaken","14","After North Observatory introduced public lectures, monthly visitor numbers increased. The director concludes that the change caused the increase. Which finding, if true, most weakens the argument?","At the same time, a widely publicized comet became visible, which independently tends to increase the measured outcome.","The organization had kept records before the change.","The director announced the change in advance.","Some people first heard about the organization several years ago.","Staff discussed several other possible changes.","A","At the same time, a widely publicized comet became visible, which independently tends to increase the measured outcome.","A simultaneous change offers an alternative cause of the improvement. The other findings do not explain the increase.","Original AI-generated practice item","Draft; not expert-reviewed or psychometrically validated",""
"Q0212","LSAT-style","strengthen","LR-strengthen","22","After Vale Hostel introduced self-service check-in, average guest ratings increased. The director concludes that the change caused the increase. Which additional finding most strengthens the causal conclusion?","The organization measured the outcome only once after the change.","The director expected the change to help.","A randomized trial at comparable organizations found greater improvement in the group introducing self-service check-in than in the group keeping its previous practice.","Some staff preferred the previous practice.","The new practice has a memorable name.","C","A randomized trial at comparable organizations found greater improvement in the group introducing self-service check-in than in the group keeping its previous practice.","Random assignment and a comparison group help isolate the effect of the intervention. An expectation or label does not provide comparable evidence.","Original AI-generated practice item","Draft; not expert-reviewed or psychometrically validated",""
"Q0240","LSAT-style","principle_application","LR-principle_application","24","Xenia Press adopts this rule: Approve a pilot if, and only if, its total cost is below 8,000 credits and it can be reversed within one month. A pilot of online sample chapters costs 5300 credits and can be reversed in two weeks. Which judgment follows from the rule?","Reject it because reversibility is irrelevant.","Reject it because every pilot must cost nothing.","Approve it only if it is certain to succeed.","The rule gives no basis for deciding whether to approve it.","Approve this pilot because it satisfies both required conditions.","E","Approve this pilot because it satisfies both required conditions.","Its cost of 5300 credits is below 8,000, and two weeks is within one month. Both necessary and sufficient conditions hold.","Original AI-generated practice item","Draft; not expert-reviewed or psychometrically validated",""
"Q0418","IQ-style","symbol_operation","IQ-symbol_operation","17","Define the operation a ◆ b as (a × b) + 19. What is 20 ◆ 18?","378","377","382","379","380","D","379","Substitute into the definition: (20 × 18) + 19 = 379.","Original AI-generated practice item","Draft; not expert-reviewed or psychometrically validated",""
"Q0098","LSAT-style","quantifier_inference","LR-quantifier_inference","10","At Juniper Workshop, some of its members uses the industrial saw. Every one of its members that uses the industrial saw also has safety certification. Which conclusion follows logically?","Some of its members that has safety certification also uses the industrial saw.","Some of its members that uses the industrial saw do not satisfy the condition 'has safety certification'.","Every one of its members that has safety certification also uses the industrial saw.","None of its members has safety certification.","Every one of its members uses the industrial saw.","A","Some of its members that has safety certification also uses the industrial saw.","The objects asserted to be A must also be B, establishing at least one object that is both. Nothing establishes that all B are A.","Original AI-generated practice item","Draft; not expert-reviewed or psychometrically validated",""
"Q0085","LSAT-style","main_conclusion","LR-main_conclusion","9","The board of Iris Garden should retain guided tours for another year. A pilot linked the change with an increase in monthly admissions, and the additional operating cost was small. Although the pilot is not conclusive, its results justify a longer trial. Which statement best expresses the main recommendation?","The pilot linked the change with an increase in monthly admissions.","The pilot was not conclusive.","Every inexpensive pilot should become a permanent policy.","The board should retain guided tours for another year.","The additional operating cost was small.","D","The board should retain guided tours for another year.","The recommendation to continue for a year is the main claim supported by the pilot results and low cost. The remaining relevant statements are reasons or qualifications.","Original AI-generated practice item","Draft; not expert-reviewed or psychometrically validated",""
"Q0170","LSAT-style","principle_application","LR-principle_application","17","Quartz School adopts this rule: Approve a pilot if, and only if, its total cost is below 8,000 credits and it can be reversed within one month. A pilot of breakfast service costs 4600 credits and can be reversed in two weeks. Which judgment follows from the rule?","Approve this pilot because it satisfies both required conditions.","The rule gives no basis for deciding whether to approve it.","Reject it because reversibility is irrelevant.","Approve it only if it is certain to succeed.","Reject it because every pilot must cost nothing.","A","Approve this pilot because it satisfies both required conditions.","Its cost of 4600 credits is below 8,000, and two weeks is within one month. Both necessary and sufficient conditions hold.","Original AI-generated practice item","Draft; not expert-reviewed or psychometrically validated",""
"Q0427","IQ-style","ordering","IQ-ordering","18","Five people each receive a different rank in contest 18. Cy finishes ahead of Bo, Bo ahead of Ari, Ari ahead of Eli, and Eli ahead of Dee. Who finishes fourth?","Cy","Bo","Ari","Dee","Eli","E","Eli","The complete order from first to fifth is Cy, Bo, Ari, Eli, Dee.","Original AI-generated practice item","Draft; not expert-reviewed or psychometrically validated",""
"Q0035","LSAT-style","main_conclusion","LR-main_conclusion","4","The board of Dune College should retain peer tutoring for another year. A pilot linked the change with an increase in the proportion of students passing mathematics, and the additional operating cost was small. Although the pilot is not conclusive, its results justify a longer trial. Which statement best expresses the main recommendation?","The pilot was not conclusive.","The board should retain peer tutoring for another year.","Every inexpensive pilot should become a permanent policy.","The additional operating cost was small.","The pilot linked the change with an increase in the proportion of students passing mathematics.","B","The board should retain peer tutoring for another year.","The recommendation to continue for a year is the main claim supported by the pilot results and low cost. The remaining relevant statements are reasons or qualifications.","Original AI-generated practice item","Draft; not expert-reviewed or psychometrically validated",""
"Q0407","IQ-style","ordering","IQ-ordering","16","Five people each receive a different rank in contest 16. Ari finishes ahead of Eli, Eli ahead of Dee, Dee ahead of Cy, and Cy ahead of Bo. Who finishes second?","Cy","Dee","Ari","Eli","Bo","D","Eli","The complete order from first to fifth is Ari, Eli, Dee, Cy, Bo.","Original AI-generated practice item","Draft; not expert-reviewed or psychometrically validated",""
"Q0093","LSAT-style","evaluate","LR-evaluate","10","After Juniper Workshop introduced tool reservations, the number of projects completed monthly increased. The director concludes that the change caused the increase. The answer to which question would be most useful in evaluating the argument?","Does the organization have a short name?","Was the director the first person to suggest the change?","Did comparable organizations that did not introduce tool reservations experience a similar increase during the same period?","Was the announcement printed in color?","Do staff prefer morning meetings to afternoon meetings?","C","Did comparable organizations that did not introduce tool reservations experience a similar increase during the same period?","An increase in the comparison group would suggest a common outside cause; no such increase would make the causal explanation more credible.","Original AI-generated practice item","Draft; not expert-reviewed or psychometrically validated",""
"Q0420","IQ-style","set_reasoning","IQ-set_reasoning","17","A group has 44 members. 20 solve a word puzzle, 21 solve a number puzzle, and 3 solve both. How many solve at least one of the two puzzles?","44","37","41","38","36","D","38","Count each solver once: 20 + 21 − 3 = 38. Subtract the overlap because it was counted twice.","Original AI-generated practice item","Draft; not expert-reviewed or psychometrically validated",""
"Q0329","IQ-style","spatial_cubes","IQ-spatial_cubes","8","A solid cube has edge length 42 cm. All six outer faces are painted. It is cut into cubes of edge length 14 cm. How many small cubes have no painted face?","1","4","8","27","2","A","1","There are 3 small cubes per edge. Only the interior cubes are unpainted: (3 − 2)^3 = 1.","Original AI-generated practice item","Draft; not expert-reviewed or psychometrically validated",""
"Q0258","IQ-style","symbol_operation","IQ-symbol_operation","1","Define the operation a ◆ b as (a × b) + 3. What is 4 ◆ 2?","10","11","9","12","14","B","11","Substitute into the definition: (4 × 2) + 3 = 11.","Original AI-generated practice item","Draft; not expert-reviewed or psychometrically validated",""
"Q0454","IQ-style","number_matrix","IQ-number_matrix","21","In each row, the third number equals the first multiplied by the second. Row 1: 23, 26, 598. Row 2: 26, 24, 624. Row 3: 28, 24, ?. Find the missing entry.","671","675","670","673","672","E","672","Apply the stated row rule: 28 × 24 = 672.","Original AI-generated practice item","Draft; not expert-reviewed or psychometrically validated",""
"Q0280","IQ-style","set_reasoning","IQ-set_reasoning","3","A group has 16 members. 6 solve a word puzzle, 7 solve a number puzzle, and 4 solve both. How many solve at least one of the two puzzles?","7","16","13","9","8","D","9","Count each solver once: 6 + 7 − 4 = 9. Subtract the overlap because it was counted twice.","Original AI-generated practice item","Draft; not expert-reviewed or psychometrically validated",""
"Q0260","IQ-style","set_reasoning","IQ-set_reasoning","1","A group has 12 members. 4 solve a word puzzle, 5 solve a number puzzle, and 2 solve both. How many solve at least one of the two puzzles?","6","5","12","9","7","E","7","Count each solver once: 4 + 5 − 2 = 7. Subtract the overlap because it was counted twice.","Original AI-generated practice item","Draft; not expert-reviewed or psychometrically validated",""
"Q0302","IQ-style","multiplication_sequence","IQ-multiplication_sequence","6","Each term is obtained by multiplying the preceding term by the same positive integer: 7, 14, 28, 56, ?. What comes next?","111","110","115","113","112","E","112","The multiplier is 2, so 56 × 2 = 112.","Original AI-generated practice item","Draft; not expert-reviewed or psychometrically validated",""
"Q0271","IQ-style","number_sequence","IQ-number_sequence","3","The sequence follows a constant-addition rule: 5, 10, 15, 20, 25, ?. What is the missing number?","33","31","30","28","29","C","30","Add 5 each time; 25 + 5 = 30.","Original AI-generated practice item","Draft; not expert-reviewed or psychometrically validated",""
"Q0396","IQ-style","mental_rotation","IQ-mental_rotation","15","A robot faces west. It turns clockwise by 90 degrees, then moves straight ahead 17 metres without turning again. Which direction is it facing?","north","south","east","Its direction cannot be determined.","west","A","north","A 90-degree clockwise turn moves 1 quarter-turn around north, east, south, west. Forward travel does not change orientation.","Original AI-generated practice item","Draft; not expert-reviewed or psychometrically validated",""
"Q0360","IQ-style","set_reasoning","IQ-set_reasoning","11","A group has 32 members. 14 solve a word puzzle, 15 solve a number puzzle, and 2 solve both. How many solve at least one of the two puzzles?","29","32","25","27","26","D","27","Count each solver once: 14 + 15 − 2 = 27. Subtract the overlap because it was counted twice.","Original AI-generated practice item","Draft; not expert-reviewed or psychometrically validated",""
"Q0020","LSAT-style","principle_application","LR-principle_application","2","Brook Museum adopts this rule: Approve a pilot if, and only if, its total cost is below 8,000 credits and it can be reversed within one month. A pilot of audio guides costs 3100 credits and can be reversed in two weeks. Which judgment follows from the rule?","Reject it because every pilot must cost nothing.","Reject it because reversibility is irrelevant.","Approve this pilot because it satisfies both required conditions.","Approve it only if it is certain to succeed.","The rule gives no basis for deciding whether to approve it.","C","Approve this pilot because it satisfies both required conditions.","Its cost of 3100 credits is below 8,000, and two weeks is within one month. Both necessary and sufficient conditions hold.","Original AI-generated practice item","Draft; not expert-reviewed or psychometrically validated",""
"Q0311","IQ-style","number_sequence","IQ-number_sequence","7","The sequence follows a constant-addition rule: 9, 11, 13, 15, 17, ?. What is the missing number?","17","19","20","22","18","B","19","Add 2 each time; 17 + 2 = 19.","Original AI-generated practice item","Draft; not expert-reviewed or psychometrically validated",""
"Q0244","LSAT-style","causal_flaw","LR-causal_flaw","25","After Yarrow Centre introduced free introductory classes, monthly registrations increased. The director concludes that the change caused the increase. The reasoning is vulnerable primarily because it:","Infers that an event is impossible because it is rare.","Rejects the conclusion solely because of the director's character.","Treats an improvement following a change as enough to establish that the change produced the improvement.","Shows that the outcome decreased and then claims it increased.","Assumes that what is true of every organization must be false of this organization.","C","Treats an improvement following a change as enough to establish that the change produced the improvement.","The evidence gives temporal order, but does not rule out other causes.","Original AI-generated practice item","Draft; not expert-reviewed or psychometrically validated",""
"Q0480","IQ-style","set_reasoning","IQ-set_reasoning","23","A group has 56 members. 26 solve a word puzzle, 27 solve a number puzzle, and 4 solve both. How many solve at least one of the two puzzles?","48","47","53","49","56","D","49","Count each solver once: 26 + 27 − 4 = 49. Subtract the overlap because it was counted twice.","Original AI-generated practice item","Draft; not expert-reviewed or psychometrically validated",""
"Q0331","IQ-style","number_sequence","IQ-number_sequence","9","The sequence follows a constant-addition rule: 11, 15, 19, 23, 27, ?. What is the missing number?","29","34","31","30","32","C","31","Add 4 each time; 27 + 4 = 31.","Original AI-generated practice item","Draft; not expert-reviewed or psychometrically validated",""
"Q0101","LSAT-style","weaken","LR-weaken","11","After Kestrel Archive introduced a searchable catalogue, weekly document requests fulfilled increased. The director concludes that the change caused the increase. Which finding, if true, most weakens the argument?","The director announced the change in advance.","Staff discussed several other possible changes.","Some people first heard about the organization several years ago.","The organization had kept records before the change.","At the same time, additional archivists were hired, which independently tends to increase the measured outcome.","E","At the same time, additional archivists were hired, which independently tends to increase the measured outcome.","A simultaneous change offers an alternative cause of the improvement. The other findings do not explain the increase.","Original AI-generated practice item","Draft; not expert-reviewed or psychometrically validated",""
"Q0072","LSAT-style","strengthen","LR-strengthen","8","After Harbor Pool introduced online booking, weekly visits increased. The director concludes that the change caused the increase. Which additional finding most strengthens the causal conclusion?","The new practice has a memorable name.","A randomized trial at comparable organizations found greater improvement in the group introducing online booking than in the group keeping its previous practice.","The organization measured the outcome only once after the change.","The director expected the change to help.","Some staff preferred the previous practice.","B","A randomized trial at comparable organizations found greater improvement in the group introducing online booking than in the group keeping its previous practice.","Random assignment and a comparison group help isolate the effect of the intervention. An expectation or label does not provide comparable evidence.","Original AI-generated practice item","Draft; not expert-reviewed or psychometrically validated",""
"Q0441","IQ-style","number_sequence","IQ-number_sequence","20","The sequence follows a constant-addition rule: 22, 30, 38, 46, 54, ?. What is the missing number?","60","63","62","61","65","C","62","Add 8 each time; 54 + 8 = 62.","Original AI-generated practice item","Draft; not expert-reviewed or psychometrically validated",""
"Q0237","LSAT-style","sufficient_assumption","LR-sufficient_assumption","24","At Xenia Press, every one of its manuscripts that includes translated quotations also has a translation review. A manager concludes that every one that includes translated quotations also has an assigned editor. Which additional premise, if assumed, guarantees the conclusion?","Every one of its manuscripts that has an assigned editor also includes translated quotations.","Every one of its manuscripts that has an assigned editor also has a translation review.","Some of its manuscripts that has a translation review also has an assigned editor.","Every one of its manuscripts that has a translation review also has an assigned editor.","Some of its manuscripts that has an assigned editor also includes translated quotations.","D","Every one of its manuscripts that has a translation review also has an assigned editor.","Adding B → C closes the chain from A to C. Reversed rules and statements about only some objects do not guarantee the conclusion for every A.","Original AI-generated practice item","Draft; not expert-reviewed or psychometrically validated",""
"Q0353","IQ-style","increasing_differences","IQ-increasing_differences","11","Successive differences increase by 1: 15, 27, 40, 54, 69, ?. Find the next term.","86","88","85","83","84","C","85","The differences are 12, 13, 14, 15; the next is 16. Thus 69 + 16 = 85.","Original AI-generated practice item","Draft; not expert-reviewed or psychometrically validated",""
"Q0233","LSAT-style","evaluate","LR-evaluate","24","After Xenia Press introduced online sample chapters, monthly book sales increased. The director concludes that the change caused the increase. The answer to which question would be most useful in evaluating the argument?","Was the announcement printed in color?","Do staff prefer morning meetings to afternoon meetings?","Was the director the first person to suggest the change?","Does the organization have a short name?","Did comparable organizations that did not introduce online sample chapters experience a similar increase during the same period?","E","Did comparable organizations that did not introduce online sample chapters experience a similar increase during the same period?","An increase in the comparison group would suggest a common outside cause; no such increase would make the causal explanation more credible.","Original AI-generated practice item","Draft; not expert-reviewed or psychometrically validated",""
"Q0460","IQ-style","set_reasoning","IQ-set_reasoning","21","A group has 52 members. 24 solve a word puzzle, 25 solve a number puzzle, and 2 solve both. How many solve at least one of the two puzzles?","45","52","47","49","46","C","47","Count each solver once: 24 + 25 − 2 = 47. Subtract the overlap because it was counted twice.","Original AI-generated practice item","Draft; not expert-reviewed or psychometrically validated",""
"Q0221","LSAT-style","weaken","LR-weaken","23","After Willow Parks introduced outdoor exercise classes, weekly park visits increased. The director concludes that the change caused the increase. Which finding, if true, most weakens the argument?","Staff discussed several other possible changes.","The director announced the change in advance.","At the same time, an unusually mild season began, which independently tends to increase the measured outcome.","Some people first heard about the organization several years ago.","The organization had kept records before the change.","C","At the same time, an unusually mild season began, which independently tends to increase the measured outcome.","A simultaneous change offers an alternative cause of the improvement. The other findings do not explain the increase.","Original AI-generated practice item","Draft; not expert-reviewed or psychometrically validated",""
"Q0482","IQ-style","multiplication_sequence","IQ-multiplication_sequence","24","Each term is obtained by multiplying the preceding term by the same positive integer: 25, 50, 100, 200, ?. What comes next?","400","399","398","401","403","A","400","The multiplier is 2, so 200 × 2 = 400.","Original AI-generated practice item","Draft; not expert-reviewed or psychometrically validated",""
"Q0315","IQ-style","letter_coding","IQ-letter_coding","7","A code shifts every letter 3 places forward in the English alphabet, wrapping Z to A. How is STAR encoded?","YZGX","VWDU","UVCT","WXEV","XYFW","B","VWDU","Shift each letter by 3: S→V, T→W, A→D, R→U.","Original AI-generated practice item","Draft; not expert-reviewed or psychometrically validated",""
"Q0448","IQ-style","symbol_operation","IQ-symbol_operation","20","Define the operation a ◆ b as (a × b) + 22. What is 23 ◆ 21?","503","506","508","505","504","D","505","Substitute into the definition: (23 × 21) + 22 = 505.","Original AI-generated practice item","Draft; not expert-reviewed or psychometrically validated",""
"Q0048","LSAT-style","quantifier_inference","LR-quantifier_inference","5","At Elm Food Bank, some of its deliveries contains chilled food. Every one of its deliveries that contains chilled food also uses a refrigerated vehicle. Which conclusion follows logically?","Some of its deliveries that uses a refrigerated vehicle also contains chilled food.","Every one of its deliveries that uses a refrigerated vehicle also contains chilled food.","Some of its deliveries that contains chilled food do not satisfy the condition 'uses a refrigerated vehicle'.","Every one of its deliveries contains chilled food.","None of its deliveries uses a refrigerated vehicle.","A","Some of its deliveries that uses a refrigerated vehicle also contains chilled food.","The objects asserted to be A must also be B, establishing at least one object that is both. Nothing establishes that all B are A.","Original AI-generated practice item","Draft; not expert-reviewed or psychometrically validated",""
"Q0184","LSAT-style","causal_flaw","LR-causal_flaw","19","After Spruce Gym introduced fitness consultations, membership renewals increased. The director concludes that the change caused the increase. The reasoning is vulnerable primarily because it:","Infers that an event is impossible because it is rare.","Treats an improvement following a change as enough to establish that the change produced the improvement.","Assumes that what is true of every organization must be false of this organization.","Rejects the conclusion solely because of the director's character.","Shows that the outcome decreased and then claims it increased.","B","Treats an improvement following a change as enough to establish that the change produced the improvement.","The evidence gives temporal order, but does not rule out other causes.","Original AI-generated practice item","Draft; not expert-reviewed or psychometrically validated",""
"Q0345","IQ-style","letter_coding","IQ-letter_coding","10","A code shifts every letter 1 place forward in the English alphabet, wrapping Z to A. How is FISH encoded?","GJTI","HKUJ","FISH","JMWL","ILVK","A","GJTI","Shift each letter by 1: F→G, I→J, S→T, H→I.","Original AI-generated practice item","Draft; not expert-reviewed or psychometrically validated",""
"Q0063","LSAT-style","evaluate","LR-evaluate","7","After Grove Recycling introduced curbside collection, the amount of material recycled weekly increased. The director concludes that the change caused the increase. The answer to which question would be most useful in evaluating the argument?","Did comparable organizations that did not introduce curbside collection experience a similar increase during the same period?","Do staff prefer morning meetings to afternoon meetings?","Was the director the first person to suggest the change?","Was the announcement printed in color?","Does the organization have a short name?","A","Did comparable organizations that did not introduce curbside collection experience a similar increase during the same period?","An increase in the comparison group would suggest a common outside cause; no such increase would make the causal explanation more credible.","Original AI-generated practice item","Draft; not expert-reviewed or psychometrically validated",""
"Q0106","LSAT-style","must_be_true","LR-must_be_true","11","At Kestrel Archive, every one of its documents that contains private addresses also requires restricted handling. Every one that requires restricted handling also has an access classification. Which statement must be true?","None of its documents that has an access classification also requires restricted handling.","At least one of its documents contains private addresses.","Every one of its documents that contains private addresses also has an access classification.","Every one of its documents that has an access classification also contains private addresses.","Every one of its documents that requires restricted handling also contains private addresses.","C","Every one of its documents that contains private addresses also has an access classification.","The two conditional rules form A → B → C, so A → C. They do not imply their converses or establish that any A exists.","Original AI-generated practice item","Draft; not expert-reviewed or psychometrically validated",""
"Q0076","LSAT-style","must_be_true","LR-must_be_true","8","At Harbor Pool, every one of its sessions that admits novice swimmers also has an instructor. Every one that has an instructor also has a designated supervisor. Which statement must be true?","Every one of its sessions that has a designated supervisor also admits novice swimmers.","At least one of its sessions admits novice swimmers.","Every one of its sessions that has an instructor also admits novice swimmers.","None of its sessions that has a designated supervisor also has an instructor.","Every one of its sessions that admits novice swimmers also has a designated supervisor.","E","Every one of its sessions that admits novice swimmers also has a designated supervisor.","The two conditional rules form A → B → C, so A → C. They do not imply their converses or establish that any A exists.","Original AI-generated practice item","Draft; not expert-reviewed or psychometrically validated",""
"Q0203","LSAT-style","evaluate","LR-evaluate","21","After Umber Studio introduced weekly feedback sessions, the number of assignments completed on time increased. The director concludes that the change caused the increase. The answer to which question would be most useful in evaluating the argument?","Was the director the first person to suggest the change?","Does the organization have a short name?","Did comparable organizations that did not introduce weekly feedback sessions experience a similar increase during the same period?","Do staff prefer morning meetings to afternoon meetings?","Was the announcement printed in color?","C","Did comparable organizations that did not introduce weekly feedback sessions experience a similar increase during the same period?","An increase in the comparison group would suggest a common outside cause; no such increase would make the causal explanation more credible.","Original AI-generated practice item","Draft; not expert-reviewed or psychometrically validated",""
"Q0447","IQ-style","ordering","IQ-ordering","20","Five people each receive a different rank in contest 20. Eli finishes ahead of Dee, Dee ahead of Cy, Cy ahead of Bo, and Bo ahead of Ari. Who finishes first?","Ari","Cy","Dee","Eli","Bo","D","Eli","The complete order from first to fifth is Eli, Dee, Cy, Bo, Ari.","Original AI-generated practice item","Draft; not expert-reviewed or psychometrically validated",""
"Q0083","LSAT-style","evaluate","LR-evaluate","9","After Iris Garden introduced guided tours, monthly admissions increased. The director concludes that the change caused the increase. The answer to which question would be most useful in evaluating the argument?","Was the announcement printed in color?","Does the organization have a short name?","Do staff prefer morning meetings to afternoon meetings?","Did comparable organizations that did not introduce guided tours experience a similar increase during the same period?","Was the director the first person to suggest the change?","D","Did comparable organizations that did not introduce guided tours experience a similar increase during the same period?","An increase in the comparison group would suggest a common outside cause; no such increase would make the causal explanation more credible.","Original AI-generated practice item","Draft; not expert-reviewed or psychometrically validated",""
"Q0481","IQ-style","number_sequence","IQ-number_sequence","24","The sequence follows a constant-addition rule: 26, 31, 36, 41, 46, ?. What is the missing number?","52","49","51","54","50","C","51","Add 5 each time; 46 + 5 = 51.","Original AI-generated practice item","Draft; not expert-reviewed or psychometrically validated",""
"Q0002","LSAT-style","strengthen","LR-strengthen","1","After Alder Library introduced extended evening hours, weekly book loans increased. The director concludes that the change caused the increase. Which additional finding most strengthens the causal conclusion?","The director expected the change to help.","Some staff preferred the previous practice.","A randomized trial at comparable organizations found greater improvement in the group introducing extended evening hours than in the group keeping its previous practice.","The new practice has a memorable name.","The organization measured the outcome only once after the change.","C","A randomized trial at comparable organizations found greater improvement in the group introducing extended evening hours than in the group keeping its previous practice.","Random assignment and a comparison group help isolate the effect of the intervention. An expectation or label does not provide comparable evidence.","Original AI-generated practice item","Draft; not expert-reviewed or psychometrically validated",""
"Q0019","LSAT-style","necessary_assumption","LR-necessary_assumption","2","Brook Museum plans to fund audio guides entirely by reducing printing costs. The finance officer argues: ""The printing savings will cover the full cost, so we will not need any other funding for the change."" Which assumption is required?","No staff member will object to the change.","The organization will never print anything again.","Every other possible change would cost more.","The new practice will improve every measured outcome.","The printing savings available for the change will be at least as large as its full cost.","E","The printing savings available for the change will be at least as large as its full cost.","If available printing savings are smaller than the full cost, the stated funding conclusion fails. The stronger claims in the other options are unnecessary.","Original AI-generated practice item","Draft; not expert-reviewed or psychometrically validated",""
"Q0462","IQ-style","multiplication_sequence","IQ-multiplication_sequence","22","Each term is obtained by multiplying the preceding term by the same positive integer: 23, 69, 207, 621, ?. What comes next?","1862","1864","1863","1866","1861","C","1863","The multiplier is 3, so 621 × 3 = 1863.","Original AI-generated practice item","Draft; not expert-reviewed or psychometrically validated",""
"Q0111","LSAT-style","weaken","LR-weaken","12","After Larch Clinic introduced appointment reminders, the proportion of patients arriving on time increased. The director concludes that the change caused the increase. Which finding, if true, most weakens the argument?","Staff discussed several other possible changes.","The director announced the change in advance.","At the same time, a new bus route began stopping outside, which independently tends to increase the measured outcome.","The organization had kept records before the change.","Some people first heard about the organization several years ago.","C","At the same time, a new bus route began stopping outside, which independently tends to increase the measured outcome.","A simultaneous change offers an alternative cause of the improvement. The other findings do not explain the increase.","Original AI-generated practice item","Draft; not expert-reviewed or psychometrically validated",""
"Q0359","IQ-style","spatial_cubes","IQ-spatial_cubes","11","A solid cube has edge length 102 cm. All six outer faces are painted. It is cut into cubes of edge length 17 cm. How many small cubes have no painted face?","216","70","65","125","64","E","64","There are 6 small cubes per edge. Only the interior cubes are unpainted: (6 − 2)^3 = 64.","Original AI-generated practice item","Draft; not expert-reviewed or psychometrically validated",""
"Q0371","IQ-style","number_sequence","IQ-number_sequence","13","The sequence follows a constant-addition rule: 15, 23, 31, 39, 47, ?. What is the missing number?","56","58","55","54","53","C","55","Add 8 each time; 47 + 8 = 55.","Original AI-generated practice item","Draft; not expert-reviewed or psychometrically validated",""
"Q0389","IQ-style","spatial_cubes","IQ-spatial_cubes","14","A solid cube has edge length 100 cm. All six outer faces are painted. It is cut into cubes of edge length 20 cm. How many small cubes have no painted face?","28","32","27","64","125","C","27","There are 5 small cubes per edge. Only the interior cubes are unpainted: (5 − 2)^3 = 27.","Original AI-generated practice item","Draft; not expert-reviewed or psychometrically validated",""
"Q0422","IQ-style","multiplication_sequence","IQ-multiplication_sequence","18","Each term is obtained by multiplying the preceding term by the same positive integer: 19, 38, 76, 152, ?. What comes next?","302","307","303","304","305","D","304","The multiplier is 2, so 152 × 2 = 304.","Original AI-generated practice item","Draft; not expert-reviewed or psychometrically validated",""
"Q0338","IQ-style","symbol_operation","IQ-symbol_operation","9","Define the operation a ◆ b as (a × b) + 11. What is 12 ◆ 10?","134","132","131","129","130","C","131","Substitute into the definition: (12 × 10) + 11 = 131.","Original AI-generated practice item","Draft; not expert-reviewed or psychometrically validated",""
"Q0486","IQ-style","mental_rotation","IQ-mental_rotation","24","A robot faces north. It turns clockwise by 90 degrees, then moves straight ahead 26 metres without turning again. Which direction is it facing?","east","Its direction cannot be determined.","south","west","north","A","east","A 90-degree clockwise turn moves 1 quarter-turn around north, east, south, west. Forward travel does not change orientation.","Original AI-generated practice item","Draft; not expert-reviewed or psychometrically validated",""
"Q0336","IQ-style","mental_rotation","IQ-mental_rotation","9","A robot faces east. It turns clockwise by 90 degrees, then moves straight ahead 11 metres without turning again. Which direction is it facing?","west","Its direction cannot be determined.","south","east","north","C","south","A 90-degree clockwise turn moves 1 quarter-turn around north, east, south, west. Forward travel does not change orientation.","Original AI-generated practice item","Draft; not expert-reviewed or psychometrically validated",""
"Q0041","LSAT-style","weaken","LR-weaken","5","After Elm Food Bank introduced text reminders, the proportion of appointments attended increased. The director concludes that the change caused the increase. Which finding, if true, most weakens the argument?","The organization had kept records before the change.","Some people first heard about the organization several years ago.","The director announced the change in advance.","Staff discussed several other possible changes.","At the same time, free transport became available to clients, which independently tends to increase the measured outcome.","E","At the same time, free transport became available to clients, which independently tends to increase the measured outcome.","A simultaneous change offers an alternative cause of the improvement. The other findings do not explain the increase.","Original AI-generated practice item","Draft; not expert-reviewed or psychometrically validated",""
"Q0322","IQ-style","multiplication_sequence","IQ-multiplication_sequence","8","Each term is obtained by multiplying the preceding term by the same positive integer: 9, 36, 144, 576, ?. What comes next?","2302","2307","2303","2304","2305","D","2304","The multiplier is 4, so 576 × 4 = 2304.","Original AI-generated practice item","Draft; not expert-reviewed or psychometrically validated",""
"Q0300","IQ-style","set_reasoning","IQ-set_reasoning","5","A group has 20 members. 8 solve a word puzzle, 9 solve a number puzzle, and 1 solve both. How many solve at least one of the two puzzles?","15","16","17","20","14","B","16","Count each solver once: 8 + 9 − 1 = 16. Subtract the overlap because it was counted twice.","Original AI-generated practice item","Draft; not expert-reviewed or psychometrically validated",""
"Q0337","IQ-style","ordering","IQ-ordering","9","Five people each receive a different rank in contest 9. Eli finishes ahead of Ari, Ari ahead of Bo, Bo ahead of Cy, and Cy ahead of Dee. Who finishes fifth?","Cy","Bo","Dee","Eli","Ari","C","Dee","The complete order from first to fifth is Eli, Ari, Bo, Cy, Dee.","Original AI-generated practice item","Draft; not expert-reviewed or psychometrically validated",""
"Q0477","IQ-style","ordering","IQ-ordering","23","Five people each receive a different rank in contest 23. Dee finishes ahead of Eli, Eli ahead of Ari, Ari ahead of Bo, and Bo ahead of Cy. Who finishes fourth?","Eli","Dee","Cy","Bo","Ari","D","Bo","The complete order from first to fifth is Dee, Eli, Ari, Bo, Cy.","Original AI-generated practice item","Draft; not expert-reviewed or psychometrically validated",""
"Q0433","IQ-style","increasing_differences","IQ-increasing_differences","19","Successive differences increase by 1: 23, 43, 64, 86, 109, ?. Find the next term.","131","132","134","133","136","D","133","The differences are 20, 21, 22, 23; the next is 24. Thus 109 + 24 = 133.","Original AI-generated practice item","Draft; not expert-reviewed or psychometrically validated",""
"Q0484","IQ-style","number_matrix","IQ-number_matrix","24","In each row, the third number equals the first multiplied by the second. Row 1: 26, 29, 754. Row 2: 29, 27, 783. Row 3: 31, 27, ?. Find the missing entry.","835","838","836","840","837","E","837","Apply the stated row rule: 31 × 27 = 837.","Original AI-generated practice item","Draft; not expert-reviewed or psychometrically validated",""
"Q0173","LSAT-style","evaluate","LR-evaluate","18","After Reed Orchestra introduced short preview concerts, season ticket sales increased. The director concludes that the change caused the increase. The answer to which question would be most useful in evaluating the argument?","Does the organization have a short name?","Did comparable organizations that did not introduce short preview concerts experience a similar increase during the same period?","Do staff prefer morning meetings to afternoon meetings?","Was the director the first person to suggest the change?","Was the announcement printed in color?","B","Did comparable organizations that did not introduce short preview concerts experience a similar increase during the same period?","An increase in the comparison group would suggest a common outside cause; no such increase would make the causal explanation more credible.","Original AI-generated practice item","Draft; not expert-reviewed or psychometrically validated",""
"Q0080","LSAT-style","principle_application","LR-principle_application","8","Harbor Pool adopts this rule: Approve a pilot if, and only if, its total cost is below 8,000 credits and it can be reversed within one month. A pilot of online booking costs 3700 credits and can be reversed in two weeks. Which judgment follows from the rule?","Approve this pilot because it satisfies both required conditions.","The rule gives no basis for deciding whether to approve it.","Approve it only if it is certain to succeed.","Reject it because every pilot must cost nothing.","Reject it because reversibility is irrelevant.","A","Approve this pilot because it satisfies both required conditions.","Its cost of 3700 credits is below 8,000, and two weeks is within one month. Both necessary and sufficient conditions hold.","Original AI-generated practice item","Draft; not expert-reviewed or psychometrically validated",""
"Q0289","IQ-style","spatial_cubes","IQ-spatial_cubes","4","A solid cube has edge length 30 cm. All six outer faces are painted. It is cut into cubes of edge length 10 cm. How many small cubes have no painted face?","4","1","2","8","27","B","1","There are 3 small cubes per edge. Only the interior cubes are unpainted: (3 − 2)^3 = 1.","Original AI-generated practice item","Draft; not expert-reviewed or psychometrically validated",""
"Q0222","LSAT-style","strengthen","LR-strengthen","23","After Willow Parks introduced outdoor exercise classes, weekly park visits increased. The director concludes that the change caused the increase. Which additional finding most strengthens the causal conclusion?","The director expected the change to help.","A randomized trial at comparable organizations found greater improvement in the group introducing outdoor exercise classes than in the group keeping its previous practice.","Some staff preferred the previous practice.","The new practice has a memorable name.","The organization measured the outcome only once after the change.","B","A randomized trial at comparable organizations found greater improvement in the group introducing outdoor exercise classes than in the group keeping its previous practice.","Random assignment and a comparison group help isolate the effect of the intervention. An expectation or label does not provide comparable evidence.","Original AI-generated practice item","Draft; not expert-reviewed or psychometrically validated",""
"Q0399","IQ-style","spatial_cubes","IQ-spatial_cubes","15","A solid cube has edge length 126 cm. All six outer faces are painted. It is cut into cubes of edge length 21 cm. How many small cubes have no painted face?","125","65","70","216","64","E","64","There are 6 small cubes per edge. Only the interior cubes are unpainted: (6 − 2)^3 = 64.","Original AI-generated practice item","Draft; not expert-reviewed or psychometrically validated",""
"Q0210","LSAT-style","principle_application","LR-principle_application","21","Umber Studio adopts this rule: Approve a pilot if, and only if, its total cost is below 8,000 credits and it can be reversed within one month. A pilot of weekly feedback sessions costs 5000 credits and can be reversed in two weeks. Which judgment follows from the rule?","The rule gives no basis for deciding whether to approve it.","Reject it because every pilot must cost nothing.","Approve it only if it is certain to succeed.","Approve this pilot because it satisfies both required conditions.","Reject it because reversibility is irrelevant.","D","Approve this pilot because it satisfies both required conditions.","Its cost of 5000 credits is below 8,000, and two weeks is within one month. Both necessary and sufficient conditions hold.","Original AI-generated practice item","Draft; not expert-reviewed or psychometrically validated",""
"Q0086","LSAT-style","must_be_true","LR-must_be_true","9","At Iris Garden, every one of its plots that contains protected plants also has restricted access. Every one that has restricted access also has a posted notice. Which statement must be true?","None of its plots that has a posted notice also has restricted access.","At least one of its plots contains protected plants.","Every one of its plots that has restricted access also contains protected plants.","Every one of its plots that contains protected plants also has a posted notice.","Every one of its plots that has a posted notice also contains protected plants.","D","Every one of its plots that contains protected plants also has a posted notice.","The two conditional rules form A → B → C, so A → C. They do not imply their converses or establish that any A exists.","Original AI-generated practice item","Draft; not expert-reviewed or psychometrically validated",""
"Q0130","LSAT-style","principle_application","LR-principle_application","13","Maple Market adopts this rule: Approve a pilot if, and only if, its total cost is below 8,000 credits and it can be reversed within one month. A pilot of loyalty vouchers costs 4200 credits and can be reversed in two weeks. Which judgment follows from the rule?","Reject it because reversibility is irrelevant.","Approve it only if it is certain to succeed.","Approve this pilot because it satisfies both required conditions.","Reject it because every pilot must cost nothing.","The rule gives no basis for deciding whether to approve it.","C","Approve this pilot because it satisfies both required conditions.","Its cost of 4200 credits is below 8,000, and two weeks is within one month. Both necessary and sufficient conditions hold.","Original AI-generated practice item","Draft; not expert-reviewed or psychometrically validated",""
"Q0362","IQ-style","multiplication_sequence","IQ-multiplication_sequence","12","Each term is obtained by multiplying the preceding term by the same positive integer: 13, 26, 52, 104, ?. What comes next?","206","211","208","207","209","C","208","The multiplier is 2, so 104 × 2 = 208.","Original AI-generated practice item","Draft; not expert-reviewed or psychometrically validated",""
"Q0010","LSAT-style","principle_application","LR-principle_application","1","Alder Library adopts this rule: Approve a pilot if, and only if, its total cost is below 8,000 credits and it can be reversed within one month. A pilot of extended evening hours costs 3000 credits and can be reversed in two weeks. Which judgment follows from the rule?","Reject it because reversibility is irrelevant.","Approve it only if it is certain to succeed.","The rule gives no basis for deciding whether to approve it.","Approve this pilot because it satisfies both required conditions.","Reject it because every pilot must cost nothing.","D","Approve this pilot because it satisfies both required conditions.","Its cost of 3000 credits is below 8,000, and two weeks is within one month. Both necessary and sufficient conditions hold.","Original AI-generated practice item","Draft; not expert-reviewed or psychometrically validated",""
"Q0449","IQ-style","spatial_cubes","IQ-spatial_cubes","20","A solid cube has edge length 78 cm. All six outer faces are painted. It is cut into cubes of edge length 26 cm. How many small cubes have no painted face?","2","8","1","4","27","C","1","There are 3 small cubes per edge. Only the interior cubes are unpainted: (3 − 2)^3 = 1.","Original AI-generated practice item","Draft; not expert-reviewed or psychometrically validated",""
"Q0153","LSAT-style","evaluate","LR-evaluate","16","After Pine Delivery introduced routing software, the proportion of deliveries completed on time increased. The director concludes that the change caused the increase. The answer to which question would be most useful in evaluating the argument?","Do staff prefer morning meetings to afternoon meetings?","Was the director the first person to suggest the change?","Does the organization have a short name?","Was the announcement printed in color?","Did comparable organizations that did not introduce routing software experience a similar increase during the same period?","E","Did comparable organizations that did not introduce routing software experience a similar increase during the same period?","An increase in the comparison group would suggest a common outside cause; no such increase would make the causal explanation more credible.","Original AI-generated practice item","Draft; not expert-reviewed or psychometrically validated",""
"Q0178","LSAT-style","quantifier_inference","LR-quantifier_inference","18","At Reed Orchestra, some of its instruments is loaned to a student. Every one of its instruments that is loaned to a student also has an assigned borrower. Which conclusion follows logically?","Some of its instruments that has an assigned borrower also is loaned to a student.","Every one of its instruments that has an assigned borrower also is loaned to a student.","None of its instruments has an assigned borrower.","Some of its instruments that is loaned to a student do not satisfy the condition 'has an assigned borrower'.","Every one of its instruments is loaned to a student.","A","Some of its instruments that has an assigned borrower also is loaned to a student.","The objects asserted to be A must also be B, establishing at least one object that is both. Nothing establishes that all B are A.","Original AI-generated practice item","Draft; not expert-reviewed or psychometrically validated",""
"Q0229","LSAT-style","necessary_assumption","LR-necessary_assumption","23","Willow Parks plans to fund outdoor exercise classes entirely by reducing printing costs. The finance officer argues: ""The printing savings will cover the full cost, so we will not need any other funding for the change."" Which assumption is required?","The organization will never print anything again.","No staff member will object to the change.","The new practice will improve every measured outcome.","The printing savings available for the change will be at least as large as its full cost.","Every other possible change would cost more.","D","The printing savings available for the change will be at least as large as its full cost.","If available printing savings are smaller than the full cost, the stated funding conclusion fails. The stronger claims in the other options are unnecessary.","Original AI-generated practice item","Draft; not expert-reviewed or psychometrically validated",""
"Q0116","LSAT-style","must_be_true","LR-must_be_true","12","At Larch Clinic, every one of its records that is marked confidential also requires access authorization. Every one that requires access authorization also has an audit trail. Which statement must be true?","At least one of its records is marked confidential.","None of its records that has an audit trail also requires access authorization.","Every one of its records that has an audit trail also is marked confidential.","Every one of its records that is marked confidential also has an audit trail.","Every one of its records that requires access authorization also is marked confidential.","D","Every one of its records that is marked confidential also has an audit trail.","The two conditional rules form A → B → C, so A → C. They do not imply their converses or establish that any A exists.","Original AI-generated practice item","Draft; not expert-reviewed or psychometrically validated",""
"Q0365","IQ-style","letter_coding","IQ-letter_coding","12","A code shifts every letter 3 places forward in the English alphabet, wrapping Z to A. How is LEAF encoded?","PIEJ","RKGL","NGCH","OHDI","QJFK","D","OHDI","Shift each letter by 3: L→O, E→H, A→D, F→I.","Original AI-generated practice item","Draft; not expert-reviewed or psychometrically validated",""
"Q0436","IQ-style","mental_rotation","IQ-mental_rotation","19","A robot faces west. It turns clockwise by 180 degrees, then moves straight ahead 21 metres without turning again. Which direction is it facing?","north","south","Its direction cannot be determined.","west","east","E","east","A 180-degree clockwise turn moves 2 quarter-turns around north, east, south, west. Forward travel does not change orientation.","Original AI-generated practice item","Draft; not expert-reviewed or psychometrically validated",""
"Q0199","LSAT-style","necessary_assumption","LR-necessary_assumption","20","Tide Aquarium plans to fund interactive exhibits entirely by reducing printing costs. The finance officer argues: ""The printing savings will cover the full cost, so we will not need any other funding for the change."" Which assumption is required?","Every other possible change would cost more.","The new practice will improve every measured outcome.","The organization will never print anything again.","No staff member will object to the change.","The printing savings available for the change will be at least as large as its full cost.","E","The printing savings available for the change will be at least as large as its full cost.","If available printing savings are smaller than the full cost, the stated funding conclusion fails. The stronger claims in the other options are unnecessary.","Original AI-generated practice item","Draft; not expert-reviewed or psychometrically validated",""
"Q0316","IQ-style","mental_rotation","IQ-mental_rotation","7","A robot faces west. It turns clockwise by 180 degrees, then moves straight ahead 9 metres without turning again. Which direction is it facing?","east","south","west","north","Its direction cannot be determined.","A","east","A 180-degree clockwise turn moves 2 quarter-turns around north, east, south, west. Forward travel does not change orientation.","Original AI-generated practice item","Draft; not expert-reviewed or psychometrically validated",""
"Q0194","LSAT-style","causal_flaw","LR-causal_flaw","20","After Tide Aquarium introduced interactive exhibits, average visitor ratings increased. The director concludes that the change caused the increase. The reasoning is vulnerable primarily because it:","Treats an improvement following a change as enough to establish that the change produced the improvement.","Infers that an event is impossible because it is rare.","Shows that the outcome decreased and then claims it increased.","Assumes that what is true of every organization must be false of this organization.","Rejects the conclusion solely because of the director's character.","A","Treats an improvement following a change as enough to establish that the change produced the improvement.","The evidence gives temporal order, but does not rule out other causes.","Original AI-generated practice item","Draft; not expert-reviewed or psychometrically validated",""
"Q0295","IQ-style","letter_coding","IQ-letter_coding","5","A code shifts every letter 1 place forward in the English alphabet, wrapping Z to A. How is WAVE encoded?","WAVE","AEZI","YCXG","ZDYH","XBWF","E","XBWF","Shift each letter by 1: W→X, A→B, V→W, E→F.","Original AI-generated practice item","Draft; not expert-reviewed or psychometrically validated",""
"Q0242","LSAT-style","strengthen","LR-strengthen","25","After Yarrow Centre introduced free introductory classes, monthly registrations increased. The director concludes that the change caused the increase. Which additional finding most strengthens the causal conclusion?","Some staff preferred the previous practice.","The organization measured the outcome only once after the change.","A randomized trial at comparable organizations found greater improvement in the group introducing free introductory classes than in the group keeping its previous practice.","The director expected the change to help.","The new practice has a memorable name.","C","A randomized trial at comparable organizations found greater improvement in the group introducing free introductory classes than in the group keeping its previous practice.","Random assignment and a comparison group help isolate the effect of the intervention. An expectation or label does not provide comparable evidence.","Original AI-generated practice item","Draft; not expert-reviewed or psychometrically validated",""
"Q0008","LSAT-style","quantifier_inference","LR-quantifier_inference","1","At Alder Library, some of its branches offers evening hours. Every one of its branches that offers evening hours also has a trained supervisor. Which conclusion follows logically?","Every one of its branches that has a trained supervisor also offers evening hours.","None of its branches has a trained supervisor.","Some of its branches that offers evening hours do not satisfy the condition 'has a trained supervisor'.","Some of its branches that has a trained supervisor also offers evening hours.","Every one of its branches offers evening hours.","D","Some of its branches that has a trained supervisor also offers evening hours.","The objects asserted to be A must also be B, establishing at least one object that is both. Nothing establishes that all B are A.","Original AI-generated practice item","Draft; not expert-reviewed or psychometrically validated",""
"Q0092","LSAT-style","strengthen","LR-strengthen","10","After Juniper Workshop introduced tool reservations, the number of projects completed monthly increased. The director concludes that the change caused the increase. Which additional finding most strengthens the causal conclusion?","Some staff preferred the previous practice.","The director expected the change to help.","The new practice has a memorable name.","The organization measured the outcome only once after the change.","A randomized trial at comparable organizations found greater improvement in the group introducing tool reservations than in the group keeping its previous practice.","E","A randomized trial at comparable organizations found greater improvement in the group introducing tool reservations than in the group keeping its previous practice.","Random assignment and a comparison group help isolate the effect of the intervention. An expectation or label does not provide comparable evidence.","Original AI-generated practice item","Draft; not expert-reviewed or psychometrically validated",""
"Q0057","LSAT-style","sufficient_assumption","LR-sufficient_assumption","6","At Fern Theatre, every one of its performances that uses pyrotechnics also has a safety officer. A manager concludes that every one that uses pyrotechnics also has an emergency plan. Which additional premise, if assumed, guarantees the conclusion?","Every one of its performances that has a safety officer also has an emergency plan.","Some of its performances that has a safety officer also has an emergency plan.","Some of its performances that has an emergency plan also uses pyrotechnics.","Every one of its performances that has an emergency plan also uses pyrotechnics.","Every one of its performances that has an emergency plan also has a safety officer.","A","Every one of its performances that has a safety officer also has an emergency plan.","Adding B → C closes the chain from A to C. Reversed rules and statements about only some objects do not guarantee the conclusion for every A.","Original AI-generated practice item","Draft; not expert-reviewed or psychometrically validated",""
"Q0494","IQ-style","number_matrix","IQ-number_matrix","25","In each row, the third number equals the first multiplied by the second. Row 1: 27, 30, 810. Row 2: 30, 28, 840. Row 3: 32, 28, ?. Find the missing entry.","896","895","899","897","894","A","896","Apply the stated row rule: 32 × 28 = 896.","Original AI-generated practice item","Draft; not expert-reviewed or psychometrically validated",""
"Q0021","LSAT-style","weaken","LR-weaken","3","After Cedar Transit introduced live arrival displays, weekday ridership increased. The director concludes that the change caused the increase. Which finding, if true, most weakens the argument?","Staff discussed several other possible changes.","The organization had kept records before the change.","At the same time, the price of parking downtown increased, which independently tends to increase the measured outcome.","The director announced the change in advance.","Some people first heard about the organization several years ago.","C","At the same time, the price of parking downtown increased, which independently tends to increase the measured outcome.","A simultaneous change offers an alternative cause of the improvement. The other findings do not explain the increase.","Original AI-generated practice item","Draft; not expert-reviewed or psychometrically validated",""
"Q0190","LSAT-style","principle_application","LR-principle_application","19","Spruce Gym adopts this rule: Approve a pilot if, and only if, its total cost is below 8,000 credits and it can be reversed within one month. A pilot of fitness consultations costs 4800 credits and can be reversed in two weeks. Which judgment follows from the rule?","Reject it because reversibility is irrelevant.","Approve it only if it is certain to succeed.","The rule gives no basis for deciding whether to approve it.","Approve this pilot because it satisfies both required conditions.","Reject it because every pilot must cost nothing.","D","Approve this pilot because it satisfies both required conditions.","Its cost of 4800 credits is below 8,000, and two weeks is within one month. Both necessary and sufficient conditions hold.","Original AI-generated practice item","Draft; not expert-reviewed or psychometrically validated",""
"Q0381","IQ-style","number_sequence","IQ-number_sequence","14","The sequence follows a constant-addition rule: 16, 18, 20, 22, 24, ?. What is the missing number?","25","29","24","27","26","E","26","Add 2 each time; 24 + 2 = 26.","Original AI-generated practice item","Draft; not expert-reviewed or psychometrically validated",""
"Q0388","IQ-style","symbol_operation","IQ-symbol_operation","14","Define the operation a ◆ b as (a × b) + 16. What is 17 ◆ 15?","272","271","274","269","270","B","271","Substitute into the definition: (17 × 15) + 16 = 271.","Original AI-generated practice item","Draft; not expert-reviewed or psychometrically validated",""
"Q0216","LSAT-style","must_be_true","LR-must_be_true","22","At Vale Hostel, every one of its rooms that has a balcony also has a safety inspection. Every one that has a safety inspection also has an inspection record. Which statement must be true?","None of its rooms that has an inspection record also has a safety inspection.","At least one of its rooms has a balcony.","Every one of its rooms that has a safety inspection also has a balcony.","Every one of its rooms that has a balcony also has an inspection record.","Every one of its rooms that has an inspection record also has a balcony.","D","Every one of its rooms that has a balcony also has an inspection record.","The two conditional rules form A → B → C, so A → C. They do not imply their converses or establish that any A exists.","Original AI-generated practice item","Draft; not expert-reviewed or psychometrically validated",""
"Q0252","IQ-style","multiplication_sequence","IQ-multiplication_sequence","1","Each term is obtained by multiplying the preceding term by the same positive integer: 2, 6, 18, 54, ?. What comes next?","160","163","161","165","162","E","162","The multiplier is 3, so 54 × 3 = 162.","Original AI-generated practice item","Draft; not expert-reviewed or psychometrically validated",""
"Q0277","IQ-style","ordering","IQ-ordering","3","Five people each receive a different rank in contest 3. Dee finishes ahead of Eli, Eli ahead of Ari, Ari ahead of Bo, and Bo ahead of Cy. Who finishes fourth?","Dee","Eli","Bo","Cy","Ari","C","Bo","The complete order from first to fifth is Dee, Eli, Ari, Bo, Cy.","Original AI-generated practice item","Draft; not expert-reviewed or psychometrically validated",""
"Q0248","LSAT-style","quantifier_inference","LR-quantifier_inference","25","At Yarrow Centre, some of its programmes accepts young children. Every one of its programmes that accepts young children also has a safeguarding officer. Which conclusion follows logically?","Every one of its programmes that has a safeguarding officer also accepts young children.","Some of its programmes that accepts young children do not satisfy the condition 'has a safeguarding officer'.","Every one of its programmes accepts young children.","Some of its programmes that has a safeguarding officer also accepts young children.","None of its programmes has a safeguarding officer.","D","Some of its programmes that has a safeguarding officer also accepts young children.","The objects asserted to be A must also be B, establishing at least one object that is both. Nothing establishes that all B are A.","Original AI-generated practice item","Draft; not expert-reviewed or psychometrically validated",""
"Q0097","LSAT-style","sufficient_assumption","LR-sufficient_assumption","10","At Juniper Workshop, every one of its members that uses the industrial saw also has safety certification. A manager concludes that every one that uses the industrial saw also has completed an assessment. Which additional premise, if assumed, guarantees the conclusion?","Every one of its members that has completed an assessment also has safety certification.","Every one of its members that has safety certification also has completed an assessment.","Some of its members that has safety certification also has completed an assessment.","Every one of its members that has completed an assessment also uses the industrial saw.","Some of its members that has completed an assessment also uses the industrial saw.","B","Every one of its members that has safety certification also has completed an assessment.","Adding B → C closes the chain from A to C. Reversed rules and statements about only some objects do not guarantee the conclusion for every A.","Original AI-generated practice item","Draft; not expert-reviewed or psychometrically validated",""
"Q0383","IQ-style","increasing_differences","IQ-increasing_differences","14","Successive differences increase by 1: 18, 33, 49, 66, 84, ?. Find the next term.","106","104","103","102","101","C","103","The differences are 15, 16, 17, 18; the next is 19. Thus 84 + 19 = 103.","Original AI-generated practice item","Draft; not expert-reviewed or psychometrically validated",""
"Q0196","LSAT-style","must_be_true","LR-must_be_true","20","At Tide Aquarium, every one of its tanks that houses sensitive species also has a monitoring device. Every one that has a monitoring device also has a maintenance schedule. Which statement must be true?","Every one of its tanks that has a maintenance schedule also houses sensitive species.","None of its tanks that has a maintenance schedule also has a monitoring device.","At least one of its tanks houses sensitive species.","Every one of its tanks that houses sensitive species also has a maintenance schedule.","Every one of its tanks that has a monitoring device also houses sensitive species.","D","Every one of its tanks that houses sensitive species also has a maintenance schedule.","The two conditional rules form A → B → C, so A → C. They do not imply their converses or establish that any A exists.","Original AI-generated practice item","Draft; not expert-reviewed or psychometrically validated",""
"Q0256","IQ-style","mental_rotation","IQ-mental_rotation","1","A robot faces east. It turns clockwise by 180 degrees, then moves straight ahead 3 metres without turning again. Which direction is it facing?","east","west","north","south","Its direction cannot be determined.","B","west","A 180-degree clockwise turn moves 2 quarter-turns around north, east, south, west. Forward travel does not change orientation.","Original AI-generated practice item","Draft; not expert-reviewed or psychometrically validated",""
"Q0499","IQ-style","spatial_cubes","IQ-spatial_cubes","25","A solid cube has edge length 124 cm. All six outer faces are painted. It is cut into cubes of edge length 31 cm. How many small cubes have no painted face?","64","27","8","12","9","C","8","There are 4 small cubes per edge. Only the interior cubes are unpainted: (4 − 2)^3 = 8.","Original AI-generated practice item","Draft; not expert-reviewed or psychometrically validated",""
"Q0204","LSAT-style","causal_flaw","LR-causal_flaw","21","After Umber Studio introduced weekly feedback sessions, the number of assignments completed on time increased. The director concludes that the change caused the increase. The reasoning is vulnerable primarily because it:","Rejects the conclusion solely because of the director's character.","Infers that an event is impossible because it is rare.","Treats an improvement following a change as enough to establish that the change produced the improvement.","Shows that the outcome decreased and then claims it increased.","Assumes that what is true of every organization must be false of this organization.","C","Treats an improvement following a change as enough to establish that the change produced the improvement.","The evidence gives temporal order, but does not rule out other causes.","Original AI-generated practice item","Draft; not expert-reviewed or psychometrically validated",""
"Q0145","LSAT-style","main_conclusion","LR-main_conclusion","15","The board of Oak Shelter should retain volunteer training for another year. A pilot linked the change with an increase in the number of animals adopted monthly, and the additional operating cost was small. Although the pilot is not conclusive, its results justify a longer trial. Which statement best expresses the main recommendation?","The board should retain volunteer training for another year.","The additional operating cost was small.","The pilot was not conclusive.","The pilot linked the change with an increase in the number of animals adopted monthly.","Every inexpensive pilot should become a permanent policy.","A","The board should retain volunteer training for another year.","The recommendation to continue for a year is the main claim supported by the pilot results and low cost. The remaining relevant statements are reasons or qualifications.","Original AI-generated practice item","Draft; not expert-reviewed or psychometrically validated",""
"Q0006","LSAT-style","must_be_true","LR-must_be_true","1","At Alder Library, every one of its branches that offers evening hours also has a trained supervisor. Every one that has a trained supervisor also passes a staffing review. Which statement must be true?","At least one of its branches offers evening hours.","Every one of its branches that offers evening hours also passes a staffing review.","None of its branches that passes a staffing review also has a trained supervisor.","Every one of its branches that passes a staffing review also offers evening hours.","Every one of its branches that has a trained supervisor also offers evening hours.","B","Every one of its branches that offers evening hours also passes a staffing review.","The two conditional rules form A → B → C, so A → C. They do not imply their converses or establish that any A exists.","Original AI-generated practice item","Draft; not expert-reviewed or psychometrically validated",""
"Q0182","LSAT-style","strengthen","LR-strengthen","19","After Spruce Gym introduced fitness consultations, membership renewals increased. The director concludes that the change caused the increase. Which additional finding most strengthens the causal conclusion?","The organization measured the outcome only once after the change.","Some staff preferred the previous practice.","A randomized trial at comparable organizations found greater improvement in the group introducing fitness consultations than in the group keeping its previous practice.","The director expected the change to help.","The new practice has a memorable name.","C","A randomized trial at comparable organizations found greater improvement in the group introducing fitness consultations than in the group keeping its previous practice.","Random assignment and a comparison group help isolate the effect of the intervention. An expectation or label does not provide comparable evidence.","Original AI-generated practice item","Draft; not expert-reviewed or psychometrically validated",""
"Q0024","LSAT-style","causal_flaw","LR-causal_flaw","3","After Cedar Transit introduced live arrival displays, weekday ridership increased. The director concludes that the change caused the increase. The reasoning is vulnerable primarily because it:","Shows that the outcome decreased and then claims it increased.","Treats an improvement following a change as enough to establish that the change produced the improvement.","Rejects the conclusion solely because of the director's character.","Infers that an event is impossible because it is rare.","Assumes that what is true of every organization must be false of this organization.","B","Treats an improvement following a change as enough to establish that the change produced the improvement.","The evidence gives temporal order, but does not rule out other causes.","Original AI-generated practice item","Draft; not expert-reviewed or psychometrically validated",""
"Q0226","LSAT-style","must_be_true","LR-must_be_true","23","At Willow Parks, every one of its events that uses amplified sound also has a noise permit. Every one that has a noise permit also has an approved application. Which statement must be true?","None of its events that has an approved application also has a noise permit.","Every one of its events that has an approved application also uses amplified sound.","Every one of its events that uses amplified sound also has an approved application.","Every one of its events that has a noise permit also uses amplified sound.","At least one of its events uses amplified sound.","C","Every one of its events that uses amplified sound also has an approved application.","The two conditional rules form A → B → C, so A → C. They do not imply their converses or establish that any A exists.","Original AI-generated practice item","Draft; not expert-reviewed or psychometrically validated",""
"Q0463","IQ-style","increasing_differences","IQ-increasing_differences","22","Successive differences increase by 1: 26, 49, 73, 98, 124, ?. Find the next term.","152","149","150","151","154","D","151","The differences are 23, 24, 25, 26; the next is 27. Thus 124 + 27 = 151.","Original AI-generated practice item","Draft; not expert-reviewed or psychometrically validated",""
"Q0352","IQ-style","multiplication_sequence","IQ-multiplication_sequence","11","Each term is obtained by multiplying the preceding term by the same positive integer: 12, 48, 192, 768, ?. What comes next?","3071","3070","3075","3073","3072","E","3072","The multiplier is 4, so 768 × 4 = 3072.","Original AI-generated practice item","Draft; not expert-reviewed or psychometrically validated",""
"Q0187","LSAT-style","sufficient_assumption","LR-sufficient_assumption","19","At Spruce Gym, every one of its classes that includes advanced exercises also has a qualified instructor. A manager concludes that every one that includes advanced exercises also has an approved lesson plan. Which additional premise, if assumed, guarantees the conclusion?","Some of its classes that has a qualified instructor also has an approved lesson plan.","Every one of its classes that has a qualified instructor also has an approved lesson plan.","Every one of its classes that has an approved lesson plan also has a qualified instructor.","Some of its classes that has an approved lesson plan also includes advanced exercises.","Every one of its classes that has an approved lesson plan also includes advanced exercises.","B","Every one of its classes that has a qualified instructor also has an approved lesson plan.","Adding B → C closes the chain from A to C. Reversed rules and statements about only some objects do not guarantee the conclusion for every A.","Original AI-generated practice item","Draft; not expert-reviewed or psychometrically validated",""
"Q0348","IQ-style","symbol_operation","IQ-symbol_operation","10","Define the operation a ◆ b as (a × b) + 12. What is 13 ◆ 11?","153","156","154","158","155","E","155","Substitute into the definition: (13 × 11) + 12 = 155.","Original AI-generated practice item","Draft; not expert-reviewed or psychometrically validated",""
"Q0172","LSAT-style","strengthen","LR-strengthen","18","After Reed Orchestra introduced short preview concerts, season ticket sales increased. The director concludes that the change caused the increase. Which additional finding most strengthens the causal conclusion?","Some staff preferred the previous practice.","The organization measured the outcome only once after the change.","The director expected the change to help.","The new practice has a memorable name.","A randomized trial at comparable organizations found greater improvement in the group introducing short preview concerts than in the group keeping its previous practice.","E","A randomized trial at comparable organizations found greater improvement in the group introducing short preview concerts than in the group keeping its previous practice.","Random assignment and a comparison group help isolate the effect of the intervention. An expectation or label does not provide comparable evidence.","Original AI-generated practice item","Draft; not expert-reviewed or psychometrically validated",""
"Q0434","IQ-style","number_matrix","IQ-number_matrix","19","In each row, the third number equals the first multiplied by the second. Row 1: 21, 24, 504. Row 2: 24, 22, 528. Row 3: 26, 22, ?. Find the missing entry.","572","571","570","573","575","A","572","Apply the stated row rule: 26 × 22 = 572.","Original AI-generated practice item","Draft; not expert-reviewed or psychometrically validated",""
"Q0095","LSAT-style","main_conclusion","LR-main_conclusion","10","The board of Juniper Workshop should retain tool reservations for another year. A pilot linked the change with an increase in the number of projects completed monthly, and the additional operating cost was small. Although the pilot is not conclusive, its results justify a longer trial. Which statement best expresses the main recommendation?","The pilot linked the change with an increase in the number of projects completed monthly.","The additional operating cost was small.","The pilot was not conclusive.","The board should retain tool reservations for another year.","Every inexpensive pilot should become a permanent policy.","D","The board should retain tool reservations for another year.","The recommendation to continue for a year is the main claim supported by the pilot results and low cost. The remaining relevant statements are reasons or qualifications.","Original AI-generated practice item","Draft; not expert-reviewed or psychometrically validated",""
"Q0304","IQ-style","number_matrix","IQ-number_matrix","6","In each row, the third number equals the first multiplied by the second. Row 1: 8, 11, 88. Row 2: 11, 9, 99. Row 3: 13, 9, ?. Find the missing entry.","117","118","115","120","116","A","117","Apply the stated row rule: 13 × 9 = 117.","Original AI-generated practice item","Draft; not expert-reviewed or psychometrically validated",""
"Q0179","LSAT-style","necessary_assumption","LR-necessary_assumption","18","Reed Orchestra plans to fund short preview concerts entirely by reducing printing costs. The finance officer argues: ""The printing savings will cover the full cost, so we will not need any other funding for the change."" Which assumption is required?","Every other possible change would cost more.","The new practice will improve every measured outcome.","No staff member will object to the change.","The printing savings available for the change will be at least as large as its full cost.","The organization will never print anything again.","D","The printing savings available for the change will be at least as large as its full cost.","If available printing savings are smaller than the full cost, the stated funding conclusion fails. The stronger claims in the other options are unnecessary.","Original AI-generated practice item","Draft; not expert-reviewed or psychometrically validated",""
"Q0500","IQ-style","set_reasoning","IQ-set_reasoning","25","A group has 60 members. 28 solve a word puzzle, 29 solve a number puzzle, and 1 solve both. How many solve at least one of the two puzzles?","57","60","54","56","55","D","56","Count each solver once: 28 + 29 − 1 = 56. Subtract the overlap because it was counted twice.","Original AI-generated practice item","Draft; not expert-reviewed or psychometrically validated",""
"Q0037","LSAT-style","sufficient_assumption","LR-sufficient_assumption","4","At Dune College, every one of its courses that includes laboratory work also has a safety briefing. A manager concludes that every one that includes laboratory work also has an approved syllabus. Which additional premise, if assumed, guarantees the conclusion?","Every one of its courses that has an approved syllabus also includes laboratory work.","Every one of its courses that has a safety briefing also has an approved syllabus.","Some of its courses that has an approved syllabus also includes laboratory work.","Some of its courses that has a safety briefing also has an approved syllabus.","Every one of its courses that has an approved syllabus also has a safety briefing.","B","Every one of its courses that has a safety briefing also has an approved syllabus.","Adding B → C closes the chain from A to C. Reversed rules and statements about only some objects do not guarantee the conclusion for every A.","Original AI-generated practice item","Draft; not expert-reviewed or psychometrically validated",""
"Q0238","LSAT-style","quantifier_inference","LR-quantifier_inference","24","At Xenia Press, some of its manuscripts includes translated quotations. Every one of its manuscripts that includes translated quotations also has a translation review. Which conclusion follows logically?","Some of its manuscripts that includes translated quotations do not satisfy the condition 'has a translation review'.","Every one of its manuscripts that has a translation review also includes translated quotations.","Some of its manuscripts that has a translation review also includes translated quotations.","Every one of its manuscripts includes translated quotations.","None of its manuscripts has a translation review.","C","Some of its manuscripts that has a translation review also includes translated quotations.","The objects asserted to be A must also be B, establishing at least one object that is both. Nothing establishes that all B are A.","Original AI-generated practice item","Draft; not expert-reviewed or psychometrically validated",""
"Q0310","IQ-style","set_reasoning","IQ-set_reasoning","6","A group has 22 members. 9 solve a word puzzle, 10 solve a number puzzle, and 2 solve both. How many solve at least one of the two puzzles?","16","17","15","22","19","B","17","Count each solver once: 9 + 10 − 2 = 17. Subtract the overlap because it was counted twice.","Original AI-generated practice item","Draft; not expert-reviewed or psychometrically validated",""
"Q0163","LSAT-style","evaluate","LR-evaluate","17","After Quartz School introduced breakfast service, average attendance increased. The director concludes that the change caused the increase. The answer to which question would be most useful in evaluating the argument?","Did comparable organizations that did not introduce breakfast service experience a similar increase during the same period?","Was the director the first person to suggest the change?","Do staff prefer morning meetings to afternoon meetings?","Was the announcement printed in color?","Does the organization have a short name?","A","Did comparable organizations that did not introduce breakfast service experience a similar increase during the same period?","An increase in the comparison group would suggest a common outside cause; no such increase would make the causal explanation more credible.","Original AI-generated practice item","Draft; not expert-reviewed or psychometrically validated",""
"Q0419","IQ-style","spatial_cubes","IQ-spatial_cubes","17","A solid cube has edge length 92 cm. All six outer faces are painted. It is cut into cubes of edge length 23 cm. How many small cubes have no painted face?","27","64","8","12","9","C","8","There are 4 small cubes per edge. Only the interior cubes are unpainted: (4 − 2)^3 = 8.","Original AI-generated practice item","Draft; not expert-reviewed or psychometrically validated",""
"Q0218","LSAT-style","quantifier_inference","LR-quantifier_inference","22","At Vale Hostel, some of its rooms has a balcony. Every one of its rooms that has a balcony also has a safety inspection. Which conclusion follows logically?","Every one of its rooms has a balcony.","Some of its rooms that has a balcony do not satisfy the condition 'has a safety inspection'.","Every one of its rooms that has a safety inspection also has a balcony.","None of its rooms has a safety inspection.","Some of its rooms that has a safety inspection also has a balcony.","E","Some of its rooms that has a safety inspection also has a balcony.","The objects asserted to be A must also be B, establishing at least one object that is both. Nothing establishes that all B are A.","Original AI-generated practice item","Draft; not expert-reviewed or psychometrically validated",""
"Q0139","LSAT-style","necessary_assumption","LR-necessary_assumption","14","North Observatory plans to fund public lectures entirely by reducing printing costs. The finance officer argues: ""The printing savings will cover the full cost, so we will not need any other funding for the change."" Which assumption is required?","Every other possible change would cost more.","The organization will never print anything again.","No staff member will object to the change.","The printing savings available for the change will be at least as large as its full cost.","The new practice will improve every measured outcome.","D","The printing savings available for the change will be at least as large as its full cost.","If available printing savings are smaller than the full cost, the stated funding conclusion fails. The stronger claims in the other options are unnecessary.","Original AI-generated practice item","Draft; not expert-reviewed or psychometrically validated",""
"Q0180","LSAT-style","principle_application","LR-principle_application","18","Reed Orchestra adopts this rule: Approve a pilot if, and only if, its total cost is below 8,000 credits and it can be reversed within one month. A pilot of short preview concerts costs 4700 credits and can be reversed in two weeks. Which judgment follows from the rule?","The rule gives no basis for deciding whether to approve it.","Approve this pilot because it satisfies both required conditions.","Reject it because reversibility is irrelevant.","Reject it because every pilot must cost nothing.","Approve it only if it is certain to succeed.","B","Approve this pilot because it satisfies both required conditions.","Its cost of 4700 credits is below 8,000, and two weeks is within one month. Both necessary and sufficient conditions hold.","Original AI-generated practice item","Draft; not expert-reviewed or psychometrically validated",""
"Q0262","IQ-style","multiplication_sequence","IQ-multiplication_sequence","2","Each term is obtained by multiplying the preceding term by the same positive integer: 3, 12, 48, 192, ?. What comes next?","771","768","766","769","767","B","768","The multiplier is 4, so 192 × 4 = 768.","Original AI-generated practice item","Draft; not expert-reviewed or psychometrically validated",""
"Q0052","LSAT-style","strengthen","LR-strengthen","6","After Fern Theatre introduced discount subscriptions, monthly ticket sales increased. The director concludes that the change caused the increase. Which additional finding most strengthens the causal conclusion?","The organization measured the outcome only once after the change.","The director expected the change to help.","A randomized trial at comparable organizations found greater improvement in the group introducing discount subscriptions than in the group keeping its previous practice.","The new practice has a memorable name.","Some staff preferred the previous practice.","C","A randomized trial at comparable organizations found greater improvement in the group introducing discount subscriptions than in the group keeping its previous practice.","Random assignment and a comparison group help isolate the effect of the intervention. An expectation or label does not provide comparable evidence.","Original AI-generated practice item","Draft; not expert-reviewed or psychometrically validated",""
"Q0200","LSAT-style","principle_application","LR-principle_application","20","Tide Aquarium adopts this rule: Approve a pilot if, and only if, its total cost is below 8,000 credits and it can be reversed within one month. A pilot of interactive exhibits costs 4900 credits and can be reversed in two weeks. Which judgment follows from the rule?","The rule gives no basis for deciding whether to approve it.","Reject it because reversibility is irrelevant.","Approve this pilot because it satisfies both required conditions.","Reject it because every pilot must cost nothing.","Approve it only if it is certain to succeed.","C","Approve this pilot because it satisfies both required conditions.","Its cost of 4900 credits is below 8,000, and two weeks is within one month. Both necessary and sufficient conditions hold.","Original AI-generated practice item","Draft; not expert-reviewed or psychometrically validated",""
"Q0138","LSAT-style","quantifier_inference","LR-quantifier_inference","14","At North Observatory, some of its instruments is used for night observations. Every one of its instruments that is used for night observations also has a calibration record. Which conclusion follows logically?","Every one of its instruments that has a calibration record also is used for night observations.","Some of its instruments that has a calibration record also is used for night observations.","Some of its instruments that is used for night observations do not satisfy the condition 'has a calibration record'.","None of its instruments has a calibration record.","Every one of its instruments is used for night observations.","B","Some of its instruments that has a calibration record also is used for night observations.","The objects asserted to be A must also be B, establishing at least one object that is both. Nothing establishes that all B are A.","Original AI-generated practice item","Draft; not expert-reviewed or psychometrically validated",""
"Q0393","IQ-style","increasing_differences","IQ-increasing_differences","15","Successive differences increase by 1: 19, 35, 52, 70, 89, ?. Find the next term.","107","108","110","112","109","E","109","The differences are 16, 17, 18, 19; the next is 20. Thus 89 + 20 = 109.","Original AI-generated practice item","Draft; not expert-reviewed or psychometrically validated",""
"Q0169","LSAT-style","necessary_assumption","LR-necessary_assumption","17","Quartz School plans to fund breakfast service entirely by reducing printing costs. The finance officer argues: ""The printing savings will cover the full cost, so we will not need any other funding for the change."" Which assumption is required?","The printing savings available for the change will be at least as large as its full cost.","The organization will never print anything again.","The new practice will improve every measured outcome.","No staff member will object to the change.","Every other possible change would cost more.","A","The printing savings available for the change will be at least as large as its full cost.","If available printing savings are smaller than the full cost, the stated funding conclusion fails. The stronger claims in the other options are unnecessary.","Original AI-generated practice item","Draft; not expert-reviewed or psychometrically validated",""
"Q0188","LSAT-style","quantifier_inference","LR-quantifier_inference","19","At Spruce Gym, some of its classes includes advanced exercises. Every one of its classes that includes advanced exercises also has a qualified instructor. Which conclusion follows logically?","Every one of its classes includes advanced exercises.","Some of its classes that has a qualified instructor also includes advanced exercises.","None of its classes has a qualified instructor.","Some of its classes that includes advanced exercises do not satisfy the condition 'has a qualified instructor'.","Every one of its classes that has a qualified instructor also includes advanced exercises.","B","Some of its classes that has a qualified instructor also includes advanced exercises.","The objects asserted to be A must also be B, establishing at least one object that is both. Nothing establishes that all B are A.","Original AI-generated practice item","Draft; not expert-reviewed or psychometrically validated",""
"Q0241","LSAT-style","weaken","LR-weaken","25","After Yarrow Centre introduced free introductory classes, monthly registrations increased. The director concludes that the change caused the increase. Which finding, if true, most weakens the argument?","The organization had kept records before the change.","Staff discussed several other possible changes.","At the same time, a neighboring centre closed permanently, which independently tends to increase the measured outcome.","The director announced the change in advance.","Some people first heard about the organization several years ago.","C","At the same time, a neighboring centre closed permanently, which independently tends to increase the measured outcome.","A simultaneous change offers an alternative cause of the improvement. The other findings do not explain the increase.","Original AI-generated practice item","Draft; not expert-reviewed or psychometrically validated",""
"Q0039","LSAT-style","necessary_assumption","LR-necessary_assumption","4","Dune College plans to fund peer tutoring entirely by reducing printing costs. The finance officer argues: ""The printing savings will cover the full cost, so we will not need any other funding for the change."" Which assumption is required?","The new practice will improve every measured outcome.","The organization will never print anything again.","No staff member will object to the change.","The printing savings available for the change will be at least as large as its full cost.","Every other possible change would cost more.","D","The printing savings available for the change will be at least as large as its full cost.","If available printing savings are smaller than the full cost, the stated funding conclusion fails. The stronger claims in the other options are unnecessary.","Original AI-generated practice item","Draft; not expert-reviewed or psychometrically validated",""
"Q0274","IQ-style","number_matrix","IQ-number_matrix","3","In each row, the third number equals the first multiplied by the second. Row 1: 5, 8, 40. Row 2: 8, 6, 48. Row 3: 10, 6, ?. Find the missing entry.","63","60","61","58","59","B","60","Apply the stated row rule: 10 × 6 = 60.","Original AI-generated practice item","Draft; not expert-reviewed or psychometrically validated",""
"Q0426","IQ-style","mental_rotation","IQ-mental_rotation","18","A robot faces south. It turns clockwise by 90 degrees, then moves straight ahead 20 metres without turning again. Which direction is it facing?","north","west","south","east","Its direction cannot be determined.","B","west","A 90-degree clockwise turn moves 1 quarter-turn around north, east, south, west. Forward travel does not change orientation.","Original AI-generated practice item","Draft; not expert-reviewed or psychometrically validated",""
"Q0356","IQ-style","mental_rotation","IQ-mental_rotation","11","A robot faces west. It turns clockwise by 270 degrees, then moves straight ahead 13 metres without turning again. Which direction is it facing?","south","west","Its direction cannot be determined.","north","east","A","south","A 270-degree clockwise turn moves 3 quarter-turns around north, east, south, west. Forward travel does not change orientation.","Original AI-generated practice item","Draft; not expert-reviewed or psychometrically validated",""
"Q0443","IQ-style","increasing_differences","IQ-increasing_differences","20","Successive differences increase by 1: 24, 45, 67, 90, 114, ?. Find the next term.","142","139","138","140","137","B","139","The differences are 21, 22, 23, 24; the next is 25. Thus 114 + 25 = 139.","Original AI-generated practice item","Draft; not expert-reviewed or psychometrically validated",""
"Q0109","LSAT-style","necessary_assumption","LR-necessary_assumption","11","Kestrel Archive plans to fund a searchable catalogue entirely by reducing printing costs. The finance officer argues: ""The printing savings will cover the full cost, so we will not need any other funding for the change."" Which assumption is required?","No staff member will object to the change.","Every other possible change would cost more.","The organization will never print anything again.","The new practice will improve every measured outcome.","The printing savings available for the change will be at least as large as its full cost.","E","The printing savings available for the change will be at least as large as its full cost.","If available printing savings are smaller than the full cost, the stated funding conclusion fails. The stronger claims in the other options are unnecessary.","Original AI-generated practice item","Draft; not expert-reviewed or psychometrically validated",""
"Q0091","LSAT-style","weaken","LR-weaken","10","After Juniper Workshop introduced tool reservations, the number of projects completed monthly increased. The director concludes that the change caused the increase. Which finding, if true, most weakens the argument?","The organization had kept records before the change.","Staff discussed several other possible changes.","Some people first heard about the organization several years ago.","At the same time, the workshop purchased faster machines, which independently tends to increase the measured outcome.","The director announced the change in advance.","D","At the same time, the workshop purchased faster machines, which independently tends to increase the measured outcome.","A simultaneous change offers an alternative cause of the improvement. The other findings do not explain the increase.","Original AI-generated practice item","Draft; not expert-reviewed or psychometrically validated",""
"Q0339","IQ-style","spatial_cubes","IQ-spatial_cubes","9","A solid cube has edge length 60 cm. All six outer faces are painted. It is cut into cubes of edge length 15 cm. How many small cubes have no painted face?","27","8","64","12","9","B","8","There are 4 small cubes per edge. Only the interior cubes are unpainted: (4 − 2)^3 = 8.","Original AI-generated practice item","Draft; not expert-reviewed or psychometrically validated",""
"Q0005","LSAT-style","main_conclusion","LR-main_conclusion","1","The board of Alder Library should retain extended evening hours for another year. A pilot linked the change with an increase in weekly book loans, and the additional operating cost was small. Although the pilot is not conclusive, its results justify a longer trial. Which statement best expresses the main recommendation?","The pilot was not conclusive.","The pilot linked the change with an increase in weekly book loans.","Every inexpensive pilot should become a permanent policy.","The board should retain extended evening hours for another year.","The additional operating cost was small.","D","The board should retain extended evening hours for another year.","The recommendation to continue for a year is the main claim supported by the pilot results and low cost. The remaining relevant statements are reasons or qualifications.","Original AI-generated practice item","Draft; not expert-reviewed or psychometrically validated",""
"Q0234","LSAT-style","causal_flaw","LR-causal_flaw","24","After Xenia Press introduced online sample chapters, monthly book sales increased. The director concludes that the change caused the increase. The reasoning is vulnerable primarily because it:","Assumes that what is true of every organization must be false of this organization.","Treats an improvement following a change as enough to establish that the change produced the improvement.","Rejects the conclusion solely because of the director's character.","Infers that an event is impossible because it is rare.","Shows that the outcome decreased and then claims it increased.","B","Treats an improvement following a change as enough to establish that the change produced the improvement.","The evidence gives temporal order, but does not rule out other causes.","Original AI-generated practice item","Draft; not expert-reviewed or psychometrically validated",""
"Q0015","LSAT-style","main_conclusion","LR-main_conclusion","2","The board of Brook Museum should retain audio guides for another year. A pilot linked the change with an increase in average visitor satisfaction, and the additional operating cost was small. Although the pilot is not conclusive, its results justify a longer trial. Which statement best expresses the main recommendation?","The pilot linked the change with an increase in average visitor satisfaction.","The additional operating cost was small.","The pilot was not conclusive.","Every inexpensive pilot should become a permanent policy.","The board should retain audio guides for another year.","E","The board should retain audio guides for another year.","The recommendation to continue for a year is the main claim supported by the pilot results and low cost. The remaining relevant statements are reasons or qualifications.","Original AI-generated practice item","Draft; not expert-reviewed or psychometrically validated",""
"Q0044","LSAT-style","causal_flaw","LR-causal_flaw","5","After Elm Food Bank introduced text reminders, the proportion of appointments attended increased. The director concludes that the change caused the increase. The reasoning is vulnerable primarily because it:","Assumes that what is true of every organization must be false of this organization.","Rejects the conclusion solely because of the director's character.","Infers that an event is impossible because it is rare.","Treats an improvement following a change as enough to establish that the change produced the improvement.","Shows that the outcome decreased and then claims it increased.","D","Treats an improvement following a change as enough to establish that the change produced the improvement.","The evidence gives temporal order, but does not rule out other causes.","Original AI-generated practice item","Draft; not expert-reviewed or psychometrically validated",""
"Q0342","IQ-style","multiplication_sequence","IQ-multiplication_sequence","10","Each term is obtained by multiplying the preceding term by the same positive integer: 11, 33, 99, 297, ?. What comes next?","891","890","892","894","889","A","891","The multiplier is 3, so 297 × 3 = 891.","Original AI-generated practice item","Draft; not expert-reviewed or psychometrically validated",""
"Q0261","IQ-style","number_sequence","IQ-number_sequence","2","The sequence follows a constant-addition rule: 4, 8, 12, 16, 20, ?. What is the missing number?","25","27","22","23","24","E","24","Add 4 each time; 20 + 4 = 24.","Original AI-generated practice item","Draft; not expert-reviewed or psychometrically validated",""
"Q0350","IQ-style","set_reasoning","IQ-set_reasoning","10","A group has 30 members. 13 solve a word puzzle, 14 solve a number puzzle, and 1 solve both. How many solve at least one of the two puzzles?","27","24","30","25","26","E","26","Count each solver once: 13 + 14 − 1 = 26. Subtract the overlap because it was counted twice.","Original AI-generated practice item","Draft; not expert-reviewed or psychometrically validated",""
"Q0149","LSAT-style","necessary_assumption","LR-necessary_assumption","15","Oak Shelter plans to fund volunteer training entirely by reducing printing costs. The finance officer argues: ""The printing savings will cover the full cost, so we will not need any other funding for the change."" Which assumption is required?","The new practice will improve every measured outcome.","No staff member will object to the change.","The printing savings available for the change will be at least as large as its full cost.","Every other possible change would cost more.","The organization will never print anything again.","C","The printing savings available for the change will be at least as large as its full cost.","If available printing savings are smaller than the full cost, the stated funding conclusion fails. The stronger claims in the other options are unnecessary.","Original AI-generated practice item","Draft; not expert-reviewed or psychometrically validated",""
"Q0066","LSAT-style","must_be_true","LR-must_be_true","7","At Grove Recycling, every one of its loads that contains electronic waste also goes to a specialist facility. Every one that goes to a specialist facility also has a tracking record. Which statement must be true?","Every one of its loads that has a tracking record also contains electronic waste.","Every one of its loads that contains electronic waste also has a tracking record.","Every one of its loads that goes to a specialist facility also contains electronic waste.","At least one of its loads contains electronic waste.","None of its loads that has a tracking record also goes to a specialist facility.","B","Every one of its loads that contains electronic waste also has a tracking record.","The two conditional rules form A → B → C, so A → C. They do not imply their converses or establish that any A exists.","Original AI-generated practice item","Draft; not expert-reviewed or psychometrically validated",""
"Q0305","IQ-style","letter_coding","IQ-letter_coding","6","A code shifts every letter 2 places forward in the English alphabet, wrapping Z to A. How is MOON encoded?","QSSR","RTTS","NPPO","PRRQ","OQQP","E","OQQP","Shift each letter by 2: M→O, O→Q, O→Q, N→P.","Original AI-generated practice item","Draft; not expert-reviewed or psychometrically validated",""
"Q0174","LSAT-style","causal_flaw","LR-causal_flaw","18","After Reed Orchestra introduced short preview concerts, season ticket sales increased. The director concludes that the change caused the increase. The reasoning is vulnerable primarily because it:","Infers that an event is impossible because it is rare.","Rejects the conclusion solely because of the director's character.","Assumes that what is true of every organization must be false of this organization.","Treats an improvement following a change as enough to establish that the change produced the improvement.","Shows that the outcome decreased and then claims it increased.","D","Treats an improvement following a change as enough to establish that the change produced the improvement.","The evidence gives temporal order, but does not rule out other causes.","Original AI-generated practice item","Draft; not expert-reviewed or psychometrically validated",""
"Q0193","LSAT-style","evaluate","LR-evaluate","20","After Tide Aquarium introduced interactive exhibits, average visitor ratings increased. The director concludes that the change caused the increase. The answer to which question would be most useful in evaluating the argument?","Was the announcement printed in color?","Does the organization have a short name?","Do staff prefer morning meetings to afternoon meetings?","Did comparable organizations that did not introduce interactive exhibits experience a similar increase during the same period?","Was the director the first person to suggest the change?","D","Did comparable organizations that did not introduce interactive exhibits experience a similar increase during the same period?","An increase in the comparison group would suggest a common outside cause; no such increase would make the causal explanation more credible.","Original AI-generated practice item","Draft; not expert-reviewed or psychometrically validated",""
"Q0012","LSAT-style","strengthen","LR-strengthen","2","After Brook Museum introduced audio guides, average visitor satisfaction increased. The director concludes that the change caused the increase. Which additional finding most strengthens the causal conclusion?","The new practice has a memorable name.","A randomized trial at comparable organizations found greater improvement in the group introducing audio guides than in the group keeping its previous practice.","Some staff preferred the previous practice.","The organization measured the outcome only once after the change.","The director expected the change to help.","B","A randomized trial at comparable organizations found greater improvement in the group introducing audio guides than in the group keeping its previous practice.","Random assignment and a comparison group help isolate the effect of the intervention. An expectation or label does not provide comparable evidence.","Original AI-generated practice item","Draft; not expert-reviewed or psychometrically validated",""
"Q0479","IQ-style","spatial_cubes","IQ-spatial_cubes","23","A solid cube has edge length 174 cm. All six outer faces are painted. It is cut into cubes of edge length 29 cm. How many small cubes have no painted face?","125","70","64","216","65","C","64","There are 6 small cubes per edge. Only the interior cubes are unpainted: (6 − 2)^3 = 64.","Original AI-generated practice item","Draft; not expert-reviewed or psychometrically validated",""
"Q0250","LSAT-style","principle_application","LR-principle_application","25","Yarrow Centre adopts this rule: Approve a pilot if, and only if, its total cost is below 8,000 credits and it can be reversed within one month. A pilot of free introductory classes costs 5400 credits and can be reversed in two weeks. Which judgment follows from the rule?","Reject it because reversibility is irrelevant.","Approve it only if it is certain to succeed.","Approve this pilot because it satisfies both required conditions.","The rule gives no basis for deciding whether to approve it.","Reject it because every pilot must cost nothing.","C","Approve this pilot because it satisfies both required conditions.","Its cost of 5400 credits is below 8,000, and two weeks is within one month. Both necessary and sufficient conditions hold.","Original AI-generated practice item","Draft; not expert-reviewed or psychometrically validated",""
