"id","category","question_type","template_family","variant_id","question","option_a","option_b","option_c","option_d","option_e","correct_answer","correct_answer_text","explanation","source","review_status","image_url","target_time_seconds","timing_status","requires_paper","question_and_choices_word_count"
"R0451","Philosophy / critical thinking","personal_identity_criteria","personal_identity_criteria","6","In this fictional theory, bodily survival matters even when memories are lost. Which criterion is prioritized?","No identity criterion is specified","Continuity of the body","Social or legal recognition","Similarity of appearance alone","Continuity of memory or psychology","B","Continuity of the body","The body, rather than preserved memory, supplies continuity.","Original AI-authored short practice item","Draft; not expert-reviewed or psychometrically validated","","30","Design target; not measured with users","false","38"
"R0234","Philosophy / critical thinking","fallacy_detection","fallacy_detection","9","The rumour is shared everywhere, which proves it happened. Best assessment?","The conclusion is simply assumed","The reasoning supports the conclusion","A limited claim is exaggerated","Popularity replaces evidence","The person is attacked instead of the argument","D","Popularity replaces evidence","Repeated sharing does not independently verify the event.","Original AI-authored short practice item","Draft; not expert-reviewed or psychometrically validated","","30","Design target; not measured with users","false","37"
"R0033","LSAT-style","weaken","weaken","6","This route is always faster; I tried it on a holiday. Which weakens this?","Drivers use navigation.","The holiday was sunny.","The route reaches the office.","Normal weekdays have heavy traffic on that route.","The road has signs.","D","Normal weekdays have heavy traffic on that route.","The holiday observation may not generalize to ordinary traffic.","Original AI-authored short practice item","Draft; not expert-reviewed or psychometrically validated","","30","Design target; not measured with users","false","38"
"R0279","Philosophy / critical thinking","meaning_and_ambiguity","meaning_and_ambiguity","10","Banks hold money. Rivers have banks. Therefore rivers hold money. Main issue?","A personal preference settles the definition","A factual contradiction is established","A key word changes meaning","The same meaning is used consistently","An ambiguous term needs clarification","C","A key word changes meaning","The word bank shifts between an institution and a river's edge.","Original AI-authored short practice item","Draft; not expert-reviewed or psychometrically validated","","30","Design target; not measured with users","false","39"
"R0298","Philosophy / critical thinking","consistency","consistency","7","I once thought the painting was dull; now I find it moving. What is shown?","The claims contradict each other","There is too little information about the wording","Only a change over time is described","The claims can both be true","The speakers use different definitions","C","Only a change over time is described","The evaluation has changed over time.","Original AI-authored short practice item","Draft; not expert-reviewed or psychometrically validated","","30","Design target; not measured with users","false","46"
"R0382","Philosophy / critical thinking","consent_reasoning","consent_reasoning","3","Define consent as informed agreement. A key risk is deliberately hidden from Pat. Main issue?","Consent is established under the stated definition","Consent is undermined by missing information","Consent to one thing does not establish consent to another","Silence alone does not establish consent","Consent is undermined by coercion","B","Consent is undermined by missing information","The information needed for the stipulated consent is withheld.","Original AI-authored short practice item","Draft; not expert-reviewed or psychometrically validated","","30","Design target; not measured with users","false","49"
"R0287","Philosophy / critical thinking","philosophical_counterexample","philosophical_counterexample","7","Claim: A correct belief always comes from good reasoning. Best counterexample?","An unanswered question.","A valid inference from true premises.","A lucky guess that turns out true.","A carefully checked conclusion.","A false rumour.","C","A lucky guess that turns out true.","Truth can result from luck rather than justified reasoning.","Original AI-authored short practice item","Draft; not expert-reviewed or psychometrically validated","","30","Design target; not measured with users","false","34"
"R0249","Philosophy / critical thinking","false_choices","false_choices","2","Under a rule allowing only yes or no votes, an accepted vote must be yes or no. Best assessment?","A word changes meaning","The alternatives are genuinely exhaustive as stated","The conclusion merely repeats its premise","The response attacks a person","A reasonable third possibility is excluded","B","The alternatives are genuinely exhaustive as stated","The stipulated voting rule excludes other accepted votes.","Original AI-authored short practice item","Draft; not expert-reviewed or psychometrically validated","","30","Design target; not measured with users","false","47"
"R0325","Philosophy / critical thinking","testability","testability","1","Whenever this alarm is active, opening the door makes it ring. Is this claim testable in principle?","It states a definition","It expresses a preference","It is protected against every possible outcome","It asks a moral question","An observation could count against it","E","An observation could count against it","An active alarm that stays silent on opening would count against it.","Original AI-authored short practice item","Draft; not expert-reviewed or psychometrically validated","","30","Design target; not measured with users","false","43"
"R0071","LSAT-style","counterexample","counterexample","8","Claim: Helping others always requires sacrifice. Counterexample?","An ignored request.","Costly help.","An expensive donation.","Help that benefits the helper without any cost.","An unsuccessful rescue.","D","Help that benefits the helper without any cost.","The claim is defeated by help with no sacrifice.","Original AI-authored short practice item","Draft; not expert-reviewed or psychometrically validated","","30","Design target; not measured with users","false","26"
"R0242","Philosophy / critical thinking","relevance_of_objection","relevance_of_objection","6","A product endorsement is offered as independent testimony. Someone shows the endorser was secretly paid. Assess this.","Relevant concern about source reliability","Personal criticism with no stated relevance","Unrelated distraction","Relevant objection to the reasoning","Agreement rather than an objection","A","Relevant concern about source reliability","The payment bears on the claimed independence, although it does not prove the product bad.","Original AI-authored short practice item","Draft; not expert-reviewed or psychometrically validated","","30","Design target; not measured with users","false","40"
"R0193","LSAT-style","plan_vulnerability","plan_vulnerability","4","A website bans abusive usernames but lets the same users instantly create new ones. Main weakness?","The plan does not reach the target group","The plan removes a needed resource","People can bypass the plan","The outcome measure can be misleading","The plan addresses the wrong cause","C","People can bypass the plan","The restriction can be avoided through a new account.","Original AI-authored short practice item","Draft; not expert-reviewed or psychometrically validated","","30","Design target; not measured with users","false","47"
"R0412","Philosophy / critical thinking","rights_and_welfare","rights_and_welfare","11","The proposal is defended solely because it produces the most happiness overall. Which priority is used?","Only a factual question is raised","A value conflict remains unresolved","An individual right limits the choice","Total benefit is treated as decisive","A compromise protects both interests partly","D","Total benefit is treated as decisive","The argument makes aggregate happiness decisive.","Original AI-authored short practice item","Draft; not expert-reviewed or psychometrically validated","","30","Design target; not measured with users","false","45"
"R0455","Philosophy / critical thinking","personal_identity_criteria","personal_identity_criteria","10","A novel says a traveller remains herself but never explains what preserves identity. Which criterion is given?","Similarity of appearance alone","No identity criterion is specified","Continuity of memory or psychology","Continuity of the body","Social or legal recognition","B","No identity criterion is specified","No particular account is stated.","Original AI-authored short practice item","Draft; not expert-reviewed or psychometrically validated","","30","Design target; not measured with users","false","39"
"R0452","Philosophy / critical thinking","personal_identity_criteria","personal_identity_criteria","7","In this hypothetical account, connected character and memories matter more than the material body. Which criterion is prioritized?","Social or legal recognition","No identity criterion is specified","Continuity of memory or psychology","Similarity of appearance alone","Continuity of the body","C","Continuity of memory or psychology","The account explicitly prioritizes psychological continuity.","Original AI-authored short practice item","Draft; not expert-reviewed or psychometrically validated","","30","Design target; not measured with users","false","40"
"R0261","Philosophy / critical thinking","circularity","circularity","3","Trust the book because the speaker endorses it; trust the speaker only because the book endorses her. What happens?","A counterexample is offered","A conclusion is asserted without a reason","The support restates the claim","Each claim is supported only by the other","Independent support is offered","D","Each claim is supported only by the other","The two endorsements provide no independent starting point.","Original AI-authored short practice item","Draft; not expert-reviewed or psychometrically validated","","30","Design target; not measured with users","false","47"
"R0147","LSAT-style","scope_shift","scope_shift","3","The river stayed clean last year, so it will always stay clean. What shift occurs?","Possible becomes certain","Some becomes all","Past becomes permanent","One part becomes the whole","Local becomes universal","C","Past becomes permanent","A past condition is projected indefinitely.","Original AI-authored short practice item","Draft; not expert-reviewed or psychometrically validated","","30","Design target; not measured with users","false","32"
"R0132","LSAT-style","causal_flaw","causal_flaw","6","Anxious people check messages often, so checking must create anxiety. What alternative direction is ignored?","Treating a possible cause as the only cause","Reversing a possible causal direction","Confusing sequence with causation","Overlooking a common cause","Ignoring selection into the group","B","Reversing a possible causal direction","Anxiety might cause frequent checking.","Original AI-authored short practice item","Draft; not expert-reviewed or psychometrically validated","","30","Design target; not measured with users","false","41"
"R0348","Philosophy / critical thinking","fact_value_distinction","fact_value_distinction","2","Keeping this promise would be admirable. What kind of claim is this?","A descriptive claim","A descriptive premise alone does not establish an obligation","A definition for this discussion","A recommendation","A value judgment","E","A value judgment","Admirable evaluates the action.","Original AI-authored short practice item","Draft; not expert-reviewed or psychometrically validated","","30","Design target; not measured with users","false","34"
"R0199","LSAT-style","short_passage_purpose","short_passage_purpose","1","Some silence shows agreement, but silence can also reflect fear. What is this passage doing?","Explain an apparent puzzle","Report a change without arguing","Defend a recommendation","Distinguish two concepts","Qualify an overly broad claim","E","Qualify an overly broad claim","It limits an interpretation that treats all silence as agreement.","Original AI-authored short practice item","Draft; not expert-reviewed or psychometrically validated","","30","Design target; not measured with users","false","35"
"R0399","Philosophy / critical thinking","fairness_under_stated_standards","fairness_under_stated_standards","9","A competition offers accessible application formats but does not promise equal prizes. Which standard is reflected?","Equal opportunity to participate","The standard is not specified","Equal shares","Reward proportional to contribution","Greater help for greater need","A","Equal opportunity to participate","Access to entering is distinguished from equal outcomes.","Original AI-authored short practice item","Draft; not expert-reviewed or psychometrically validated","","30","Design target; not measured with users","false","36"
"R0044","LSAT-style","resolve_discrepancy","resolve_discrepancy","8","A company has fewer employees but produces more goods. Best explanation?","Production stopped.","Each worker produces less and nothing else changed.","Every machine broke.","All goods were discarded.","New machines automate much of the work.","E","New machines automate much of the work.","Automation can increase output with fewer workers.","Original AI-authored short practice item","Draft; not expert-reviewed or psychometrically validated","","30","Design target; not measured with users","false","35"
"R0065","LSAT-style","counterexample","counterexample","2","Claim: Anything popular is well made. Counterexample?","A popular product that breaks easily.","An unpopular sturdy product.","A costly product.","A little-known brand.","A popular sturdy product.","A","A popular product that breaks easily.","Popularity together with poor construction challenges the claim.","Original AI-authored short practice item","Draft; not expert-reviewed or psychometrically validated","","30","Design target; not measured with users","false","27"
"R0405","Philosophy / critical thinking","rights_and_welfare","rights_and_welfare","4","Privacy matters and public safety matters, but no priority or solution is given. What is established?","Only a factual question is raised","A value conflict remains unresolved","An individual right limits the choice","Total benefit is treated as decisive","A compromise protects both interests partly","B","A value conflict remains unresolved","Competing values are named without resolving the trade-off.","Original AI-authored short practice item","Draft; not expert-reviewed or psychometrically validated","","30","Design target; not measured with users","false","45"
"R0323","Philosophy / critical thinking","burden_of_support","burden_of_support","10","I say the painting moved; separate before-and-after images confirm a changed position. What has happened?","The claimant still needs supporting reasons","The evidence directly refutes the universal claim","Both sides are proved correct","The critic has disproved the claim","The claim has been independently supported","E","The claim has been independently supported","The images independently support movement of position.","Original AI-authored short practice item","Draft; not expert-reviewed or psychometrically validated","","30","Design target; not measured with users","false","45"
"R0138","LSAT-style","sampling_flaw","sampling_flaw","3","A town surveys only drivers about whether everyone needs pavements. Main sampling issue?","No sampling flaw is specified","Only dissatisfied people were sampled","The sample excludes relevant people","One unusual case is overgeneralized","Only satisfied people were sampled","C","The sample excludes relevant people","Pedestrians and non-drivers are directly relevant but excluded.","Original AI-authored short practice item","Draft; not expert-reviewed or psychometrically validated","","30","Design target; not measured with users","false","38"
"R0280","Philosophy / critical thinking","meaning_and_ambiguity","meaning_and_ambiguity","11","They disagree over whether copying is stealing but never define stealing. What would help first?","A personal preference settles the definition","An ambiguous term needs clarification","A key word changes meaning","The same meaning is used consistently","A factual contradiction is established","B","An ambiguous term needs clarification","Clarifying the disputed concept can expose the real disagreement.","Original AI-authored short practice item","Draft; not expert-reviewed or psychometrically validated","","30","Design target; not measured with users","false","42"
"R0347","Philosophy / critical thinking","fact_value_distinction","fact_value_distinction","1","People often keep promises. What kind of claim is this?","A definition for this discussion","A value judgment","A descriptive premise alone does not establish an obligation","A recommendation","A descriptive claim","E","A descriptive claim","It describes behaviour without yet saying what ought to happen.","Original AI-authored short practice item","Draft; not expert-reviewed or psychometrically validated","","30","Design target; not measured with users","false","32"
"R0233","Philosophy / critical thinking","fallacy_detection","fallacy_detection","8","The rule deserves obedience because it is a rule that ought to be obeyed. Best assessment?","The reasoning supports the conclusion","The conclusion is simply assumed","A limited claim is exaggerated","Popularity replaces evidence","The person is attacked instead of the argument","B","The conclusion is simply assumed","The reason restates the obligation it is supposed to establish.","Original AI-authored short practice item","Draft; not expert-reviewed or psychometrically validated","","30","Design target; not measured with users","false","42"
"R0113","LSAT-style","conditional_inference","conditional_inference","5","No signed forms are blank. This form is signed. Claim: It is blank.","Must be true","Must be false","Premises contradict each other","Could be true or false","No factual claim is made","B","Must be false","The general exclusion applies to the signed form.","Original AI-authored short practice item","Draft; not expert-reviewed or psychometrically validated","","30","Design target; not measured with users","false","33"
"R0158","LSAT-style","argument_flaw_plain_language","argument_flaw_plain_language","5","He wants fewer meetings, so he wants nobody to communicate. What goes wrong?","Attacking the person instead of the reason","Changing the meaning of a key word","Assuming the conclusion in the support","Presenting too few alternatives","Misrepresenting the opposing view","E","Misrepresenting the opposing view","Reducing meetings is exaggerated into eliminating communication.","Original AI-authored short practice item","Draft; not expert-reviewed or psychometrically validated","","30","Design target; not measured with users","false","41"
"R0266","Philosophy / critical thinking","circularity","circularity","8","The leader is honest because the report says so; the report is reliable solely because the leader says so. What happens?","Independent support is offered","A counterexample is offered","A conclusion is asserted without a reason","The support restates the claim","Each claim is supported only by the other","E","Each claim is supported only by the other","The claims rely exclusively on each other.","Original AI-authored short practice item","Draft; not expert-reviewed or psychometrically validated","","30","Design target; not measured with users","false","49"
"R0461","Philosophy / critical thinking","freedom_under_stated_definitions","freedom_under_stated_definitions","5","Someone freely chooses to hurt a stranger and concludes the action must therefore be good. Main issue?","The definition changes mid-argument","A moral verdict does not follow just from freedom","Not free under the stipulated definition","The definition needs information not supplied","Free under the stipulated definition","B","A moral verdict does not follow just from freedom","Being voluntary does not establish moral approval.","Original AI-authored short practice item","Draft; not expert-reviewed or psychometrically validated","","30","Design target; not measured with users","false","47"
"R0022","LSAT-style","strengthen","strengthen","4","A manager says a noisy fan caused complaints. Which supports this?","A window was painted.","Employees like quiet.","Complaints stopped when only the fan was switched off.","The building is old.","The manager works upstairs.","C","Complaints stopped when only the fan was switched off.","Removing only the suspected source supports the explanation.","Original AI-authored short practice item","Draft; not expert-reviewed or psychometrically validated","","30","Design target; not measured with users","false","35"
"R0194","LSAT-style","plan_vulnerability","plan_vulnerability","5","A help desk judges success by closed tickets and allows closing unresolved requests. Main weakness?","The plan removes a needed resource","People can bypass the plan","The plan addresses the wrong cause","The plan does not reach the target group","The outcome measure can be misleading","E","The outcome measure can be misleading","Closure counts may increase without problems being solved.","Original AI-authored short practice item","Draft; not expert-reviewed or psychometrically validated","","30","Design target; not measured with users","false","46"
"R0111","LSAT-style","conditional_inference","conditional_inference","3","If it snows, the path closes. The path closes. Claim: It snowed.","Must be true","No factual claim is made","Premises contradict each other","Could be true or false","Must be false","D","Could be true or false","Another cause of closure is not excluded.","Original AI-authored short practice item","Draft; not expert-reviewed or psychometrically validated","","30","Design target; not measured with users","false","32"
"R0010","LSAT-style","necessary_assumption","necessary_assumption","1","Moving the meeting online will let Ana attend because she cannot travel. What must also be true?","Everyone prefers online meetings.","Travel is always impossible.","The meeting is recorded.","Ana prefers travel.","Ana can join online.","E","Ana can join online.","Without online access, removing travel does not enable Ana to attend.","Original AI-authored short practice item","Draft; not expert-reviewed or psychometrically validated","","30","Design target; not measured with users","false","36"
"R0469","Philosophy / critical thinking","conceptual_definition_tests","conceptual_definition_tests","2","Define a promise as a communicated commitment. Bo privately thinks about helping but commits to nothing. Assessment?","The definition is too broad for the proposed use","The example fits the stated definition","The definition is too narrow for the proposed use","More information is needed","The example fails a necessary condition","E","The example fails a necessary condition","The required commitment and communication are absent.","Original AI-authored short practice item","Draft; not expert-reviewed or psychometrically validated","","30","Design target; not measured with users","false","51"
"R0152","LSAT-style","scope_shift","scope_shift","8","The team won previously, so it will never lose. What shift occurs?","Some becomes all","One part becomes the whole","Possible becomes certain","Past becomes permanent","Local becomes universal","D","Past becomes permanent","Previous success does not guarantee permanent success.","Original AI-authored short practice item","Draft; not expert-reviewed or psychometrically validated","","30","Design target; not measured with users","false","29"
"R0345","Philosophy / critical thinking","epistemic_humility","epistemic_humility","10","The evidence is incomplete; therefore the event definitely did not happen. What move is this?","Accept whichever view is more popular","Treat uncertainty as proof of falsehood","Revise confidence in light of relevant evidence","Treat confidence as proof of truth","Keep the belief regardless of all evidence","B","Treat uncertainty as proof of falsehood","Incomplete evidence does not entail absence of the event.","Original AI-authored short practice item","Draft; not expert-reviewed or psychometrically validated","","30","Design target; not measured with users","false","47"
"R0359","Philosophy / critical thinking","ethical_principle_application","ethical_principle_application","2","Rule: Never reveal a private message without permission. No permission was given. Under this rule, revealing it is what?","The stated facts are inconsistent","Permitted but not required","The rule alone does not settle it","Forbidden by the stated rule","Required by the stated rule","D","Forbidden by the stated rule","The described action violates the rule's necessary permission condition.","Original AI-authored short practice item","Draft; not expert-reviewed or psychometrically validated","","30","Design target; not measured with users","false","45"
"R0483","Philosophy / critical thinking","best_philosophical_followup","best_philosophical_followup","5","Someone says 'The outcome is good, so the method is justified.' Best follow-up?","Was the method fashionable?","Are any methods unacceptable despite good outcomes?","Is the outcome easy to describe?","Did the speaker smile?","Who named the plan?","B","Are any methods unacceptable despite good outcomes?","The question probes whether consequences override all constraints.","Original AI-authored short practice item","Draft; not expert-reviewed or psychometrically validated","","30","Design target; not measured with users","false","38"
"R0070","LSAT-style","counterexample","counterexample","7","Claim: Every rule with exceptions is useless. Counterexample?","A rule nobody knows.","A useless rule with no exceptions.","A useful rule with an emergency exception.","A strict rule.","An unpopular rule.","C","A useful rule with an emergency exception.","It has an exception yet remains useful.","Original AI-authored short practice item","Draft; not expert-reviewed or psychometrically validated","","30","Design target; not measured with users","false","31"
"R0053","LSAT-style","point_of_disagreement","point_of_disagreement","8","Nia: The rule allows exceptions. Oren: The rule permits none. Disagreement?","Whether exceptions are allowed.","Whether rules are written.","Whether this rule is popular.","When it was adopted.","Who enforces it.","A","Whether exceptions are allowed.","They contradict each other about exceptions.","Original AI-authored short practice item","Draft; not expert-reviewed or psychometrically validated","","30","Design target; not measured with users","false","31"
"R0392","Philosophy / critical thinking","fairness_under_stated_standards","fairness_under_stated_standards","2","A rule prioritizes people facing the greatest hardship. Which standard does it use?","Greater help for greater need","Equal shares","Reward proportional to contribution","The standard is not specified","Equal opportunity to participate","A","Greater help for greater need","Allocation responds to comparative need.","Original AI-authored short practice item","Draft; not expert-reviewed or psychometrically validated","","30","Design target; not measured with users","false","33"
"R0052","LSAT-style","point_of_disagreement","point_of_disagreement","7","Lea: Intentions alone determine blame. Mo: Consequences also matter for blame. Disagreement?","Who caused this harm.","Whether consequences matter for blame.","Whether intentions exist.","Whether blame is pleasant.","Whether harm ever occurs.","B","Whether consequences matter for blame.","Mo denies the exclusivity in Lea's claim.","Original AI-authored short practice item","Draft; not expert-reviewed or psychometrically validated","","30","Design target; not measured with users","false","32"
"R0120","LSAT-style","quantifier_inference","quantifier_inference","3","No dancers here are asleep. Which dancers here are asleep?","At least some, but not necessarily all","Cannot tell whether any","None of the first group","All members of the first group","The premises are inconsistent","C","None of the first group","The premise explicitly excludes all dancers from the asleep group.","Original AI-authored short practice item","Draft; not expert-reviewed or psychometrically validated","","30","Design target; not measured with users","false","36"
"R0224","LSAT-style","agreement_and_entailment","agreement_and_entailment","8","A: Only members should vote. B: Non-members should also vote. Claim: Non-members should vote.","Only one takes a position on it","They explicitly disagree about it","Both speakers explicitly reject it","Neither takes a position on it","Both speakers explicitly accept it","B","They explicitly disagree about it","A excludes the very voters B includes.","Original AI-authored short practice item","Draft; not expert-reviewed or psychometrically validated","","30","Design target; not measured with users","false","42"
"R0472","Philosophy / critical thinking","conceptual_definition_tests","conceptual_definition_tests","5","Define deception as intentionally misleading someone. A false statement was made, but intention is unknown. Assessment?","The definition is too narrow for the proposed use","The example fails a necessary condition","The definition is too broad for the proposed use","More information is needed","The example fits the stated definition","D","More information is needed","Falsity alone does not settle the intention requirement.","Original AI-authored short practice item","Draft; not expert-reviewed or psychometrically validated","","30","Design target; not measured with users","false","50"
"R0197","LSAT-style","plan_vulnerability","plan_vulnerability","8","A library shortens checkout queues by discouraging people from borrowing at all. If success means better access, what is wrong with queue length alone?","The outcome measure can be misleading","The plan does not reach the target group","The plan addresses the wrong cause","People can bypass the plan","The plan removes a needed resource","A","The outcome measure can be misleading","Shorter queues may reflect reduced use rather than improved service.","Original AI-authored short practice item","Draft; not expert-reviewed or psychometrically validated","","30","Design target; not measured with users","false","55"
"R0285","Philosophy / critical thinking","philosophical_counterexample","philosophical_counterexample","5","Claim: Every explanation excuses the action. Best counterexample?","Pardoning a mistake.","Removing a penalty.","Calling an action justified.","Explaining a theft by greed while still condemning it.","Forgiving an apology.","D","Explaining a theft by greed while still condemning it.","An explanation can identify a motive without removing blame.","Original AI-authored short practice item","Draft; not expert-reviewed or psychometrically validated","","30","Design target; not measured with users","false","30"
"R0159","LSAT-style","argument_flaw_plain_language","argument_flaw_plain_language","6","Her evidence about the leak is worthless because she is annoying. What goes wrong?","Assuming the conclusion in the support","Changing the meaning of a key word","Attacking the person instead of the reason","Presenting too few alternatives","Misrepresenting the opposing view","C","Attacking the person instead of the reason","Annoyance does not refute the evidence.","Original AI-authored short practice item","Draft; not expert-reviewed or psychometrically validated","","30","Design target; not measured with users","false","42"
"R0365","Philosophy / critical thinking","ethical_principle_application","ethical_principle_application","8","Rule: Share emergency supplies according to urgent need. No needs are described. Can we identify who should receive supplies first?","Required by the stated rule","Forbidden by the stated rule","The stated facts are inconsistent","The rule alone does not settle it","Permitted but not required","D","The rule alone does not settle it","The relevant comparison is missing.","Original AI-authored short practice item","Draft; not expert-reviewed or psychometrically validated","","30","Design target; not measured with users","false","46"
"R0039","LSAT-style","resolve_discrepancy","resolve_discrepancy","3","A road has fewer cars but worse traffic delays. Best explanation?","All lanes were widened.","Construction closed several lanes.","Cars became fewer everywhere.","The road became pedestrian-only.","Every signal was removed.","B","Construction closed several lanes.","Reduced capacity can outweigh reduced traffic volume.","Original AI-authored short practice item","Draft; not expert-reviewed or psychometrically validated","","30","Design target; not measured with users","false","31"
"R0356","Philosophy / critical thinking","fact_value_distinction","fact_value_distinction","10","Competition occurs in nature, so competing is always morally right. What is missing?","A definition for this discussion","A descriptive claim","A value judgment","A recommendation","A descriptive premise alone does not establish an obligation","E","A descriptive premise alone does not establish an obligation","Natural occurrence alone does not determine moral rightness.","Original AI-authored short practice item","Draft; not expert-reviewed or psychometrically validated","","30","Design target; not measured with users","false","35"
"R0409","Philosophy / critical thinking","rights_and_welfare","rights_and_welfare","8","Allow discussion in a separate room so others can continue working quietly. What approach appears?","A value conflict remains unresolved","Total benefit is treated as decisive","Only a factual question is raised","An individual right limits the choice","A compromise protects both interests partly","E","A compromise protects both interests partly","The proposal accommodates both activities rather than eliminating either.","Original AI-authored short practice item","Draft; not expert-reviewed or psychometrically validated","","30","Design target; not measured with users","false","44"
"R0311","Philosophy / critical thinking","belief_and_justification","belief_and_justification","9","I correctly predicted rain from a dream alone. What does this show?","Belief can be true without being well justified","The conclusion conflicts with the evidence","The evidence justifies certainty","No belief is being expressed","The evidence supports a tentative belief","A","Belief can be true without being well justified","A successful prediction does not by itself validate its basis.","Original AI-authored short practice item","Draft; not expert-reviewed or psychometrically validated","","30","Design target; not measured with users","false","41"
"R0025","LSAT-style","strengthen","strengthen","7","A bird watcher blames bright windows for collisions. Which supports this?","The building has elevators.","The windows are costly.","Covering those windows sharply reduced collisions.","Birds sing nearby.","Visitors like the view.","C","Covering those windows sharply reduced collisions.","Changing the suspected hazard reduces the relevant outcome.","Original AI-authored short practice item","Draft; not expert-reviewed or psychometrically validated","","30","Design target; not measured with users","false","32"
"R0385","Philosophy / critical thinking","consent_reasoning","consent_reasoning","6","Define consent as informed, voluntary agreement. Ari knows the conditions and says yes without pressure. Assessment?","Consent is undermined by missing information","Silence alone does not establish consent","Consent to one thing does not establish consent to another","Consent is undermined by coercion","Consent is established under the stated definition","E","Consent is established under the stated definition","The stated definition is satisfied.","Original AI-authored short practice item","Draft; not expert-reviewed or psychometrically validated","","30","Design target; not measured with users","false","50"
"R0083","LSAT-style","parallel_reasoning","parallel_reasoning","2","If the gate is locked, entry is blocked. Entry is not blocked, so the gate is not locked. Which matches?","If it rains, paths are wet; paths are wet; it rains.","Some wet paths are muddy; this is wet; muddy.","If it rains, paths are wet; no rain; dry paths.","If it rains, paths are wet; paths are not wet; it is not raining.","It rains; therefore it will rain tomorrow.","D","If it rains, paths are wet; paths are not wet; it is not raining.","Both deny the result to deny the sufficient condition.","Original AI-authored short practice item","Draft; not expert-reviewed or psychometrically validated","","30","Design target; not measured with users","false","71"
"R0176","LSAT-style","premise_vs_inference","premise_vs_inference","5","In 'Did the warning reach everyone?' what kind of utterance appears?","Definition","Inference drawn from evidence","Recommendation","Observation offered as evidence","Question rather than a claim","E","Question rather than a claim","It asks for information rather than asserting an answer.","Original AI-authored short practice item","Draft; not expert-reviewed or psychometrically validated","","30","Design target; not measured with users","false","26"
"R0290","Philosophy / critical thinking","philosophical_counterexample","philosophical_counterexample","10","Claim: Every meaningful question has an agreed answer. Best counterexample?","A meaningless string of sounds.","A solved spelling question.","A unanimously accepted fact.","An agreed meeting time.","A clear ethical dilemma with reasoned disagreement.","E","A clear ethical dilemma with reasoned disagreement.","Meaningfulness does not require consensus.","Original AI-authored short practice item","Draft; not expert-reviewed or psychometrically validated","","30","Design target; not measured with users","false","34"
"R0130","LSAT-style","causal_flaw","causal_flaw","4","People who choose intensive practice perform better, so the practice alone explains the difference. Main gap?","Treating a possible cause as the only cause","Confusing sequence with causation","Overlooking a common cause","Ignoring selection into the group","Reversing a possible causal direction","D","Ignoring selection into the group","Those who choose it may already differ in motivation or skill.","Original AI-authored short practice item","Draft; not expert-reviewed or psychometrically validated","","30","Design target; not measured with users","false","42"
"R0492","Philosophy / critical thinking","responding_to_objections","responding_to_objections","3","You argue only outcomes matter. A critic raises a harmful intention with a lucky good outcome. Best response?","Address whether intentions have any independent moral weight.","Avoid mentioning the intention.","Describe an unrelated success.","Reject all hypothetical cases without reason.","Claim the critic hates happiness.","A","Address whether intentions have any independent moral weight.","The example tests whether the chosen criterion is sufficient.","Original AI-authored short practice item","Draft; not expert-reviewed or psychometrically validated","","30","Design target; not measured with users","false","45"
"R0066","LSAT-style","counterexample","counterexample","3","Claim: Nobody learns without a teacher. Counterexample?","A school employs teachers.","A teacher learns from another teacher.","Someone fails a lesson.","Someone teaches herself a new skill.","A pupil attends class.","D","Someone teaches herself a new skill.","Successful self-teaching supplies learning without the required teacher.","Original AI-authored short practice item","Draft; not expert-reviewed or psychometrically validated","","30","Design target; not measured with users","false","31"
"R0151","LSAT-style","scope_shift","scope_shift","7","The clue could indicate theft, so theft definitely occurred. What shift occurs?","One part becomes the whole","Possible becomes certain","Some becomes all","Local becomes universal","Past becomes permanent","B","Possible becomes certain","One possible interpretation becomes an asserted certainty.","Original AI-authored short practice item","Draft; not expert-reviewed or psychometrically validated","","30","Design target; not measured with users","false","29"
"R0397","Philosophy / critical thinking","fairness_under_stated_standards","fairness_under_stated_standards","7","A rescue rule sends help first to whoever faces the most urgent danger. Which standard is reflected?","Equal shares","The standard is not specified","Greater help for greater need","Equal opportunity to participate","Reward proportional to contribution","C","Greater help for greater need","Urgency of need determines priority.","Original AI-authored short practice item","Draft; not expert-reviewed or psychometrically validated","","30","Design target; not measured with users","false","37"
"R0164","LSAT-style","evidence_weight","evidence_weight","2","Claim: The box is empty. Evidence: A visible book is inside it. How does this bear on the claim?","Only repeats the claim","Suggests a competing explanation","Directly counts against the claim","Directly supports the claim","Irrelevant to the claim","C","Directly counts against the claim","A contained object contradicts emptiness.","Original AI-authored short practice item","Draft; not expert-reviewed or psychometrically validated","","30","Design target; not measured with users","false","40"
"R0312","Philosophy / critical thinking","belief_and_justification","belief_and_justification","10","What would count as evidence against this belief? What stance is expressed by the sentence alone?","Belief can be true without being well justified","The conclusion conflicts with the evidence","The evidence supports a tentative belief","The evidence justifies certainty","No belief is being expressed","E","No belief is being expressed","It asks for a test rather than asserting the belief true or false.","Original AI-authored short practice item","Draft; not expert-reviewed or psychometrically validated","","30","Design target; not measured with users","false","45"
"R0369","Philosophy / critical thinking","intentions_and_outcomes","intentions_and_outcomes","1","A helper tries to comfort a friend but unintentionally upsets her. What does this most directly illustrate?","Intention and outcome are both unspecified","Bad outcome does not prove bad intention","Good intention does not guarantee a good outcome","The same intention can produce different outcomes","The same outcome can arise from different intentions","C","Good intention does not guarantee a good outcome","A benevolent aim can fail in its effects.","Original AI-authored short practice item","Draft; not expert-reviewed or psychometrically validated","","30","Design target; not measured with users","false","53"
"R0181","LSAT-style","assumption_repair","assumption_repair","1","An argument jumps from popularity to quality. What would best repair that gap?","Attack the critic personally","Add evidence for the missing link","Change the subject","Repeat the conclusion more strongly","Add an unrelated fact","B","Add evidence for the missing link","It needs support connecting popularity to quality in the relevant setting.","Original AI-authored short practice item","Draft; not expert-reviewed or psychometrically validated","","30","Design target; not measured with users","false","35"
"R0496","Philosophy / critical thinking","responding_to_objections","responding_to_objections","7","You call a source reliable solely because it agrees with you. Best response to a circularity objection?","Offer independent checks on the source.","Praise your own intelligence.","Say you agree even more strongly.","Name unrelated sources.","Claim disagreement is rude.","A","Offer independent checks on the source.","Independent grounds are needed to break the justificatory loop.","Original AI-authored short practice item","Draft; not expert-reviewed or psychometrically validated","","30","Design target; not measured with users","false","40"
"R0155","LSAT-style","argument_flaw_plain_language","argument_flaw_plain_language","2","This rule is justified because it is the right rule, and right means justified. What goes wrong?","Attacking the person instead of the reason","Misrepresenting the opposing view","Assuming the conclusion in the support","Presenting too few alternatives","Changing the meaning of a key word","C","Assuming the conclusion in the support","The support merely restates the conclusion.","Original AI-authored short practice item","Draft; not expert-reviewed or psychometrically validated","","30","Design target; not measured with users","false","45"
"R0064","LSAT-style","counterexample","counterexample","1","Claim: Every honest person always agrees with friends. Which is a counterexample?","Someone has no friends.","An honest person stays quiet.","A dishonest person agrees.","Two friends agree.","An honest person disagrees with a friend.","E","An honest person disagrees with a friend.","It combines honesty with failure of the claimed universal behaviour.","Original AI-authored short practice item","Draft; not expert-reviewed or psychometrically validated","","30","Design target; not measured with users","false","35"
"R0107","LSAT-style","method_of_reasoning","method_of_reasoning","8","The letter was delivered, lost, or returned. It was neither delivered nor returned, so it was lost. Method?","Explaining an observation","Eliminating alternatives","Applying a general rule","Comparing similar cases","Offering a counterexample","B","Eliminating alternatives","Excluding two listed alternatives leaves the third.","Original AI-authored short practice item","Draft; not expert-reviewed or psychometrically validated","","30","Design target; not measured with users","false","33"
"R0293","Philosophy / critical thinking","consistency","consistency","2","I value honesty, but I sometimes lie. Are these claims logically inconsistent?","The claims can both be true","The claims contradict each other","Only a change over time is described","The speakers use different definitions","There is too little information about the wording","A","The claims can both be true","Valuing a standard does not imply always meeting it.","Original AI-authored short practice item","Draft; not expert-reviewed or psychometrically validated","","30","Design target; not measured with users","false","43"
"R0448","Philosophy / critical thinking","personal_identity_criteria","personal_identity_criteria","3","A story treats whoever inherits an official identity record as the same recognized person. Which criterion is used?","Continuity of the body","Similarity of appearance alone","Social or legal recognition","Continuity of memory or psychology","No identity criterion is specified","C","Social or legal recognition","Recognition by a social system is the stated basis.","Original AI-authored short practice item","Draft; not expert-reviewed or psychometrically validated","","30","Design target; not measured with users","false","40"
"R0002","LSAT-style","main_conclusion","main_conclusion","2","The cafe should open earlier: commuters pass before it opens and want coffee. What is the main conclusion?","Open the cafe earlier.","Coffee is popular.","Commuters want coffee.","The cafe opens late.","Commuters pass the cafe.","A","Open the cafe earlier.","The commuters' habits are reasons for the recommendation.","Original AI-authored short practice item","Draft; not expert-reviewed or psychometrically validated","","30","Design target; not measured with users","false","36"
"R0024","LSAT-style","strengthen","strengthen","6","A designer says larger buttons prevent accidental taps. Which supports this?","The same users made fewer errors with larger buttons.","Phones are popular.","The designer prefers blue.","The app has a logo.","The buttons look modern.","A","The same users made fewer errors with larger buttons.","A within-user comparison supports the proposed usability effect.","Original AI-authored short practice item","Draft; not expert-reviewed or psychometrically validated","","30","Design target; not measured with users","false","36"
"R0131","LSAT-style","causal_flaw","causal_flaw","5","The floor is wet. A leak can wet it, so a leak must be the cause. Main gap?","Ignoring selection into the group","Overlooking a common cause","Treating a possible cause as the only cause","Confusing sequence with causation","Reversing a possible causal direction","C","Treating a possible cause as the only cause","Spills or cleaning could also produce wetness.","Original AI-authored short practice item","Draft; not expert-reviewed or psychometrically validated","","30","Design target; not measured with users","false","44"
"R0486","Philosophy / critical thinking","best_philosophical_followup","best_philosophical_followup","8","Someone says 'All helping is selfish.' Best follow-up?","Are helpers popular?","Do you like helping?","What evidence would distinguish selfish from unselfish help?","Where did you hear the phrase?","Can you say it faster?","C","What evidence would distinguish selfish from unselfish help?","A usable distinction or test prevents redefining every case as support.","Original AI-authored short practice item","Draft; not expert-reviewed or psychometrically validated","","30","Design target; not measured with users","false","34"
"R0080","LSAT-style","sufficient_assumption","sufficient_assumption","8","Any repaired bike passes inspection. This bike has a green tag. Which rule guarantees it passes?","Some repairs use green tags.","All green-tagged bikes are repaired.","The bike has wheels.","Green tags are new.","All passing bikes have green tags.","B","All green-tagged bikes are repaired.","Green tag implies repaired, which implies passing.","Original AI-authored short practice item","Draft; not expert-reviewed or psychometrically validated","","30","Design target; not measured with users","false","40"
"R0031","LSAT-style","weaken","weaken","4","The new coach caused the team's improvement. Which weakens this?","The team wears shirts.","Fans like winning.","The coach owns a whistle.","The coach attends practice.","Several star players joined with the coach.","E","Several star players joined with the coach.","Changed players provide a competing explanation.","Original AI-authored short practice item","Draft; not expert-reviewed or psychometrically validated","","30","Design target; not measured with users","false","33"
"R0428","Philosophy / critical thinking","charitable_interpretation","charitable_interpretation","5","You argue badly because you are a boring person. What approach is used?","Agree merely to avoid discussion","Attack the speaker instead of the idea","Interpret the strongest reasonable version","Replace the view with an extreme version","Ask what the ambiguous claim means","B","Attack the speaker instead of the idea","A personal judgment replaces analysis of the reasoning.","Original AI-authored short practice item","Draft; not expert-reviewed or psychometrically validated","","30","Design target; not measured with users","false","43"
"R0056","LSAT-style","evaluate_argument","evaluate_argument","2","The school says removing homework will improve sleep. Most homework may be done at lunch. What should it check?","Does homework actually delay bedtime?","Are desks wooden?","Are notebooks lined?","Who built the school?","Do pupils like the mascot?","A","Does homework actually delay bedtime?","The suggested causal route requires homework to affect bedtime.","Original AI-authored short practice item","Draft; not expert-reviewed or psychometrically validated","","30","Design target; not measured with users","false","39"
"R0103","LSAT-style","method_of_reasoning","method_of_reasoning","4","The grass is damp because the sprinklers ran overnight. What is the speaker doing?","Comparing similar cases","Explaining an observation","Applying a general rule","Eliminating alternatives","Offering a counterexample","B","Explaining an observation","The statement offers a cause for an observed condition.","Original AI-authored short practice item","Draft; not expert-reviewed or psychometrically validated","","30","Design target; not measured with users","false","29"
"R0122","LSAT-style","quantifier_inference","quantifier_inference","5","Some maps are torn. No torn item is displayed. How many maps are not displayed?","All members of the first group","None of the first group","Cannot tell whether any","At least some, but not necessarily all","The premises are inconsistent","D","At least some, but not necessarily all","The torn maps supply at least some undisplayed maps.","Original AI-authored short practice item","Draft; not expert-reviewed or psychometrically validated","","30","Design target; not measured with users","false","41"
"R0109","LSAT-style","conditional_inference","conditional_inference","1","If a pass is valid, the gate opens. The pass is valid. Claim: The gate opens.","Must be true","Must be false","Premises contradict each other","Could be true or false","No factual claim is made","A","Must be true","The stated condition is satisfied.","Original AI-authored short practice item","Draft; not expert-reviewed or psychometrically validated","","30","Design target; not measured with users","false","36"
"R0436","Philosophy / critical thinking","thought_experiment_use","thought_experiment_use","2","Invent a perfectly informed choice made under threat. Ask whether information alone makes consent valid. Purpose?","Test a principle with a hypothetical case","Prove a real event occurred","Replace all need for reasons","Report a personal preference only","Establish how often something happens","A","Test a principle with a hypothetical case","The hypothetical isolates information from voluntariness.","Original AI-authored short practice item","Draft; not expert-reviewed or psychometrically validated","","30","Design target; not measured with users","false","43"
"R0318","Philosophy / critical thinking","burden_of_support","burden_of_support","5","No one has shown this charm fails, so it works. Best assessment?","The critic has disproved the claim","The evidence directly refutes the universal claim","The claimant still needs supporting reasons","The claim has been independently supported","Both sides are proved correct","C","The claimant still needs supporting reasons","Untested effectiveness remains unsupported by that argument.","Original AI-authored short practice item","Draft; not expert-reviewed or psychometrically validated","","30","Design target; not measured with users","false","42"
"R0463","Philosophy / critical thinking","freedom_under_stated_definitions","freedom_under_stated_definitions","7","Define free choice as deliberate selection without threats. Both features are given. Assessment?","Free under the stipulated definition","The definition changes mid-argument","A moral verdict does not follow just from freedom","The definition needs information not supplied","Not free under the stipulated definition","A","Free under the stipulated definition","The stipulated requirements are satisfied.","Original AI-authored short practice item","Draft; not expert-reviewed or psychometrically validated","","30","Design target; not measured with users","false","43"
"R0441","Philosophy / critical thinking","thought_experiment_use","thought_experiment_use","7","I prefer stories about imaginary societies. What does this sentence report?","Replace all need for reasons","Report a personal preference only","Establish how often something happens","Test a principle with a hypothetical case","Prove a real event occurred","B","Report a personal preference only","It states a personal taste rather than testing a principle.","Original AI-authored short practice item","Draft; not expert-reviewed or psychometrically validated","","30","Design target; not measured with users","false","38"
"R0094","LSAT-style","argument_role","argument_role","4","The club was founded in spring. Its hall is unsafe, so move the meeting. Role of the founding season?","Supporting reason","Objection being considered","Background only","Concession","Main conclusion","C","Background only","The season is incidental to the safety argument.","Original AI-authored short practice item","Draft; not expert-reviewed or psychometrically validated","","30","Design target; not measured with users","false","29"
"R0306","Philosophy / critical thinking","belief_and_justification","belief_and_justification","4","Could the witness have been mistaken? What kind of stance is expressed?","Belief can be true without being well justified","The evidence supports a tentative belief","No belief is being expressed","The evidence justifies certainty","The conclusion conflicts with the evidence","C","No belief is being expressed","The sentence raises a question rather than asserting an answer.","Original AI-authored short practice item","Draft; not expert-reviewed or psychometrically validated","","30","Design target; not measured with users","false","41"
"R0082","LSAT-style","parallel_reasoning","parallel_reasoning","1","All owls are birds. Pip is an owl. Therefore Pip is a bird. Which matches?","No roses are trees; this is a tree; it is a rose.","All roses are plants; this is a plant; it is a rose.","Some roses are red; all flowers are red.","All roses are plants; this is a rose; it is a plant.","This rose is red; every rose is red.","D","All roses are plants; this is a rose; it is a plant.","Both valid arguments apply a universal inclusion to a member.","Original AI-authored short practice item","Draft; not expert-reviewed or psychometrically validated","","30","Design target; not measured with users","false","67"
"R0482","Philosophy / critical thinking","best_philosophical_followup","best_philosophical_followup","4","Someone says 'This is the same person despite changed memories.' Best follow-up?","What colour are their clothes?","Are memories interesting?","Is the person's name short?","What makes personal identity persist in your account?","Do others like the person?","D","What makes personal identity persist in your account?","The question seeks the criterion supporting continuity.","Original AI-authored short practice item","Draft; not expert-reviewed or psychometrically validated","","30","Design target; not measured with users","false","38"
"R0037","LSAT-style","resolve_discrepancy","resolve_discrepancy","1","A restaurant became more popular, yet its dining room became emptier. Best explanation?","Every customer ate inside.","More customers ordered takeaway.","Nobody ordered delivery.","Its room became smaller.","It stopped selling food.","B","More customers ordered takeaway.","Takeaway can raise popularity without filling tables.","Original AI-authored short practice item","Draft; not expert-reviewed or psychometrically validated","","30","Design target; not measured with users","false","32"
"R0238","Philosophy / critical thinking","relevance_of_objection","relevance_of_objection","2","A speaker argues for clean water. Someone replies that her shoes are ugly. Assess the response.","Unrelated distraction","Relevant concern about source reliability","Relevant objection to the reasoning","Personal criticism with no stated relevance","Agreement rather than an objection","D","Personal criticism with no stated relevance","Her appearance does not address water policy.","Original AI-authored short practice item","Draft; not expert-reviewed or psychometrically validated","","30","Design target; not measured with users","false","39"
"R0333","Philosophy / critical thinking","testability","testability","9","Here, consent means freely given, informed agreement. What kind of statement is this?","It expresses a preference","It asks a moral question","It states a definition","An observation could count against it","It is protected against every possible outcome","C","It states a definition","It supplies the working meaning of consent.","Original AI-authored short practice item","Draft; not expert-reviewed or psychometrically validated","","30","Design target; not measured with users","false","39"
"R0021","LSAT-style","strengthen","strengthen","3","A tutor thinks discussion improves understanding. Which strengthens this?","The class starts early.","Comparable learners assigned discussion explained ideas better.","The textbook is popular.","The tutor likes discussion.","Learners enjoyed the room.","B","Comparable learners assigned discussion explained ideas better.","A comparable assigned group connects discussion to understanding.","Original AI-authored short practice item","Draft; not expert-reviewed or psychometrically validated","","30","Design target; not measured with users","false","32"
"R0308","Philosophy / critical thinking","belief_and_justification","belief_and_justification","6","The stated rule admits no exceptions: every sealed item is marked. This item is sealed. Assuming the premises, how secure is 'it is marked'?","Belief can be true without being well justified","No belief is being expressed","The evidence justifies certainty","The conclusion conflicts with the evidence","The evidence supports a tentative belief","C","The evidence justifies certainty","It follows deductively from the accepted premises.","Original AI-authored short practice item","Draft; not expert-reviewed or psychometrically validated","","30","Design target; not measured with users","false","53"
"R0381","Philosophy / critical thinking","consent_reasoning","consent_reasoning","2","Define consent as voluntary agreement. Lee agrees only under a credible threat. Main issue?","Consent is established under the stated definition","Consent is undermined by missing information","Silence alone does not establish consent","Consent to one thing does not establish consent to another","Consent is undermined by coercion","E","Consent is undermined by coercion","The threat undermines voluntariness.","Original AI-authored short practice item","Draft; not expert-reviewed or psychometrically validated","","30","Design target; not measured with users","false","48"
"R0321","Philosophy / critical thinking","burden_of_support","burden_of_support","8","Prove I did not secretly read your mind; otherwise I did. Best response?","The critic has disproved the claim","The claim has been independently supported","Both sides are proved correct","The claimant still needs supporting reasons","The evidence directly refutes the universal claim","D","The claimant still needs supporting reasons","The speaker cannot establish mind reading by shifting the burden.","Original AI-authored short practice item","Draft; not expert-reviewed or psychometrically validated","","30","Design target; not measured with users","false","43"
"R0127","LSAT-style","causal_flaw","causal_flaw","1","Successful shops advertise more, so advertising must create their success. What possible alternative is most directly overlooked?","Reversing a possible causal direction","Ignoring selection into the group","Overlooking a common cause","Confusing sequence with causation","Treating a possible cause as the only cause","A","Reversing a possible causal direction","Success may provide money for advertising.","Original AI-authored short practice item","Draft; not expert-reviewed or psychometrically validated","","30","Design target; not measured with users","false","43"
"R0256","Philosophy / critical thinking","false_choices","false_choices","9","Either an event occurred or it did not occur, with 'occurred' held fixed. Best assessment?","A word changes meaning","The alternatives are genuinely exhaustive as stated","A reasonable third possibility is excluded","The conclusion merely repeats its premise","The response attacks a person","B","The alternatives are genuinely exhaustive as stated","The alternatives are contradictory, leaving no third truth case in ordinary logic.","Original AI-authored short practice item","Draft; not expert-reviewed or psychometrically validated","","30","Design target; not measured with users","false","43"
"R0465","Philosophy / critical thinking","freedom_under_stated_definitions","freedom_under_stated_definitions","9","An event is called free because it has no admission charge, then treated as proving political liberty. Main issue?","The definition needs information not supplied","The definition changes mid-argument","Free under the stipulated definition","Not free under the stipulated definition","A moral verdict does not follow just from freedom","B","The definition changes mid-argument","A cost meaning is substituted for a liberty meaning.","Original AI-authored short practice item","Draft; not expert-reviewed or psychometrically validated","","30","Design target; not measured with users","false","49"
"R0411","Philosophy / critical thinking","rights_and_welfare","rights_and_welfare","10","Will the barrier prevent emergency access? What kind of question is this?","A compromise protects both interests partly","Total benefit is treated as decisive","Only a factual question is raised","A value conflict remains unresolved","An individual right limits the choice","C","Only a factual question is raised","It asks about a practical consequence.","Original AI-authored short practice item","Draft; not expert-reviewed or psychometrically validated","","30","Design target; not measured with users","false","41"
"R0079","LSAT-style","sufficient_assumption","sufficient_assumption","7","Every guest on the list enters. Rui has an invitation. Which rule guarantees entry?","Everyone on the list is invited.","Rui arrived early.","Some invitations are blue.","Everyone invited is on the list.","Listed guests like parties.","D","Everyone invited is on the list.","The rule establishes the sufficient listed status.","Original AI-authored short practice item","Draft; not expert-reviewed or psychometrically validated","","30","Design target; not measured with users","false","37"
"R0108","LSAT-style","method_of_reasoning","method_of_reasoning","9","Plants near the window grew taller because they received more light. Method?","Explaining an observation","Comparing similar cases","Eliminating alternatives","Offering a counterexample","Applying a general rule","A","Explaining an observation","The light difference is proposed to explain growth.","Original AI-authored short practice item","Draft; not expert-reviewed or psychometrically validated","","30","Design target; not measured with users","false","27"
"R0073","LSAT-style","sufficient_assumption","sufficient_assumption","1","Every amber ticket gets entry. Lee has a paper ticket. Which added rule guarantees Lee entry?","Lee likes amber.","Every amber ticket is paper.","No amber ticket is digital.","Some paper tickets are amber.","Every paper ticket is amber.","E","Every paper ticket is amber.","The new rule links Lee's paper ticket to the entry-granting category.","Original AI-authored short practice item","Draft; not expert-reviewed or psychometrically validated","","30","Design target; not measured with users","false","39"
"R0085","LSAT-style","parallel_reasoning","parallel_reasoning","4","No glass tokens float. This token floats, so it is not glass. Which matches?","Some cats sleep; this sleeps; it is a cat.","No cats are plants; this is not a cat; it is a plant.","No cats are plants; this is a plant; it is not a cat.","All cats sleep; this is not a cat; it never sleeps.","No cats are plants; therefore no cats exist.","C","No cats are plants; this is a plant; it is not a cat.","Both use exclusion and membership to rule out the other class.","Original AI-authored short practice item","Draft; not expert-reviewed or psychometrically validated","","30","Design target; not measured with users","false","68"
"R0198","LSAT-style","plan_vulnerability","plan_vulnerability","9","A parking rule is enforced only at the front gate although vehicles freely use the rear gate. Main weakness?","People can bypass the plan","The plan removes a needed resource","The plan does not reach the target group","The outcome measure can be misleading","The plan addresses the wrong cause","A","People can bypass the plan","Drivers can avoid the enforcement point.","Original AI-authored short practice item","Draft; not expert-reviewed or psychometrically validated","","30","Design target; not measured with users","false","50"
"R0041","LSAT-style","resolve_discrepancy","resolve_discrepancy","5","A room feels cooler although the thermostat setting stayed the same. Best explanation?","The chairs were moved.","The thermostat was painted.","The room was renamed.","All windows remained shut and conditions unchanged.","An open window lets cold air in.","E","An open window lets cold air in.","The setting is not the only influence on room temperature.","Original AI-authored short practice item","Draft; not expert-reviewed or psychometrically validated","","30","Design target; not measured with users","false","39"
"R0307","Philosophy / critical thinking","belief_and_justification","belief_and_justification","5","I believe a rumour solely because I want it to be true; later it proves true. What follows about my original reasoning?","No belief is being expressed","The evidence supports a tentative belief","The conclusion conflicts with the evidence","Belief can be true without being well justified","The evidence justifies certainty","D","Belief can be true without being well justified","The eventual truth does not make wishful thinking good evidence.","Original AI-authored short practice item","Draft; not expert-reviewed or psychometrically validated","","30","Design target; not measured with users","false","51"
"R0216","LSAT-style","parallel_flaw","parallel_flaw","9","Every ingredient tastes good separately, so their mixture must taste good. Which general flaw appears?","Reverses an if-then rule","Infers truth from popularity","Assumes parts guarantee the whole","Generalizes from one case","Treats lack of disproof as proof","C","Assumes parts guarantee the whole","Interaction can change the quality of the combined result.","Original AI-authored short practice item","Draft; not expert-reviewed or psychometrically validated","","30","Design target; not measured with users","false","38"
"R0172","LSAT-style","premise_vs_inference","premise_vs_inference","1","In 'The footprints are fresh, so someone passed recently,' what is 'The footprints are fresh'?","Observation offered as evidence","Inference drawn from evidence","Question rather than a claim","Definition","Recommendation","A","Observation offered as evidence","It is the stated observation supporting the inference.","Original AI-authored short practice item","Draft; not expert-reviewed or psychometrically validated","","30","Design target; not measured with users","false","30"
"R0247","Philosophy / critical thinking","relevance_of_objection","relevance_of_objection","11","A speaker presents evidence about animal suffering. Someone changes the discussion to the colour of the chairs. Assess this.","Unrelated distraction","Personal criticism with no stated relevance","Relevant objection to the reasoning","Agreement rather than an objection","Relevant concern about source reliability","A","Unrelated distraction","Chair colour has no stated bearing on the evidence.","Original AI-authored short practice item","Draft; not expert-reviewed or psychometrically validated","","30","Design target; not measured with users","false","42"
"R0314","Philosophy / critical thinking","burden_of_support","burden_of_support","1","Invisible creatures live here. You cannot disprove them, so accept it. Best response?","The claim has been independently supported","The evidence directly refutes the universal claim","The claimant still needs supporting reasons","The critic has disproved the claim","Both sides are proved correct","C","The claimant still needs supporting reasons","Failure to disprove an assertion is not positive support for it.","Original AI-authored short practice item","Draft; not expert-reviewed or psychometrically validated","","30","Design target; not measured with users","false","43"
"R0301","Philosophy / critical thinking","consistency","consistency","10","One person uses 'selfish' for any chosen act; another means seeking personal gain. Main source of apparent disagreement?","Only a change over time is described","There is too little information about the wording","The claims can both be true","The speakers use different definitions","The claims contradict each other","D","The speakers use different definitions","The definitions classify actions differently.","Original AI-authored short practice item","Draft; not expert-reviewed or psychometrically validated","","30","Design target; not measured with users","false","49"
"R0015","LSAT-style","necessary_assumption","necessary_assumption","6","The lost key is in the sealed box because every other possible location was checked. Necessary assumption?","Nobody owns another key.","The box is wooden.","The box is easy to open.","The key opens the box.","The key still occupies a possible location.","E","The key still occupies a possible location.","Eliminating alternatives works only if the key remains within the possibilities.","Original AI-authored short practice item","Draft; not expert-reviewed or psychometrically validated","","30","Design target; not measured with users","false","43"
"R0185","LSAT-style","assumption_repair","assumption_repair","5","Asked whether a route is safe, a guide describes an unrelated holiday. What strategy is this?","Add evidence for the missing link","Repeat the conclusion more strongly","Change the subject","Attack the critic personally","Add an unrelated fact","C","Change the subject","The guide leaves the safety question rather than answering it.","Original AI-authored short practice item","Draft; not expert-reviewed or psychometrically validated","","30","Design target; not measured with users","false","38"
"R0143","LSAT-style","sampling_flaw","sampling_flaw","8","A courier judges all delivery routes from a route closed by a landslide. Main issue?","Only dissatisfied people were sampled","The sample excludes relevant people","Only satisfied people were sampled","One unusual case is overgeneralized","No sampling flaw is specified","D","One unusual case is overgeneralized","An exceptional route is used to characterize all routes.","Original AI-authored short practice item","Draft; not expert-reviewed or psychometrically validated","","30","Design target; not measured with users","false","40"
"R0112","LSAT-style","conditional_inference","conditional_inference","4","All members may vote. Rae is not a member. Claim: Rae may vote.","Must be true","Could be true or false","No factual claim is made","Must be false","Premises contradict each other","B","Could be true or false","The rule does not say that only members may vote.","Original AI-authored short practice item","Draft; not expert-reviewed or psychometrically validated","","30","Design target; not measured with users","false","33"
"R0210","LSAT-style","parallel_flaw","parallel_flaw","3","Like saying a rumour is true because everyone repeats it, someone calls a theory true because it is fashionable. Shared flaw?","Generalizes from one case","Treats lack of disproof as proof","Infers truth from popularity","Assumes parts guarantee the whole","Reverses an if-then rule","C","Infers truth from popularity","Acceptance is substituted for evidence of truth.","Original AI-authored short practice item","Draft; not expert-reviewed or psychometrically validated","","30","Design target; not measured with users","false","44"
"R0207","LSAT-style","short_passage_purpose","short_passage_purpose","9","A reason for believing a claim is not automatically a cause of the event described. Main purpose?","Explain an apparent puzzle","Distinguish two concepts","Report a change without arguing","Defend a recommendation","Qualify an overly broad claim","B","Distinguish two concepts","It separates evidential support from causal explanation.","Original AI-authored short practice item","Draft; not expert-reviewed or psychometrically validated","","30","Design target; not measured with users","false","37"
"R0058","LSAT-style","evaluate_argument","evaluate_argument","4","An alarm should prevent missed appointments. Best question?","What is the phone's colour?","Is its icon attractive?","Will users notice it before appointments?","Do appointments have names?","Who invented calendars?","C","Will users notice it before appointments?","A timely noticed reminder is necessary for the proposed benefit.","Original AI-authored short practice item","Draft; not expert-reviewed or psychometrically validated","","30","Design target; not measured with users","false","30"
"R0416","Philosophy / critical thinking","responsibility_and_control","responsibility_and_control","4","A person understands the effect and freely chooses it. Which feature is described?","Deliberate informed choice is described","Relevant knowledge is missing","Control is reduced by a threat","Control is absent in the described act","The facts do not settle control or knowledge","A","Deliberate informed choice is described","Both awareness and voluntary choice are supplied.","Original AI-authored short practice item","Draft; not expert-reviewed or psychometrically validated","","30","Design target; not measured with users","false","43"
"R0026","LSAT-style","strengthen","strengthen","8","A teacher says private feedback encourages participation. Which supports this?","Quiet pupils participated more after feedback became private.","Some pupils like sports.","Feedback takes time.","The teacher enjoys teaching.","The classroom has posters.","A","Quiet pupils participated more after feedback became private.","The change matches the predicted effect on participation.","Original AI-authored short practice item","Draft; not expert-reviewed or psychometrically validated","","30","Design target; not measured with users","false","33"
"R0336","Philosophy / critical thinking","epistemic_humility","epistemic_humility","1","A trusted belief conflicts with strong, independently checked evidence. Best reasoning response?","Keep the belief regardless of all evidence","Revise confidence in light of relevant evidence","Treat uncertainty as proof of falsehood","Accept whichever view is more popular","Treat confidence as proof of truth","B","Revise confidence in light of relevant evidence","Beliefs should respond to the quality of relevant evidence.","Original AI-authored short practice item","Draft; not expert-reviewed or psychometrically validated","","30","Design target; not measured with users","false","44"
"R0408","Philosophy / critical thinking","rights_and_welfare","rights_and_welfare","7","Even a useful experiment must respect participants' stated right to withdraw. Which priority appears?","A compromise protects both interests partly","An individual right limits the choice","A value conflict remains unresolved","Total benefit is treated as decisive","Only a factual question is raised","B","An individual right limits the choice","Withdrawal rights restrict what benefits may justify.","Original AI-authored short practice item","Draft; not expert-reviewed or psychometrically validated","","30","Design target; not measured with users","false","43"
"R0068","LSAT-style","counterexample","counterexample","5","Claim: Only adults can act responsibly. Counterexample?","A child acts badly.","An adult acts responsibly.","A child acts responsibly.","Someone avoids responsibility.","An adult acts badly.","C","A child acts responsibly.","A responsible non-adult violates the restriction.","Original AI-authored short practice item","Draft; not expert-reviewed or psychometrically validated","","30","Design target; not measured with users","false","26"
"R0278","Philosophy / critical thinking","meaning_and_ambiguity","meaning_and_ambiguity","9","For this rule, a promise is an explicit commitment. This explicit commitment is a promise under the rule. Assessment?","A personal preference settles the definition","An ambiguous term needs clarification","A key word changes meaning","A factual contradiction is established","The same meaning is used consistently","E","The same meaning is used consistently","The same definition is maintained.","Original AI-authored short practice item","Draft; not expert-reviewed or psychometrically validated","","30","Design target; not measured with users","false","46"
"R0414","Philosophy / critical thinking","responsibility_and_control","responsibility_and_control","2","A person complies because of a credible threat. Which feature matters?","Control is reduced by a threat","Relevant knowledge is missing","Deliberate informed choice is described","The facts do not settle control or knowledge","Control is absent in the described act","A","Control is reduced by a threat","Coercion constrains the choice even if an action is performed.","Original AI-authored short practice item","Draft; not expert-reviewed or psychometrically validated","","30","Design target; not measured with users","false","41"
"R0384","Philosophy / critical thinking","consent_reasoning","consent_reasoning","5","Rae agrees to share a photo privately. Someone treats this as permission to publish it publicly. Main issue?","Consent to one thing does not establish consent to another","Consent is undermined by missing information","Consent is undermined by coercion","Silence alone does not establish consent","Consent is established under the stated definition","A","Consent to one thing does not establish consent to another","The purpose and audience exceed the agreement.","Original AI-authored short practice item","Draft; not expert-reviewed or psychometrically validated","","30","Design target; not measured with users","false","52"
"R0086","LSAT-style","parallel_reasoning","parallel_reasoning","5","The switch is on or the battery is flat. The switch is not on, so the battery is flat. Which matches?","Tea or coffee is available; tea; no coffee.","Tea or coffee is available; no tea; coffee is available.","Tea is available; coffee must be too.","Coffee is popular; tea is unavailable.","No tea is available; no coffee is available.","B","Tea or coffee is available; no tea; coffee is available.","Both eliminate one alternative from an exhaustive disjunction.","Original AI-authored short practice item","Draft; not expert-reviewed or psychometrically validated","","30","Design target; not measured with users","false","60"
"R0430","Philosophy / critical thinking","charitable_interpretation","charitable_interpretation","7","He recommends occasional quiet hours; she accuses him of banning all conversation. What approach is used?","Replace the view with an extreme version","Agree merely to avoid discussion","Ask what the ambiguous claim means","Attack the speaker instead of the idea","Interpret the strongest reasonable version","A","Replace the view with an extreme version","The scope of the recommendation is exaggerated.","Original AI-authored short practice item","Draft; not expert-reviewed or psychometrically validated","","30","Design target; not measured with users","false","46"
"R0351","Philosophy / critical thinking","fact_value_distinction","fact_value_distinction","5","People have always done this; therefore everyone ought to do it. What is missing?","A definition for this discussion","A descriptive claim","A recommendation","A descriptive premise alone does not establish an obligation","A value judgment","D","A descriptive premise alone does not establish an obligation","An additional evaluative premise is needed to connect practice to duty.","Original AI-authored short practice item","Draft; not expert-reviewed or psychometrically validated","","30","Design target; not measured with users","false","36"
"R0299","Philosophy / critical thinking","consistency","consistency","8","All knowledge is certain. Some knowledge is uncertain, using the same sense of certain. Are these consistent?","The claims can both be true","The speakers use different definitions","The claims contradict each other","Only a change over time is described","There is too little information about the wording","C","The claims contradict each other","The existential exception conflicts with the universal statement.","Original AI-authored short practice item","Draft; not expert-reviewed or psychometrically validated","","30","Design target; not measured with users","false","48"
"R0029","LSAT-style","weaken","weaken","2","Our new logo caused sales to rise. Which weakens this?","The logo uses green.","Customers saw the logo.","The designer was paid.","The shop has windows.","A major competitor closed at the same time.","E","A major competitor closed at the same time.","A competitor's closure offers another explanation for sales growth.","Original AI-authored short practice item","Draft; not expert-reviewed or psychometrically validated","","30","Design target; not measured with users","false","34"
"R0040","LSAT-style","resolve_discrepancy","resolve_discrepancy","4","A store receives fewer complaints after making returns harder. Best explanation?","Return rules stayed identical.","Complaints were mandatory.","Products became impossible to buy.","Customers stopped bothering to report problems.","Every customer complained more.","D","Customers stopped bothering to report problems.","Complaint counts can fall because reporting becomes less worthwhile.","Original AI-authored short practice item","Draft; not expert-reviewed or psychometrically validated","","30","Design target; not measured with users","false","33"
"R0493","Philosophy / critical thinking","responding_to_objections","responding_to_objections","4","You say disagreement proves no answer is true. A critic cites disagreement about a known fact. Best response?","Accuse the critic of arrogance.","Reconsider whether disagreement alone establishes that conclusion.","Repeat that disagreement exists.","Change the subject to manners.","Count how many people like you.","B","Reconsider whether disagreement alone establishes that conclusion.","The counterexample challenges the inference, not the existence of disagreement.","Original AI-authored short practice item","Draft; not expert-reviewed or psychometrically validated","","30","Design target; not measured with users","false","45"
"R0329","Philosophy / critical thinking","testability","testability","5","Is it fair to punish someone for an unavoidable mistake? What kind of question is this?","It states a definition","It asks a moral question","An observation could count against it","It is protected against every possible outcome","It expresses a preference","B","It asks a moral question","It asks about moral evaluation rather than directly predicting an observation.","Original AI-authored short practice item","Draft; not expert-reviewed or psychometrically validated","","30","Design target; not measured with users","false","42"
"R0139","LSAT-style","sampling_flaw","sampling_flaw","4","A reviewer meets one rude tourist and condemns all tourists. Main sampling issue?","Only dissatisfied people were sampled","The sample excludes relevant people","No sampling flaw is specified","One unusual case is overgeneralized","Only satisfied people were sampled","D","One unusual case is overgeneralized","A single encounter does not represent the group.","Original AI-authored short practice item","Draft; not expert-reviewed or psychometrically validated","","30","Design target; not measured with users","false","38"
"R0134","LSAT-style","causal_flaw","causal_flaw","8","The server failed after a desk was moved. Moving the desk caused the failure. Main gap?","Treating a possible cause as the only cause","Reversing a possible causal direction","Overlooking a common cause","Ignoring selection into the group","Confusing sequence with causation","E","Confusing sequence with causation","Timing alone does not connect the events causally.","Original AI-authored short practice item","Draft; not expert-reviewed or psychometrically validated","","30","Design target; not measured with users","false","42"
"R0042","LSAT-style","resolve_discrepancy","resolve_discrepancy","6","A park attracts more visitors but produces less litter. Best explanation?","All bins were removed.","Visitors dropped more rubbish each.","Cleaning stopped entirely.","Visitors began using newly installed bins.","Food was newly allowed everywhere.","D","Visitors began using newly installed bins.","Better disposal can reduce litter despite greater attendance.","Original AI-authored short practice item","Draft; not expert-reviewed or psychometrically validated","","30","Design target; not measured with users","false","34"
"R0156","LSAT-style","argument_flaw_plain_language","argument_flaw_plain_language","3","Either ban all games or accept that children never study. What goes wrong?","Assuming the conclusion in the support","Attacking the person instead of the reason","Changing the meaning of a key word","Presenting too few alternatives","Misrepresenting the opposing view","D","Presenting too few alternatives","Other arrangements, such as limited gaming, are excluded.","Original AI-authored short practice item","Draft; not expert-reviewed or psychometrically validated","","30","Design target; not measured with users","false","41"
"R0410","Philosophy / critical thinking","rights_and_welfare","rights_and_welfare","9","The argument names liberty and security but gives no way to weigh them. What remains?","Only a factual question is raised","A compromise protects both interests partly","Total benefit is treated as decisive","An individual right limits the choice","A value conflict remains unresolved","E","A value conflict remains unresolved","Their relative priority has not been decided.","Original AI-authored short practice item","Draft; not expert-reviewed or psychometrically validated","","30","Design target; not measured with users","false","44"
"R0183","LSAT-style","assumption_repair","assumption_repair","3","Asked why a source is reliable, someone says 'It is absolutely reliable.' What strategy is this?","Add evidence for the missing link","Repeat the conclusion more strongly","Add an unrelated fact","Attack the critic personally","Change the subject","B","Repeat the conclusion more strongly","Stronger wording adds no independent support.","Original AI-authored short practice item","Draft; not expert-reviewed or psychometrically validated","","30","Design target; not measured with users","false","38"
"R0276","Philosophy / critical thinking","meaning_and_ambiguity","meaning_and_ambiguity","7","The argument is sound. Sound is audible. Therefore the argument is audible. Main issue?","A personal preference settles the definition","The same meaning is used consistently","A factual contradiction is established","A key word changes meaning","An ambiguous term needs clarification","D","A key word changes meaning","Logical soundness is confused with noise.","Original AI-authored short practice item","Draft; not expert-reviewed or psychometrically validated","","30","Design target; not measured with users","false","41"
"R0092","LSAT-style","argument_role","argument_role","2","Although repairs are costly, the bridge is essential and should be fixed. Role of 'repairs are costly'?","Objection being considered","Background only","Main conclusion","Concession","Supporting reason","D","Concession","The writer accepts a drawback while maintaining the recommendation.","Original AI-authored short practice item","Draft; not expert-reviewed or psychometrically validated","","30","Design target; not measured with users","false","27"
"R0372","Philosophy / critical thinking","intentions_and_outcomes","intentions_and_outcomes","4","Two careful rescuers equally intend to help; luck lets only one succeed. What does this show?","Bad outcome does not prove bad intention","Good intention does not guarantee a good outcome","The same outcome can arise from different intentions","The same intention can produce different outcomes","Intention and outcome are both unspecified","D","The same intention can produce different outcomes","A common intention can have different results under different circumstances.","Original AI-authored short practice item","Draft; not expert-reviewed or psychometrically validated","","30","Design target; not measured with users","false","52"
"R0225","LSAT-style","agreement_and_entailment","agreement_and_entailment","9","A: The story is fictional. B: It is beautifully written. Claim: The author lives nearby.","Neither takes a position on it","Only one takes a position on it","Both speakers explicitly reject it","They explicitly disagree about it","Both speakers explicitly accept it","A","Neither takes a position on it","Neither comments on the author's residence.","Original AI-authored short practice item","Draft; not expert-reviewed or psychometrically validated","","30","Design target; not measured with users","false","43"
"R0296","Philosophy / critical thinking","consistency","consistency","5","No exceptions are justified. This exception is justified. Are these consistent?","Only a change over time is described","The speakers use different definitions","There is too little information about the wording","The claims contradict each other","The claims can both be true","D","The claims contradict each other","The particular endorsement directly contradicts the universal denial.","Original AI-authored short practice item","Draft; not expert-reviewed or psychometrically validated","","30","Design target; not measured with users","false","42"
"R0292","Philosophy / critical thinking","consistency","consistency","1","I never lie. I knowingly lied yesterday. Assume 'never' covers yesterday. Are these consistent?","The claims contradict each other","Only a change over time is described","The speakers use different definitions","There is too little information about the wording","The claims can both be true","A","The claims contradict each other","The admitted instance violates the universal denial.","Original AI-authored short practice item","Draft; not expert-reviewed or psychometrically validated","","30","Design target; not measured with users","false","45"
"R0488","Philosophy / critical thinking","best_philosophical_followup","best_philosophical_followup","10","Someone says 'Following rules is always right.' Best follow-up?","Are rules usually printed?","Do you like orderly rooms?","What if a rule requires harming an innocent person?","Is the rule easy to memorize?","Who designed the sign?","C","What if a rule requires harming an innocent person?","The difficult case tests the universal ethical claim.","Original AI-authored short practice item","Draft; not expert-reviewed or psychometrically validated","","30","Design target; not measured with users","false","37"
"R0466","Philosophy / critical thinking","freedom_under_stated_definitions","freedom_under_stated_definitions","10","The action was uncoerced, so no ethical criticism of it is possible. Main issue?","A moral verdict does not follow just from freedom","The definition changes mid-argument","The definition needs information not supplied","Free under the stipulated definition","Not free under the stipulated definition","A","A moral verdict does not follow just from freedom","Voluntariness alone does not rule out moral criticism.","Original AI-authored short practice item","Draft; not expert-reviewed or psychometrically validated","","30","Design target; not measured with users","false","44"
"R0499","Philosophy / critical thinking","responding_to_objections","responding_to_objections","10","You call an argument invalid because its conclusion is false. A critic asks about its structure. Best response?","Attack the critic.","Repeat that falsehood is bad.","Change the example's subject.","Separate whether the conclusion follows from whether premises are true.","Say all arguments are opinions.","D","Separate whether the conclusion follows from whether premises are true.","Logical consequence and actual truth are distinct issues.","Original AI-authored short practice item","Draft; not expert-reviewed or psychometrically validated","","30","Design target; not measured with users","false","45"
"R0161","LSAT-style","argument_flaw_plain_language","argument_flaw_plain_language","8","Either agree with this plan or admit you hate progress. What goes wrong?","Presenting too few alternatives","Misrepresenting the opposing view","Attacking the person instead of the reason","Assuming the conclusion in the support","Changing the meaning of a key word","A","Presenting too few alternatives","Disagreement can have other reasons.","Original AI-authored short practice item","Draft; not expert-reviewed or psychometrically validated","","30","Design target; not measured with users","false","41"
"R0375","Philosophy / critical thinking","intentions_and_outcomes","intentions_and_outcomes","7","A gift offends its recipient. Does that alone show the giver wanted to offend?","Intention and outcome are both unspecified","Bad outcome does not prove bad intention","The same intention can produce different outcomes","The same outcome can arise from different intentions","Good intention does not guarantee a good outcome","B","Bad outcome does not prove bad intention","An unwanted reaction can arise without hostile intention.","Original AI-authored short practice item","Draft; not expert-reviewed or psychometrically validated","","30","Design target; not measured with users","false","50"
"R0284","Philosophy / critical thinking","philosophical_counterexample","philosophical_counterexample","4","Claim: A choice is free whenever alternatives physically exist. Best counterexample?","Choosing a favourite snack freely.","Selecting a book without pressure.","Declining an invitation comfortably.","Taking an optional walk.","Choosing under a credible threat.","E","Choosing under a credible threat.","Physical alternatives alone do not settle coercion.","Original AI-authored short practice item","Draft; not expert-reviewed or psychometrically validated","","30","Design target; not measured with users","false","34"
"R0051","LSAT-style","point_of_disagreement","point_of_disagreement","6","Jo: The ending is sad but excellent. Kai: It is sad and badly written. Disagreement?","Whether the ending is sad.","The author's name.","The book's length.","The ending's quality.","Whether the story ends.","D","The ending's quality.","Both call it sad but evaluate its quality differently.","Original AI-authored short practice item","Draft; not expert-reviewed or psychometrically validated","","30","Design target; not measured with users","false","33"
"R0243","Philosophy / critical thinking","relevance_of_objection","relevance_of_objection","7","An argument relies on a rule allowing no exceptions. Someone identifies an accepted emergency exception. Assess this.","Agreement rather than an objection","Relevant objection to the reasoning","Relevant concern about source reliability","Unrelated distraction","Personal criticism with no stated relevance","B","Relevant objection to the reasoning","The exception directly challenges a premise of the argument.","Original AI-authored short practice item","Draft; not expert-reviewed or psychometrically validated","","30","Design target; not measured with users","false","40"
"R0011","LSAT-style","necessary_assumption","necessary_assumption","2","Replacing the bulb will make the lamp work. What does this assume?","The room is dark.","The lamp is new.","The bulb is expensive.","All lamps use this bulb.","No other fault prevents operation.","E","No other fault prevents operation.","A separate blocking fault would defeat the proposed fix.","Original AI-authored short practice item","Draft; not expert-reviewed or psychometrically validated","","30","Design target; not measured with users","false","34"
"R0343","Philosophy / critical thinking","epistemic_humility","epistemic_humility","8","A witness corrects an earlier detail after seeing clear footage. What good practice does this illustrate?","Accept whichever view is more popular","Revise confidence in light of relevant evidence","Keep the belief regardless of all evidence","Treat uncertainty as proof of falsehood","Treat confidence as proof of truth","B","Revise confidence in light of relevant evidence","Relevant evidence prompts a targeted revision.","Original AI-authored short practice item","Draft; not expert-reviewed or psychometrically validated","","30","Design target; not measured with users","false","48"
"R0019","LSAT-style","strengthen","strengthen","1","A shop thinks its clearer signs reduced customers getting lost. Which supports that explanation?","Lost visitors declined only in newly signed aisles.","Staff uniforms changed.","Visitors like discounts.","The shop sells maps.","The shop opened years ago.","A","Lost visitors declined only in newly signed aisles.","The location-specific improvement links the outcome to the signs.","Original AI-authored short practice item","Draft; not expert-reviewed or psychometrically validated","","30","Design target; not measured with users","false","37"
"R0069","LSAT-style","counterexample","counterexample","6","Claim: If a book is short, it is easy. Counterexample?","An unfinished book.","A long, difficult book.","A short, difficult book.","A short, easy book.","A long, easy book.","C","A short, difficult book.","The condition holds while the promised result fails.","Original AI-authored short practice item","Draft; not expert-reviewed or psychometrically validated","","30","Design target; not measured with users","false","29"
"R0142","LSAT-style","sampling_flaw","sampling_flaw","7","A campus asks only on-site students whether remote access matters to all students. Main issue?","The sample excludes relevant people","Only dissatisfied people were sampled","Only satisfied people were sampled","One unusual case is overgeneralized","No sampling flaw is specified","A","The sample excludes relevant people","Students relying on remote access are excluded.","Original AI-authored short practice item","Draft; not expert-reviewed or psychometrically validated","","30","Design target; not measured with users","false","40"
"R0346","Philosophy / critical thinking","epistemic_humility","epistemic_humility","11","An explanation remains plausible, but new alternatives fit equally well. Best response?","Revise confidence in light of relevant evidence","Treat confidence as proof of truth","Treat uncertainty as proof of falsehood","Keep the belief regardless of all evidence","Accept whichever view is more popular","A","Revise confidence in light of relevant evidence","Confidence in its unique correctness should fall.","Original AI-authored short practice item","Draft; not expert-reviewed or psychometrically validated","","30","Design target; not measured with users","false","44"
"R0215","LSAT-style","parallel_flaw","parallel_flaw","8","Everyone shares this explanation, so the explanation must be correct. Which general flaw appears?","Assumes parts guarantee the whole","Infers truth from popularity","Treats lack of disproof as proof","Generalizes from one case","Reverses an if-then rule","B","Infers truth from popularity","Circulation of a belief does not establish its accuracy.","Original AI-authored short practice item","Draft; not expert-reviewed or psychometrically validated","","30","Design target; not measured with users","false","37"
"R0459","Philosophy / critical thinking","freedom_under_stated_definitions","freedom_under_stated_definitions","3","Define freedom as acting on one's own considered wishes. We do not know whose wishes guided the action. Assessment?","The definition changes mid-argument","The definition needs information not supplied","Not free under the stipulated definition","A moral verdict does not follow just from freedom","Free under the stipulated definition","B","The definition needs information not supplied","The account requires information about the source of the choice.","Original AI-authored short practice item","Draft; not expert-reviewed or psychometrically validated","","30","Design target; not measured with users","false","49"
"R0363","Philosophy / critical thinking","ethical_principle_application","ethical_principle_application","6","Rule: Do not take others' belongings without consent. Consent is absent. Under this rule, taking them is what?","The stated facts are inconsistent","Required by the stated rule","Forbidden by the stated rule","The rule alone does not settle it","Permitted but not required","C","Forbidden by the stated rule","The stated prohibition applies.","Original AI-authored short practice item","Draft; not expert-reviewed or psychometrically validated","","30","Design target; not measured with users","false","44"
"R0221","LSAT-style","agreement_and_entailment","agreement_and_entailment","5","A: The room is bright. B: It is spacious. Claim: The room is upstairs.","They explicitly disagree about it","Both speakers explicitly accept it","Only one takes a position on it","Both speakers explicitly reject it","Neither takes a position on it","E","Neither takes a position on it","Neither statement specifies location within the building.","Original AI-authored short practice item","Draft; not expert-reviewed or psychometrically validated","","30","Design target; not measured with users","false","42"
"R0169","LSAT-style","evidence_weight","evidence_weight","7","Claim: Nobody attended. Evidence: A verified attendee appears in the room's recording. Effect?","Directly supports the claim","Irrelevant to the claim","Suggests a competing explanation","Directly counts against the claim","Only repeats the claim","D","Directly counts against the claim","One attendee is enough to refute nobody attending.","Original AI-authored short practice item","Draft; not expert-reviewed or psychometrically validated","","30","Design target; not measured with users","false","34"
"R0038","LSAT-style","resolve_discrepancy","resolve_discrepancy","2","A library lent fewer printed books while total borrowing grew. Best explanation?","Digital borrowing increased.","It stopped lending entirely.","It banned digital books.","All borrowing was printed.","Nobody joined.","A","Digital borrowing increased.","Digital loans can offset the fall in print loans.","Original AI-authored short practice item","Draft; not expert-reviewed or psychometrically validated","","30","Design target; not measured with users","false","29"
"R0264","Philosophy / critical thinking","circularity","circularity","6","This plan is best because no other plan is better, with no comparison supplied. What happens?","A counterexample is offered","Independent support is offered","Each claim is supported only by the other","A conclusion is asserted without a reason","The support restates the claim","E","The support restates the claim","The support reformulates being best.","Original AI-authored short practice item","Draft; not expert-reviewed or psychometrically validated","","30","Design target; not measured with users","false","44"
"R0246","Philosophy / critical thinking","relevance_of_objection","relevance_of_objection","10","A claim concerns whether an action was voluntary. Someone notes the actor faced a credible threat. Assess this.","Relevant objection to the reasoning","Relevant concern about source reliability","Agreement rather than an objection","Personal criticism with no stated relevance","Unrelated distraction","A","Relevant objection to the reasoning","A threat is directly relevant to voluntariness.","Original AI-authored short practice item","Draft; not expert-reviewed or psychometrically validated","","30","Design target; not measured with users","false","41"
"R0335","Philosophy / critical thinking","testability","testability","11","This material always floats in this liquid. Testable in principle?","An observation could count against it","It expresses a preference","It states a definition","It is protected against every possible outcome","It asks a moral question","A","An observation could count against it","Sinking under the specified conditions would count against the claim.","Original AI-authored short practice item","Draft; not expert-reviewed or psychometrically validated","","30","Design target; not measured with users","false","36"
"R0100","LSAT-style","method_of_reasoning","method_of_reasoning","1","All damaged helmets must be replaced. This helmet is damaged, so replace it. What method is used?","Offering a counterexample","Comparing similar cases","Eliminating alternatives","Applying a general rule","Explaining an observation","D","Applying a general rule","The particular helmet is placed under a general replacement rule.","Original AI-authored short practice item","Draft; not expert-reviewed or psychometrically validated","","30","Design target; not measured with users","false","32"
"R0475","Philosophy / critical thinking","conceptual_definition_tests","conceptual_definition_tests","8","A definition of art includes every physical object merely because someone can see it. Why may it be too broad for distinguishing art?","The definition is too broad for the proposed use","The example fails a necessary condition","More information is needed","The definition is too narrow for the proposed use","The example fits the stated definition","A","The definition is too broad for the proposed use","It includes objects regardless of any proposed art-relevant feature beyond visibility.","Original AI-authored short practice item","Draft; not expert-reviewed or psychometrically validated","","30","Design target; not measured with users","false","57"
"R0059","LSAT-style","evaluate_argument","evaluate_argument","5","A town expects a footbridge to reduce driving. Best question?","Do current drivers make trips the bridge could replace?","Who named the river?","Is the bridge visible in photos?","Does the town have a flag?","Are cars available in red?","A","Do current drivers make trips the bridge could replace?","The plan needs overlap between current car trips and bridge-accessible trips.","Original AI-authored short practice item","Draft; not expert-reviewed or psychometrically validated","","30","Design target; not measured with users","false","40"
"R0268","Philosophy / critical thinking","circularity","circularity","10","All kindness is selfish, you say; consider a helpful act with no benefit sought or received. What is offered?","The support restates the claim","A counterexample is offered","Independent support is offered","Each claim is supported only by the other","A conclusion is asserted without a reason","B","A counterexample is offered","The described act is proposed as an exception to the universal claim.","Original AI-authored short practice item","Draft; not expert-reviewed or psychometrically validated","","30","Design target; not measured with users","false","47"
"R0235","Philosophy / critical thinking","fallacy_detection","fallacy_detection","10","He says certainty is sometimes impossible, so he thinks nothing can be known. Best assessment?","The person is attacked instead of the argument","A limited claim is exaggerated","Popularity replaces evidence","The conclusion is simply assumed","The reasoning supports the conclusion","B","A limited claim is exaggerated","A restriction on certainty is overstated as total ignorance.","Original AI-authored short practice item","Draft; not expert-reviewed or psychometrically validated","","30","Design target; not measured with users","false","41"
"R0036","LSAT-style","weaken","weaken","9","The bell frightened the cat away. Which weakens this?","The cat has a collar.","Bells can be loud.","The room is small.","The cat ran before the bell sounded.","The bell is brass.","D","The cat ran before the bell sounded.","The proposed cause occurred after the movement.","Original AI-authored short practice item","Draft; not expert-reviewed or psychometrically validated","","30","Design target; not measured with users","false","33"
"R0182","LSAT-style","assumption_repair","assumption_repair","2","A speaker claims a plan saves time merely because it is new. Best repair strategy?","Add evidence for the missing link","Attack the critic personally","Add an unrelated fact","Repeat the conclusion more strongly","Change the subject","A","Add evidence for the missing link","Newness must be connected to time savings by evidence.","Original AI-authored short practice item","Draft; not expert-reviewed or psychometrically validated","","30","Design target; not measured with users","false","37"
"R0300","Philosophy / critical thinking","consistency","consistency","9","Some rules are unfair. Some other rules are fair. Are these consistent?","Only a change over time is described","There is too little information about the wording","The claims can both be true","The claims contradict each other","The speakers use different definitions","C","The claims can both be true","Different rules can have different qualities.","Original AI-authored short practice item","Draft; not expert-reviewed or psychometrically validated","","30","Design target; not measured with users","false","43"
"R0137","LSAT-style","sampling_flaw","sampling_flaw","2","A shop estimates customer happiness solely from refund requests. Main sampling issue?","No sampling flaw is specified","Only dissatisfied people were sampled","One unusual case is overgeneralized","The sample excludes relevant people","Only satisfied people were sampled","B","Only dissatisfied people were sampled","Refund seekers disproportionately represent problems.","Original AI-authored short practice item","Draft; not expert-reviewed or psychometrically validated","","30","Design target; not measured with users","false","37"
"R0032","LSAT-style","weaken","weaken","5","This cleaning spray removed the stain. Which weakens this?","The stain vanished before the spray was applied.","The spray smells fresh.","The cloth was blue.","Stains can be annoying.","The bottle is recyclable.","A","The stain vanished before the spray was applied.","An event cannot explain an effect that preceded it.","Original AI-authored short practice item","Draft; not expert-reviewed or psychometrically validated","","30","Design target; not measured with users","false","33"
"R0119","LSAT-style","quantifier_inference","quantifier_inference","2","All swans here are tagged. No tagged animal is hidden. Which swans here are not hidden?","At least some, but not necessarily all","None of the first group","Cannot tell whether any","The premises are inconsistent","All members of the first group","E","All members of the first group","Every swan falls under both rules.","Original AI-authored short practice item","Draft; not expert-reviewed or psychometrically validated","","30","Design target; not measured with users","false","42"
"R0337","Philosophy / critical thinking","epistemic_humility","epistemic_humility","2","A new test weakens your explanation but does not eliminate it. Best response?","Treat confidence as proof of truth","Accept whichever view is more popular","Revise confidence in light of relevant evidence","Keep the belief regardless of all evidence","Treat uncertainty as proof of falsehood","C","Revise confidence in light of relevant evidence","Reduce confidence proportionately rather than claim certainty either way.","Original AI-authored short practice item","Draft; not expert-reviewed or psychometrically validated","","30","Design target; not measured with users","false","45"
"R0326","Philosophy / critical thinking","testability","testability","2","The charm works when you win; when you lose, it works invisibly. How is the claim framed?","It asks a moral question","It is protected against every possible outcome","It expresses a preference","An observation could count against it","It states a definition","B","It is protected against every possible outcome","Both success and failure are made compatible with its effectiveness.","Original AI-authored short practice item","Draft; not expert-reviewed or psychometrically validated","","30","Design target; not measured with users","false","43"
"R0206","LSAT-style","short_passage_purpose","short_passage_purpose","8","The room was empty but noisy because a radio was left playing. Main purpose?","Report a change without arguing","Qualify an overly broad claim","Explain an apparent puzzle","Defend a recommendation","Distinguish two concepts","C","Explain an apparent puzzle","The radio accounts for noise without occupants.","Original AI-authored short practice item","Draft; not expert-reviewed or psychometrically validated","","30","Design target; not measured with users","false","34"
"R0420","Philosophy / critical thinking","responsibility_and_control","responsibility_and_control","8","A volunteer follows instructions that conceal a harmful consequence. The volunteer could not discover it. Which feature matters?","Relevant knowledge is missing","The facts do not settle control or knowledge","Deliberate informed choice is described","Control is reduced by a threat","Control is absent in the described act","A","Relevant knowledge is missing","The consequence was outside the volunteer's available knowledge.","Original AI-authored short practice item","Draft; not expert-reviewed or psychometrically validated","","30","Design target; not measured with users","false","48"
"R0360","Philosophy / critical thinking","ethical_principle_application","ethical_principle_application","3","Rule: Anyone may volunteer, but nobody must. Under this rule, volunteering is what?","Permitted but not required","The stated facts are inconsistent","Required by the stated rule","The rule alone does not settle it","Forbidden by the stated rule","A","Permitted but not required","The wording explicitly allows volunteering without requiring it.","Original AI-authored short practice item","Draft; not expert-reviewed or psychometrically validated","","30","Design target; not measured with users","false","39"
"R0166","LSAT-style","evidence_weight","evidence_weight","4","Claim: The painting is authentic. Evidence: It is a genuine original. What does the support do?","Directly supports the claim","Directly counts against the claim","Only repeats the claim","Suggests a competing explanation","Irrelevant to the claim","C","Only repeats the claim","It restates authenticity rather than providing independent evidence.","Original AI-authored short practice item","Draft; not expert-reviewed or psychometrically validated","","30","Design target; not measured with users","false","37"
"R0497","Philosophy / critical thinking","responding_to_objections","responding_to_objections","8","You say every tradition is beneficial. A critic describes a harmful tradition. Best response?","Assess the example and qualify or defend the universal claim.","Repeat that traditions exist.","Discuss a different topic.","Say traditions are old.","Attack the critic's age.","A","Assess the example and qualify or defend the universal claim.","The specific exception directly bears on the universal assertion.","Original AI-authored short practice item","Draft; not expert-reviewed or psychometrically validated","","30","Design target; not measured with users","false","40"
"R0115","LSAT-style","conditional_inference","conditional_inference","7","All copper tags are recyclable. This tag is copper. Claim: It is recyclable.","Could be true or false","Must be true","No factual claim is made","Premises contradict each other","Must be false","B","Must be true","The tag falls within the universally recyclable class.","Original AI-authored short practice item","Draft; not expert-reviewed or psychometrically validated","","30","Design target; not measured with users","false","33"
"R0378","Philosophy / critical thinking","intentions_and_outcomes","intentions_and_outcomes","10","A plan meant to improve safety accidentally creates a hazard. What does this illustrate?","Bad outcome does not prove bad intention","Intention and outcome are both unspecified","The same outcome can arise from different intentions","Good intention does not guarantee a good outcome","The same intention can produce different outcomes","D","Good intention does not guarantee a good outcome","Good aims do not guarantee beneficial consequences.","Original AI-authored short practice item","Draft; not expert-reviewed or psychometrically validated","","30","Design target; not measured with users","false","50"
"R0213","LSAT-style","parallel_flaw","parallel_flaw","6","All approved keys are metal. This key is metal, so it is approved. Which general flaw appears?","Treats lack of disproof as proof","Infers truth from popularity","Assumes parts guarantee the whole","Generalizes from one case","Reverses an if-then rule","E","Reverses an if-then rule","Metal is required but is not stated to guarantee approval.","Original AI-authored short practice item","Draft; not expert-reviewed or psychometrically validated","","30","Design target; not measured with users","false","40"
"R0048","LSAT-style","point_of_disagreement","point_of_disagreement","3","Dee: This tool saves time, so buy it. Eli: It saves time, but we should not buy it. Disagreement?","Whether to buy the tool.","Whether it saves time.","Its colour.","Whether tools exist.","Its exact price.","A","Whether to buy the tool.","The recommendation is explicitly contested.","Original AI-authored short practice item","Draft; not expert-reviewed or psychometrically validated","","30","Design target; not measured with users","false","36"
"R0118","LSAT-style","quantifier_inference","quantifier_inference","1","Some bakers are cyclists. How many cyclists can we conclude are bakers?","Cannot tell whether any","The premises are inconsistent","At least some, but not necessarily all","None of the first group","All members of the first group","C","At least some, but not necessarily all","The stated overlap establishes some cyclists who bake, not all.","Original AI-authored short practice item","Draft; not expert-reviewed or psychometrically validated","","30","Design target; not measured with users","false","38"
"R0491","Philosophy / critical thinking","responding_to_objections","responding_to_objections","2","Your argument equates legal permission with moral approval. A critic challenges that link. Best response?","Give reasons connecting legality and morality, or qualify the claim.","Question the critic's clothes.","List unrelated laws.","Repeat the conclusion without support.","Say permission is a long word.","A","Give reasons connecting legality and morality, or qualify the claim.","The disputed connection needs defence rather than repetition.","Original AI-authored short practice item","Draft; not expert-reviewed or psychometrically validated","","30","Design target; not measured with users","false","43"
"R0429","Philosophy / critical thinking","charitable_interpretation","charitable_interpretation","6","A critic restates an opposing argument accurately and addresses its strongest supporting reason. What approach is used?","Agree merely to avoid discussion","Ask what the ambiguous claim means","Replace the view with an extreme version","Attack the speaker instead of the idea","Interpret the strongest reasonable version","E","Interpret the strongest reasonable version","The criticism targets the best reasonable version.","Original AI-authored short practice item","Draft; not expert-reviewed or psychometrically validated","","30","Design target; not measured with users","false","47"
"R0208","LSAT-style","parallel_flaw","parallel_flaw","1","Which flaw matches 'All cats are animals; this is an animal; therefore it is a cat': All oak trees are plants; this is a plant; therefore it is oak.","Reverses an if-then rule","Infers truth from popularity","Treats lack of disproof as proof","Generalizes from one case","Assumes parts guarantee the whole","A","Reverses an if-then rule","Both wrongly infer the sufficient category from the broader necessary category.","Original AI-authored short practice item","Draft; not expert-reviewed or psychometrically validated","","30","Design target; not measured with users","false","52"
"R0480","Philosophy / critical thinking","best_philosophical_followup","best_philosophical_followup","2","Someone says 'It is natural, therefore good.' Best follow-up?","How old is the speaker?","Why should naturalness establish goodness?","Does everyone like forests?","Can you repeat it louder?","Is nature popular?","B","Why should naturalness establish goodness?","The question targets the missing link from a fact to a value.","Original AI-authored short practice item","Draft; not expert-reviewed or psychometrically validated","","30","Design target; not measured with users","false","31"
"R0415","Philosophy / critical thinking","responsibility_and_control","responsibility_and_control","3","A person unknowingly serves a wrongly labelled ingredient. No warning was available. Which feature matters?","Control is absent in the described act","Relevant knowledge is missing","Deliberate informed choice is described","The facts do not settle control or knowledge","Control is reduced by a threat","B","Relevant knowledge is missing","The relevant information was not available to the actor.","Original AI-authored short practice item","Draft; not expert-reviewed or psychometrically validated","","30","Design target; not measured with users","false","45"
"R0479","Philosophy / critical thinking","best_philosophical_followup","best_philosophical_followup","1","Someone says 'That is unfair.' Which question best clarifies their reasoning?","What standard of fairness is being violated?","Who else agrees with you?","Do you dislike the speaker?","Why are you so negative?","Can we avoid the topic?","A","What standard of fairness is being violated?","A criterion makes the evaluation assessable.","Original AI-authored short practice item","Draft; not expert-reviewed or psychometrically validated","","30","Design target; not measured with users","false","38"
"R0380","Philosophy / critical thinking","consent_reasoning","consent_reasoning","1","Define consent as informed, voluntary agreement. Jo understands the proposal and freely agrees. Assessment?","Consent is established under the stated definition","Consent is undermined by coercion","Consent is undermined by missing information","Consent to one thing does not establish consent to another","Silence alone does not establish consent","A","Consent is established under the stated definition","Both required features are supplied.","Original AI-authored short practice item","Draft; not expert-reviewed or psychometrically validated","","30","Design target; not measured with users","false","48"
"R0370","Philosophy / critical thinking","intentions_and_outcomes","intentions_and_outcomes","2","A message causes distress. Nothing is known about why it was sent. What caution follows?","Intention and outcome are both unspecified","The same outcome can arise from different intentions","Good intention does not guarantee a good outcome","The same intention can produce different outcomes","Bad outcome does not prove bad intention","E","Bad outcome does not prove bad intention","The effect alone does not establish a malicious aim.","Original AI-authored short practice item","Draft; not expert-reviewed or psychometrically validated","","30","Design target; not measured with users","false","51"
"R0201","LSAT-style","short_passage_purpose","short_passage_purpose","3","The cafe sold more drinks yet used fewer cups because customers brought reusable ones. Main purpose?","Distinguish two concepts","Defend a recommendation","Explain an apparent puzzle","Report a change without arguing","Qualify an overly broad claim","C","Explain an apparent puzzle","Reuse reconciles the apparently conflicting observations.","Original AI-authored short practice item","Draft; not expert-reviewed or psychometrically validated","","30","Design target; not measured with users","false","36"
"R0403","Philosophy / critical thinking","rights_and_welfare","rights_and_welfare","2","The action would help many, but their benefit cannot override her stated right to refuse. Which priority is used?","A value conflict remains unresolved","An individual right limits the choice","A compromise protects both interests partly","Total benefit is treated as decisive","Only a factual question is raised","B","An individual right limits the choice","A right is treated as a constraint on maximizing benefit.","Original AI-authored short practice item","Draft; not expert-reviewed or psychometrically validated","","30","Design target; not measured with users","false","48"
"R0005","LSAT-style","main_conclusion","main_conclusion","5","Dogs need exercise, and this shelter has no outdoor space. It should arrange daily walks. What is the conclusion?","The shelter lacks outdoor space.","Dogs need exercise.","The shelter should arrange walks.","The shelter should close.","All dogs enjoy walking.","C","The shelter should arrange walks.","The facts are offered to support daily walks.","Original AI-authored short practice item","Draft; not expert-reviewed or psychometrically validated","","30","Design target; not measured with users","false","40"
"R0327","Philosophy / critical thinking","testability","testability","3","I prefer quiet rooms to noisy ones. What kind of statement is this?","It asks a moral question","It is protected against every possible outcome","It expresses a preference","An observation could count against it","It states a definition","C","It expresses a preference","It reports a preference rather than a general causal claim.","Original AI-authored short practice item","Draft; not expert-reviewed or psychometrically validated","","30","Design target; not measured with users","false","39"
"R0192","LSAT-style","plan_vulnerability","plan_vulnerability","3","A shop changes its logo to fix deliveries delayed by broken vehicles. Main weakness?","The plan does not reach the target group","The outcome measure can be misleading","People can bypass the plan","The plan removes a needed resource","The plan addresses the wrong cause","E","The plan addresses the wrong cause","Branding does not repair the delivery bottleneck.","Original AI-authored short practice item","Draft; not expert-reviewed or psychometrically validated","","30","Design target; not measured with users","false","45"
"R0253","Philosophy / critical thinking","false_choices","false_choices","6","Either trust every claim online or never use the internet. Best diagnosis?","The response attacks a person","The conclusion merely repeats its premise","A word changes meaning","The alternatives are genuinely exhaustive as stated","A reasonable third possibility is excluded","E","A reasonable third possibility is excluded","Selective evaluation is a third approach.","Original AI-authored short practice item","Draft; not expert-reviewed or psychometrically validated","","30","Design target; not measured with users","false","40"
"R0398","Philosophy / critical thinking","fairness_under_stated_standards","fairness_under_stated_standards","8","A project awards recognition according to effort contributed. Which standard is reflected?","Greater help for greater need","Equal opportunity to participate","Equal shares","Reward proportional to contribution","The standard is not specified","D","Reward proportional to contribution","The stated basis is contribution.","Original AI-authored short practice item","Draft; not expert-reviewed or psychometrically validated","","30","Design target; not measured with users","false","32"
"R0450","Philosophy / critical thinking","personal_identity_criteria","personal_identity_criteria","5","This is the same person, a speaker says without giving a reason. Which criterion is identified?","Continuity of the body","No identity criterion is specified","Continuity of memory or psychology","Similarity of appearance alone","Social or legal recognition","B","No identity criterion is specified","The assertion does not state how identity is determined.","Original AI-authored short practice item","Draft; not expert-reviewed or psychometrically validated","","30","Design target; not measured with users","false","38"
"R0389","Philosophy / critical thinking","consent_reasoning","consent_reasoning","10","Kim permits borrowing a book, and the borrower assumes permission to give it away. Main issue?","Silence alone does not establish consent","Consent to one thing does not establish consent to another","Consent is established under the stated definition","Consent is undermined by missing information","Consent is undermined by coercion","B","Consent to one thing does not establish consent to another","Permission to borrow does not extend to transferring ownership.","Original AI-authored short practice item","Draft; not expert-reviewed or psychometrically validated","","30","Design target; not measured with users","false","50"
"R0023","LSAT-style","strengthen","strengthen","5","A library says reminders improve returns. Which supports this?","Randomly reminded borrowers returned books more reliably.","The library bought chairs.","The librarian reads daily.","Reminders used blue text.","Borrowers enjoy novels.","A","Randomly reminded borrowers returned books more reliably.","Random assignment reduces differences between the compared borrowers.","Original AI-authored short practice item","Draft; not expert-reviewed or psychometrically validated","","30","Design target; not measured with users","false","31"
"R0396","Philosophy / critical thinking","fairness_under_stated_standards","fairness_under_stated_standards","6","A pantry gives everyone an identical bag. Which standard is directly reflected?","Equal opportunity to participate","Equal shares","The standard is not specified","Greater help for greater need","Reward proportional to contribution","B","Equal shares","The distribution is equal in the specified allotment.","Original AI-authored short practice item","Draft; not expert-reviewed or psychometrically validated","","30","Design target; not measured with users","false","32"
"R0481","Philosophy / critical thinking","best_philosophical_followup","best_philosophical_followup","3","Someone says 'Nobody is ever responsible.' Best follow-up?","Would deliberate informed harm count differently from an accident?","Can responsibility be spelled differently?","Who said it first?","Do you dislike all people?","Are accidents common here?","A","Would deliberate informed harm count differently from an accident?","A contrast case tests the scope and basis of the universal claim.","Original AI-authored short practice item","Draft; not expert-reviewed or psychometrically validated","","30","Design target; not measured with users","false","35"
"R0096","LSAT-style","argument_role","argument_role","6","Some object that online voting excludes people. Paper ballots would remain available, so offer both. Role of the exclusion claim?","Concession","Main conclusion","Background only","Supporting reason","Objection being considered","E","Objection being considered","It is the objection the proposal addresses.","Original AI-authored short practice item","Draft; not expert-reviewed or psychometrically validated","","30","Design target; not measured with users","false","30"
"R0188","LSAT-style","assumption_repair","assumption_repair","8","A writer responds to a weak analogy by showing the cases share the relevant mechanism. Strategy?","Attack the critic personally","Repeat the conclusion more strongly","Change the subject","Add an unrelated fact","Add evidence for the missing link","E","Add evidence for the missing link","Relevant similarities strengthen the inferential connection.","Original AI-authored short practice item","Draft; not expert-reviewed or psychometrically validated","","30","Design target; not measured with users","false","38"
"R0417","Philosophy / critical thinking","responsibility_and_control","responsibility_and_control","5","A vase broke near a visitor. Nothing describes the visitor's action or knowledge. What is established?","Control is reduced by a threat","Deliberate informed choice is described","The facts do not settle control or knowledge","Control is absent in the described act","Relevant knowledge is missing","C","The facts do not settle control or knowledge","Proximity alone does not establish agency or awareness.","Original AI-authored short practice item","Draft; not expert-reviewed or psychometrically validated","","30","Design target; not measured with users","false","46"
"R0267","Philosophy / critical thinking","circularity","circularity","9","Promises matter. The speaker stops there. What happens?","Independent support is offered","A conclusion is asserted without a reason","Each claim is supported only by the other","The support restates the claim","A counterexample is offered","B","A conclusion is asserted without a reason","No supporting reasoning has been presented to assess as circular.","Original AI-authored short practice item","Draft; not expert-reviewed or psychometrically validated","","30","Design target; not measured with users","false","36"
"R0367","Philosophy / critical thinking","ethical_principle_application","ethical_principle_application","10","Rule: Do not punish people for actions they did not perform. Sam did not perform this action. Punishing Sam for it is what?","Required by the stated rule","The rule alone does not settle it","The stated facts are inconsistent","Forbidden by the stated rule","Permitted but not required","D","Forbidden by the stated rule","The action falls under the explicit prohibition.","Original AI-authored short practice item","Draft; not expert-reviewed or psychometrically validated","","30","Design target; not measured with users","false","49"
"R0328","Philosophy / critical thinking","testability","testability","4","For this discussion, a triangle is a three-sided polygon. What kind of statement is this?","It states a definition","An observation could count against it","It asks a moral question","It expresses a preference","It is protected against every possible outcome","A","It states a definition","It sets a meaning for the term.","Original AI-authored short practice item","Draft; not expert-reviewed or psychometrically validated","","30","Design target; not measured with users","false","41"
"R0190","LSAT-style","plan_vulnerability","plan_vulnerability","1","A town announces a service for residents without internet only through an online page. Main weakness?","The plan does not reach the target group","The outcome measure can be misleading","People can bypass the plan","The plan addresses the wrong cause","The plan removes a needed resource","A","The plan does not reach the target group","The intended audience may not see the announcement.","Original AI-authored short practice item","Draft; not expert-reviewed or psychometrically validated","","30","Design target; not measured with users","false","47"
"R0283","Philosophy / critical thinking","philosophical_counterexample","philosophical_counterexample","3","Claim: Every disagreement is about facts. Best counterexample?","People agree on outcomes but rank values differently.","People check a measurement.","People dispute a date.","People compare witness accounts.","People disagree about attendance.","A","People agree on outcomes but rank values differently.","Agreement on facts with disagreement on values challenges the claim.","Original AI-authored short practice item","Draft; not expert-reviewed or psychometrically validated","","30","Design target; not measured with users","false","32"
"R0202","LSAT-style","short_passage_purpose","short_passage_purpose","4","Being permitted to act is different from being required to act. Main purpose?","Qualify an overly broad claim","Report a change without arguing","Explain an apparent puzzle","Defend a recommendation","Distinguish two concepts","E","Distinguish two concepts","The passage separates permission and obligation.","Original AI-authored short practice item","Draft; not expert-reviewed or psychometrically validated","","30","Design target; not measured with users","false","33"
"R0074","LSAT-style","sufficient_assumption","sufficient_assumption","2","Every approved sketch is displayed. This sketch is signed. Which rule guarantees its display?","Every signed sketch is approved.","This sketch is colourful.","Signed sketches are popular.","Some approved sketches are signed.","Every displayed sketch is signed.","A","Every signed sketch is approved.","Signed leads to approved, which leads to displayed.","Original AI-authored short practice item","Draft; not expert-reviewed or psychometrically validated","","30","Design target; not measured with users","false","37"
"R0425","Philosophy / critical thinking","charitable_interpretation","charitable_interpretation","2","She suggests less homework; he replies that abolishing education is foolish. What approach is used?","Replace the view with an extreme version","Ask what the ambiguous claim means","Attack the speaker instead of the idea","Interpret the strongest reasonable version","Agree merely to avoid discussion","A","Replace the view with an extreme version","A modest change is replaced with an extreme proposal.","Original AI-authored short practice item","Draft; not expert-reviewed or psychometrically validated","","30","Design target; not measured with users","false","45"
"R0175","LSAT-style","premise_vs_inference","premise_vs_inference","4","In 'For this policy, a guest means a non-member,' what is being supplied?","Definition","Inference drawn from evidence","Recommendation","Question rather than a claim","Observation offered as evidence","A","Definition","The sentence fixes how a term is used.","Original AI-authored short practice item","Draft; not expert-reviewed or psychometrically validated","","30","Design target; not measured with users","false","28"
"R0270","Philosophy / critical thinking","meaning_and_ambiguity","meaning_and_ambiguity","1","Feathers are light. What is light cannot be dark. Therefore feathers cannot be dark. Main issue?","A factual contradiction is established","A personal preference settles the definition","A key word changes meaning","An ambiguous term needs clarification","The same meaning is used consistently","C","A key word changes meaning","Light shifts from low weight to brightness.","Original AI-authored short practice item","Draft; not expert-reviewed or psychometrically validated","","30","Design target; not measured with users","false","43"
"R0259","Philosophy / critical thinking","circularity","circularity","1","The diary is accurate because its dated entries match independent recordings. What kind of support is offered?","A counterexample is offered","Independent support is offered","Each claim is supported only by the other","A conclusion is asserted without a reason","The support restates the claim","B","Independent support is offered","The recordings provide a separate check.","Original AI-authored short practice item","Draft; not expert-reviewed or psychometrically validated","","30","Design target; not measured with users","false","45"
"R0362","Philosophy / critical thinking","ethical_principle_application","ethical_principle_application","5","Rule: Always disclose conflicts of interest. A conflict exists. Under this rule, disclosure is what?","Permitted but not required","Required by the stated rule","The rule alone does not settle it","The stated facts are inconsistent","Forbidden by the stated rule","B","Required by the stated rule","The case meets the rule's condition for required disclosure.","Original AI-authored short practice item","Draft; not expert-reviewed or psychometrically validated","","30","Design target; not measured with users","false","41"
"R0003","LSAT-style","main_conclusion","main_conclusion","3","This review used an obsolete model, so it cannot establish how the current model performs. What is the conclusion?","The old model failed.","All reviews are unreliable.","The new model is excellent.","The review cannot establish current performance.","An obsolete model was tested.","D","The review cannot establish current performance.","The conclusion limits what the review establishes.","Original AI-authored short practice item","Draft; not expert-reviewed or psychometrically validated","","30","Design target; not measured with users","false","43"
"R0383","Philosophy / critical thinking","consent_reasoning","consent_reasoning","4","Someone does not answer a request. No rule treats silence as agreement. What follows?","Consent is undermined by missing information","Consent to one thing does not establish consent to another","Consent is undermined by coercion","Consent is established under the stated definition","Silence alone does not establish consent","E","Silence alone does not establish consent","A missing response does not by itself show acceptance.","Original AI-authored short practice item","Draft; not expert-reviewed or psychometrically validated","","30","Design target; not measured with users","false","48"
"R0400","Philosophy / critical thinking","fairness_under_stated_standards","fairness_under_stated_standards","10","A critic calls a rule unjust without explaining why. Which fairness standard can we identify from that alone?","The standard is not specified","Reward proportional to contribution","Equal opportunity to participate","Greater help for greater need","Equal shares","A","The standard is not specified","The evaluation alone does not identify a criterion.","Original AI-authored short practice item","Draft; not expert-reviewed or psychometrically validated","","30","Design target; not measured with users","false","38"
"R0401","Philosophy / critical thinking","fairness_under_stated_standards","fairness_under_stated_standards","11","A shelter assigns warmer clothing first to those most exposed to cold. Which standard is reflected?","Reward proportional to contribution","Equal opportunity to participate","Equal shares","The standard is not specified","Greater help for greater need","E","Greater help for greater need","Aid is ordered by the stated difference in need.","Original AI-authored short practice item","Draft; not expert-reviewed or psychometrically validated","","30","Design target; not measured with users","false","36"
"R0500","Philosophy / critical thinking","responding_to_objections","responding_to_objections","11","You say a person changed beliefs and is therefore inconsistent. A critic notes the beliefs occurred years apart. Best response?","Avoid the timing issue.","Repeat the two dates.","Insist change is impossible.","Distinguish changing a view from holding contradictions together.","Question the critic's appearance.","D","Distinguish changing a view from holding contradictions together.","Temporal revision does not itself establish simultaneous inconsistency.","Original AI-authored short practice item","Draft; not expert-reviewed or psychometrically validated","","30","Design target; not measured with users","false","44"
"R0008","LSAT-style","main_conclusion","main_conclusion","8","The lake sample came from beside a drain. It may not represent the whole lake. What is the main claim?","Sampling is impossible.","The lake is clean.","The sample came from a drain area.","The entire lake is polluted.","The sample may be unrepresentative.","E","The sample may be unrepresentative.","The location supports caution about representativeness.","Original AI-authored short practice item","Draft; not expert-reviewed or psychometrically validated","","30","Design target; not measured with users","false","44"
"R0377","Philosophy / critical thinking","intentions_and_outcomes","intentions_and_outcomes","9","Two people intend to mislead, but only one listener is deceived. What does this show?","Bad outcome does not prove bad intention","Good intention does not guarantee a good outcome","The same outcome can arise from different intentions","The same intention can produce different outcomes","Intention and outcome are both unspecified","D","The same intention can produce different outcomes","A shared deceptive intention need not achieve the same effect.","Original AI-authored short practice item","Draft; not expert-reviewed or psychometrically validated","","30","Design target; not measured with users","false","51"
"R0341","Philosophy / critical thinking","epistemic_humility","epistemic_humility","6","No imaginable discovery would make me reconsider this factual claim. What stance is this?","Accept whichever view is more popular","Keep the belief regardless of all evidence","Treat confidence as proof of truth","Revise confidence in light of relevant evidence","Treat uncertainty as proof of falsehood","B","Keep the belief regardless of all evidence","The belief is insulated from evidence.","Original AI-authored short practice item","Draft; not expert-reviewed or psychometrically validated","","30","Design target; not measured with users","false","46"
"R0007","LSAT-style","main_conclusion","main_conclusion","7","No repair can restore this cracked frame's strength. Replace the frame rather than repair it. What is the recommendation?","Repairs can be attempted.","Repair the frame.","Replace the frame.","The frame is cracked.","Strength matters.","C","Replace the frame.","The recommendation follows the stated limit on repair.","Original AI-authored short practice item","Draft; not expert-reviewed or psychometrically validated","","30","Design target; not measured with users","false","35"
"R0344","Philosophy / critical thinking","epistemic_humility","epistemic_humility","9","The claim is widely mocked, so I reject it without checking. What move is this?","Keep the belief regardless of all evidence","Treat confidence as proof of truth","Treat uncertainty as proof of falsehood","Revise confidence in light of relevant evidence","Accept whichever view is more popular","E","Accept whichever view is more popular","Social acceptance is treated as the deciding test.","Original AI-authored short practice item","Draft; not expert-reviewed or psychometrically validated","","30","Design target; not measured with users","false","47"
"R0489","Philosophy / critical thinking","best_philosophical_followup","best_philosophical_followup","11","Someone says 'We should treat everyone equally.' Best follow-up?","Is equality a popular word?","Can we end the debate?","Who speaks next?","Does everyone wear the same clothes?","Equal in rights, resources, opportunity, or something else?","E","Equal in rights, resources, opportunity, or something else?","The question clarifies the dimension of equality before evaluating it.","Original AI-authored short practice item","Draft; not expert-reviewed or psychometrically validated","","30","Design target; not measured with users","false","36"
"R0407","Philosophy / critical thinking","rights_and_welfare","rights_and_welfare","6","Under this rule, always choose the greatest overall wellbeing. Which consideration decides?","A compromise protects both interests partly","A value conflict remains unresolved","Total benefit is treated as decisive","Only a factual question is raised","An individual right limits the choice","C","Total benefit is treated as decisive","The stipulated decision rule prioritizes total wellbeing.","Original AI-authored short practice item","Draft; not expert-reviewed or psychometrically validated","","30","Design target; not measured with users","false","41"
"R0319","Philosophy / critical thinking","burden_of_support","burden_of_support","6","Nobody in this room is wearing glasses. A person in the room visibly wears them. What has happened?","The evidence directly refutes the universal claim","The claimant still needs supporting reasons","The critic has disproved the claim","The claim has been independently supported","Both sides are proved correct","A","The evidence directly refutes the universal claim","The particular wearer contradicts the universal negative.","Original AI-authored short practice item","Draft; not expert-reviewed or psychometrically validated","","30","Design target; not measured with users","false","48"
"R0305","Philosophy / critical thinking","belief_and_justification","belief_and_justification","3","The premise says the box contains a stone. I conclude it contains nothing. Assessment?","The evidence justifies certainty","The conclusion conflicts with the evidence","Belief can be true without being well justified","The evidence supports a tentative belief","No belief is being expressed","B","The conclusion conflicts with the evidence","A stone is inconsistent with emptiness.","Original AI-authored short practice item","Draft; not expert-reviewed or psychometrically validated","","30","Design target; not measured with users","false","43"
"R0413","Philosophy / critical thinking","responsibility_and_control","responsibility_and_control","1","An involuntary reflex knocks over a cup. Which feature matters for assessing responsibility?","Control is absent in the described act","Deliberate informed choice is described","Control is reduced by a threat","Relevant knowledge is missing","The facts do not settle control or knowledge","A","Control is absent in the described act","The movement is described as involuntary.","Original AI-authored short practice item","Draft; not expert-reviewed or psychometrically validated","","30","Design target; not measured with users","false","43"
"R0456","Philosophy / critical thinking","personal_identity_criteria","personal_identity_criteria","11","Assume a theory defines personal continuity through overlapping memories. Which criterion does it adopt?","Continuity of the body","Social or legal recognition","Continuity of memory or psychology","Similarity of appearance alone","No identity criterion is specified","C","Continuity of memory or psychology","Memory connections are the stipulated basis.","Original AI-authored short practice item","Draft; not expert-reviewed or psychometrically validated","","30","Design target; not measured with users","false","36"
"R0445","Philosophy / critical thinking","thought_experiment_use","thought_experiment_use","11","Imagine punishment for an act the person could not avoid. Ask whether control matters. Purpose?","Prove a real event occurred","Replace all need for reasons","Report a personal preference only","Test a principle with a hypothetical case","Establish how often something happens","D","Test a principle with a hypothetical case","The case tests responsibility under a changed condition.","Original AI-authored short practice item","Draft; not expert-reviewed or psychometrically validated","","30","Design target; not measured with users","false","42"
"R0297","Philosophy / critical thinking","consistency","consistency","6","Everyone may speak, but nobody must speak. Are these consistent?","The claims can both be true","There is too little information about the wording","The speakers use different definitions","The claims contradict each other","Only a change over time is described","A","The claims can both be true","Permission does not create an obligation.","Original AI-authored short practice item","Draft; not expert-reviewed or psychometrically validated","","30","Design target; not measured with users","false","41"
"R0165","LSAT-style","evidence_weight","evidence_weight","3","Claim: The bus is late. Evidence: Its seats are blue. How does this bear on the claim?","Suggests a competing explanation","Directly counts against the claim","Irrelevant to the claim","Only repeats the claim","Directly supports the claim","C","Irrelevant to the claim","Seat colour does not establish arrival time.","Original AI-authored short practice item","Draft; not expert-reviewed or psychometrically validated","","30","Design target; not measured with users","false","38"
"R0331","Philosophy / critical thinking","testability","testability","7","Any evidence against my theory was secretly created to confirm it. How is the claim framed?","An observation could count against it","It asks a moral question","It expresses a preference","It states a definition","It is protected against every possible outcome","E","It is protected against every possible outcome","Potential refutations are reinterpreted as support by stipulation.","Original AI-authored short practice item","Draft; not expert-reviewed or psychometrically validated","","30","Design target; not measured with users","false","42"
"R0282","Philosophy / critical thinking","philosophical_counterexample","philosophical_counterexample","2","Claim: Knowledge requires perfect eyesight. Best counterexample?","A person likes colours.","A sighted person guesses wrong.","Someone closes a book.","A blind person knows her own name.","A lens improves vision.","D","A blind person knows her own name.","The case supplies knowledge without the proposed visual requirement.","Original AI-authored short practice item","Draft; not expert-reviewed or psychometrically validated","","30","Design target; not measured with users","false","31"
"R0173","LSAT-style","premise_vs_inference","premise_vs_inference","2","In 'The shelf is empty, so the item may be sold out,' what is 'the item may be sold out'?","Recommendation","Inference drawn from evidence","Question rather than a claim","Observation offered as evidence","Definition","B","Inference drawn from evidence","It is inferred from the empty shelf.","Original AI-authored short practice item","Draft; not expert-reviewed or psychometrically validated","","30","Design target; not measured with users","false","35"
"R0072","LSAT-style","counterexample","counterexample","9","Claim: No accurate prediction is a guess. Counterexample?","A reasoned correct forecast.","A vague prediction.","A guess that turns out correct.","An incorrect guess.","A forecast never checked.","C","A guess that turns out correct.","It is both a guess and accurate.","Original AI-authored short practice item","Draft; not expert-reviewed or psychometrically validated","","30","Design target; not measured with users","false","28"
"R0203","LSAT-style","short_passage_purpose","short_passage_purpose","5","The museum moved from the east wing to the west wing yesterday. Main purpose?","Qualify an overly broad claim","Report a change without arguing","Distinguish two concepts","Defend a recommendation","Explain an apparent puzzle","B","Report a change without arguing","It reports a relocation without providing an argument.","Original AI-authored short practice item","Draft; not expert-reviewed or psychometrically validated","","30","Design target; not measured with users","false","34"
"R0468","Philosophy / critical thinking","conceptual_definition_tests","conceptual_definition_tests","1","Define a promise as a communicated commitment. Ana communicates a commitment to return tomorrow. Does it fit?","The definition is too narrow for the proposed use","More information is needed","The definition is too broad for the proposed use","The example fails a necessary condition","The example fits the stated definition","E","The example fits the stated definition","Both communication and commitment are stated.","Original AI-authored short practice item","Draft; not expert-reviewed or psychometrically validated","","30","Design target; not measured with users","false","51"
"R0144","LSAT-style","sampling_flaw","sampling_flaw","9","A product poll invites only users who posted a complaint. Main issue?","No sampling flaw is specified","Only satisfied people were sampled","The sample excludes relevant people","One unusual case is overgeneralized","Only dissatisfied people were sampled","E","Only dissatisfied people were sampled","The sample is selected for dissatisfaction.","Original AI-authored short practice item","Draft; not expert-reviewed or psychometrically validated","","30","Design target; not measured with users","false","37"
"R0239","Philosophy / critical thinking","relevance_of_objection","relevance_of_objection","3","A claim says all games are competitive. Someone offers a cooperative game. Assess the response.","Relevant objection to the reasoning","Unrelated distraction","Agreement rather than an objection","Personal criticism with no stated relevance","Relevant concern about source reliability","A","Relevant objection to the reasoning","A noncompetitive game challenges the universal claim.","Original AI-authored short practice item","Draft; not expert-reviewed or psychometrically validated","","30","Design target; not measured with users","false","38"
"R0457","Philosophy / critical thinking","freedom_under_stated_definitions","freedom_under_stated_definitions","1","Define a free choice as an informed decision without coercion. A person understands and chooses without pressure. Assessment?","Free under the stipulated definition","A moral verdict does not follow just from freedom","The definition needs information not supplied","Not free under the stipulated definition","The definition changes mid-argument","A","Free under the stipulated definition","The stated conditions are met.","Original AI-authored short practice item","Draft; not expert-reviewed or psychometrically validated","","30","Design target; not measured with users","false","48"
"R0117","LSAT-style","conditional_inference","conditional_inference","9","Only ticket holders enter. Mo entered. Claim: Mo held a ticket.","Must be false","Could be true or false","No factual claim is made","Must be true","Premises contradict each other","D","Must be true","The word 'only' makes a ticket necessary for entry.","Original AI-authored short practice item","Draft; not expert-reviewed or psychometrically validated","","30","Design target; not measured with users","false","31"
"R0034","LSAT-style","weaken","weaken","7","The new app made users happier. Which weakens this?","The survey was online.","The developer is friendly.","Users own phones.","The app has settings.","Only satisfied users answered the survey.","E","Only satisfied users answered the survey.","Selective responses do not establish the result for all users.","Original AI-authored short practice item","Draft; not expert-reviewed or psychometrically validated","","30","Design target; not measured with users","false","30"
"R0438","Philosophy / critical thinking","thought_experiment_use","thought_experiment_use","4","Imagine a true belief reached entirely by luck. Ask whether truth alone is knowledge. Purpose?","Prove a real event occurred","Test a principle with a hypothetical case","Report a personal preference only","Establish how often something happens","Replace all need for reasons","B","Test a principle with a hypothetical case","The example tests a conceptual requirement without reporting an actual event.","Original AI-authored short practice item","Draft; not expert-reviewed or psychometrically validated","","30","Design target; not measured with users","false","42"
"R0013","LSAT-style","necessary_assumption","necessary_assumption","4","Adding subtitles will help viewers who cannot hear the dialogue understand it. Necessary assumption?","Those viewers can read the subtitles.","The dialogue is unimportant.","Subtitles improve acting.","All viewers know sign language.","The film is silent.","A","Those viewers can read the subtitles.","The proposed access route requires readable subtitles.","Original AI-authored short practice item","Draft; not expert-reviewed or psychometrically validated","","30","Design target; not measured with users","false","36"
"R0431","Philosophy / critical thinking","charitable_interpretation","charitable_interpretation","8","By 'natural,' do you mean unmodified or morally good? What approach is used?","Replace the view with an extreme version","Interpret the strongest reasonable version","Agree merely to avoid discussion","Ask what the ambiguous claim means","Attack the speaker instead of the idea","D","Ask what the ambiguous claim means","The question separates possible meanings of a key term.","Original AI-authored short practice item","Draft; not expert-reviewed or psychometrically validated","","30","Design target; not measured with users","false","43"
"R0368","Philosophy / critical thinking","ethical_principle_application","ethical_principle_application","11","Rule: Participants may leave the discussion at any time. Leaving now, absent other rules, is what?","Required by the stated rule","Permitted but not required","The stated facts are inconsistent","The rule alone does not settle it","Forbidden by the stated rule","B","Permitted but not required","The rule gives permission without demanding departure.","Original AI-authored short practice item","Draft; not expert-reviewed or psychometrically validated","","30","Design target; not measured with users","false","42"
"R0338","Philosophy / critical thinking","epistemic_humility","epistemic_humility","3","I feel completely sure, so I cannot be wrong. What move is this?","Accept whichever view is more popular","Treat uncertainty as proof of falsehood","Keep the belief regardless of all evidence","Revise confidence in light of relevant evidence","Treat confidence as proof of truth","E","Treat confidence as proof of truth","The feeling of certainty is mistaken for a guarantee.","Original AI-authored short practice item","Draft; not expert-reviewed or psychometrically validated","","30","Design target; not measured with users","false","45"
"R0196","LSAT-style","plan_vulnerability","plan_vulnerability","7","A manager removes all backups to improve recovery from lost files. Main weakness?","The plan addresses the wrong cause","People can bypass the plan","The plan removes a needed resource","The outcome measure can be misleading","The plan does not reach the target group","C","The plan removes a needed resource","Backups are a resource for recovery.","Original AI-authored short practice item","Draft; not expert-reviewed or psychometrically validated","","30","Design target; not measured with users","false","44"
"R0395","Philosophy / critical thinking","fairness_under_stated_standards","fairness_under_stated_standards","5","Someone says 'This outcome is fair' but gives no criterion. Which standard is established?","Equal shares","Equal opportunity to participate","The standard is not specified","Reward proportional to contribution","Greater help for greater need","C","The standard is not specified","Fairness is asserted without specifying its basis.","Original AI-authored short practice item","Draft; not expert-reviewed or psychometrically validated","","30","Design target; not measured with users","false","34"
"R0191","LSAT-style","plan_vulnerability","plan_vulnerability","2","A team cancels all training time to improve skills faster. Main weakness?","People can bypass the plan","The plan removes a needed resource","The plan does not reach the target group","The plan addresses the wrong cause","The outcome measure can be misleading","B","The plan removes a needed resource","It removes the resource meant to develop the desired skills.","Original AI-authored short practice item","Draft; not expert-reviewed or psychometrically validated","","30","Design target; not measured with users","false","43"
"R0004","LSAT-style","main_conclusion","main_conclusion","4","The archive is irreplaceable. Digitizing it would preserve its contents. We should digitize it. What is the conclusion?","Paper is fragile.","Digitization preserves contents.","Digital files never fail.","We should digitize the archive.","The archive is irreplaceable.","D","We should digitize the archive.","The final recommendation is the point being supported.","Original AI-authored short practice item","Draft; not expert-reviewed or psychometrically validated","","30","Design target; not measured with users","false","37"
"R0487","Philosophy / critical thinking","best_philosophical_followup","best_philosophical_followup","9","Someone says 'Art is whatever I enjoy.' Best follow-up?","Who arranged the room?","Could something you dislike still be art?","Do you visit galleries often?","What is your favourite colour?","Can you buy this painting?","B","Could something you dislike still be art?","The countercase probes whether personal liking defines the category.","Original AI-authored short practice item","Draft; not expert-reviewed or psychometrically validated","","30","Design target; not measured with users","false","35"
"R0332","Philosophy / critical thinking","testability","testability","8","I find this song more moving than that one. What kind of statement is this?","It asks a moral question","It states a definition","An observation could count against it","It expresses a preference","It is protected against every possible outcome","D","It expresses a preference","The speaker reports an aesthetic preference.","Original AI-authored short practice item","Draft; not expert-reviewed or psychometrically validated","","30","Design target; not measured with users","false","41"
"R0494","Philosophy / critical thinking","responding_to_objections","responding_to_objections","5","You propose equal portions. A critic points to unequal urgent needs. Best response?","Mention the table's shape.","Say equality is popular.","Insult needy people.","Explain why equal portions should override need, or revise the rule.","Deny needs matter without argument.","D","Explain why equal portions should override need, or revise the rule.","The reply should engage the competing fairness criterion.","Original AI-authored short practice item","Draft; not expert-reviewed or psychometrically validated","","30","Design target; not measured with users","false","40"
"R0046","LSAT-style","point_of_disagreement","point_of_disagreement","1","Ira: Keep the mural because it is historic. Bo: It is historic, but we should remove it. They disagree about what?","Who painted it.","Whether murals exist.","Whether it is historic.","Whether to keep the mural.","How old it is.","D","Whether to keep the mural.","They accept its history but oppose each other's recommendation.","Original AI-authored short practice item","Draft; not expert-reviewed or psychometrically validated","","30","Design target; not measured with users","false","40"
"R0014","LSAT-style","necessary_assumption","necessary_assumption","5","This reusable bottle will reduce my disposable-bottle use. Necessary assumption?","It is the cheapest bottle.","Everyone will buy one.","It is made locally.","It never needs washing.","I will use it instead of some disposables.","E","I will use it instead of some disposables.","Replacement, rather than mere ownership, produces the reduction.","Original AI-authored short practice item","Draft; not expert-reviewed or psychometrically validated","","30","Design target; not measured with users","false","35"
"R0447","Philosophy / critical thinking","personal_identity_criteria","personal_identity_criteria","2","A view says connected memories and intentions establish personal continuity. Which criterion is used?","Social or legal recognition","Continuity of memory or psychology","Similarity of appearance alone","No identity criterion is specified","Continuity of the body","B","Continuity of memory or psychology","The account centres psychological connections.","Original AI-authored short practice item","Draft; not expert-reviewed or psychometrically validated","","30","Design target; not measured with users","false","36"
"R0443","Philosophy / critical thinking","thought_experiment_use","thought_experiment_use","9","Imagine a beneficial action that violates a stated right. Ask which principle controls. Purpose?","Report a personal preference only","Test a principle with a hypothetical case","Replace all need for reasons","Prove a real event occurred","Establish how often something happens","B","Test a principle with a hypothetical case","The scenario exposes a possible conflict between ethical standards.","Original AI-authored short practice item","Draft; not expert-reviewed or psychometrically validated","","30","Design target; not measured with users","false","41"
"R0449","Philosophy / critical thinking","personal_identity_criteria","personal_identity_criteria","4","Two strangers look identical, so a speaker says they must be the same person. What is used as the criterion?","Continuity of the body","Continuity of memory or psychology","Social or legal recognition","No identity criterion is specified","Similarity of appearance alone","E","Similarity of appearance alone","Appearance alone is being treated as decisive, though it need not establish identity.","Original AI-authored short practice item","Draft; not expert-reviewed or psychometrically validated","","30","Design target; not measured with users","false","42"
"R0098","LSAT-style","argument_role","argument_role","8","The water is contaminated. Therefore do not drink it. Role of the contamination statement?","Concession","Objection being considered","Main conclusion","Background only","Supporting reason","E","Supporting reason","It supports the advice to avoid drinking.","Original AI-authored short practice item","Draft; not expert-reviewed or psychometrically validated","","30","Design target; not measured with users","false","24"
"R0180","LSAT-style","premise_vs_inference","premise_vs_inference","9","In 'The queue blocks the exit; move it elsewhere,' what is 'move it elsewhere'?","Observation offered as evidence","Definition","Question rather than a claim","Recommendation","Inference drawn from evidence","D","Recommendation","It recommends a response to the obstruction.","Original AI-authored short practice item","Draft; not expert-reviewed or psychometrically validated","","30","Design target; not measured with users","false","29"
"R0269","Philosophy / critical thinking","circularity","circularity","11","This painting is beautiful because it possesses beauty. What kind of support is offered?","The support restates the claim","A conclusion is asserted without a reason","A counterexample is offered","Each claim is supported only by the other","Independent support is offered","A","The support restates the claim","The reason repeats the aesthetic judgment.","Original AI-authored short practice item","Draft; not expert-reviewed or psychometrically validated","","30","Design target; not measured with users","false","42"
"R0016","LSAT-style","necessary_assumption","necessary_assumption","7","The translation will make the notice understandable to Luis. Necessary assumption?","Luis wrote the notice.","The translation is longer.","Luis understands the translation's language.","The notice has pictures.","Everyone speaks that language.","C","Luis understands the translation's language.","Changing language helps only if Luis understands the new language.","Original AI-authored short practice item","Draft; not expert-reviewed or psychometrically validated","","30","Design target; not measured with users","false","32"
"R0153","LSAT-style","scope_shift","scope_shift","9","The camera lens is durable, so the entire camera is durable in every respect. What shift occurs?","One part becomes the whole","Local becomes universal","Past becomes permanent","Possible becomes certain","Some becomes all","A","One part becomes the whole","A component's property is extended to the whole device.","Original AI-authored short practice item","Draft; not expert-reviewed or psychometrically validated","","30","Design target; not measured with users","false","34"
"R0043","LSAT-style","resolve_discrepancy","resolve_discrepancy","7","A book gets many negative reviews yet remains a bestseller. Best explanation?","Controversy attracts curious buyers.","Only positive reviews allow purchases.","Every review prevents a sale.","It is unavailable everywhere.","Nobody has heard of it.","A","Controversy attracts curious buyers.","Attention can produce sales without approval.","Original AI-authored short practice item","Draft; not expert-reviewed or psychometrically validated","","30","Design target; not measured with users","false","35"
"R0163","LSAT-style","evidence_weight","evidence_weight","1","Claim: The tap leaks. Evidence: Drops fall from it while it is turned off. How does this bear on the claim?","Suggests a competing explanation","Irrelevant to the claim","Only repeats the claim","Directly counts against the claim","Directly supports the claim","E","Directly supports the claim","Observed unintended dripping supports leakage.","Original AI-authored short practice item","Draft; not expert-reviewed or psychometrically validated","","30","Design target; not measured with users","false","42"
"R0226","Philosophy / critical thinking","fallacy_detection","fallacy_detection","1","All forged tickets are invalid. This ticket is forged, so it is invalid. Best assessment?","Popularity replaces evidence","The person is attacked instead of the argument","The reasoning supports the conclusion","A limited claim is exaggerated","The conclusion is simply assumed","C","The reasoning supports the conclusion","The conclusion follows from the rule and the stated case.","Original AI-authored short practice item","Draft; not expert-reviewed or psychometrically validated","","30","Design target; not measured with users","false","41"
"R0078","LSAT-style","sufficient_assumption","sufficient_assumption","6","Every verified report is archived. This report is anonymous. Which rule guarantees archiving?","This report is printed.","Some verified reports are anonymous.","Every archived report is anonymous.","Every anonymous report is verified.","Anonymous reports are short.","D","Every anonymous report is verified.","It provides the missing link from anonymous to verified.","Original AI-authored short practice item","Draft; not expert-reviewed or psychometrically validated","","30","Design target; not measured with users","false","36"
"R0404","Philosophy / critical thinking","rights_and_welfare","rights_and_welfare","3","Reduce noise hours while retaining some rehearsal time. The aim is to partly protect neighbours and musicians. What approach is used?","Total benefit is treated as decisive","Only a factual question is raised","A compromise protects both interests partly","An individual right limits the choice","A value conflict remains unresolved","C","A compromise protects both interests partly","The arrangement gives partial protection to each interest.","Original AI-authored short practice item","Draft; not expert-reviewed or psychometrically validated","","30","Design target; not measured with users","false","50"
"R0275","Philosophy / critical thinking","meaning_and_ambiguity","meaning_and_ambiguity","6","For this discussion, 'harm' means physical injury. A bruise is physical injury, so it counts as harm. Assessment?","A key word changes meaning","A personal preference settles the definition","The same meaning is used consistently","A factual contradiction is established","An ambiguous term needs clarification","C","The same meaning is used consistently","The conclusion follows the stipulated meaning without changing it.","Original AI-authored short practice item","Draft; not expert-reviewed or psychometrically validated","","30","Design target; not measured with users","false","45"
"R0160","LSAT-style","argument_flaw_plain_language","argument_flaw_plain_language","7","The source is trustworthy because it never lies; we know it never lies because it is trustworthy. What goes wrong?","Attacking the person instead of the reason","Changing the meaning of a key word","Misrepresenting the opposing view","Presenting too few alternatives","Assuming the conclusion in the support","E","Assuming the conclusion in the support","Each statement relies on the other without independent support.","Original AI-authored short practice item","Draft; not expert-reviewed or psychometrically validated","","30","Design target; not measured with users","false","48"
"R0442","Philosophy / critical thinking","thought_experiment_use","thought_experiment_use","8","Picture an identical copy with different memories. Ask what makes it the same person. Purpose?","Report a personal preference only","Establish how often something happens","Prove a real event occurred","Replace all need for reasons","Test a principle with a hypothetical case","E","Test a principle with a hypothetical case","The hypothetical probes a criterion of identity.","Original AI-authored short practice item","Draft; not expert-reviewed or psychometrically validated","","30","Design target; not measured with users","false","42"
"R0437","Philosophy / critical thinking","thought_experiment_use","thought_experiment_use","3","Picture equal rewards for very unequal contributions. Ask what equality means in that case. Purpose?","Report a personal preference only","Prove a real event occurred","Replace all need for reasons","Establish how often something happens","Test a principle with a hypothetical case","E","Test a principle with a hypothetical case","The case examines a proposed fairness criterion.","Original AI-authored short practice item","Draft; not expert-reviewed or psychometrically validated","","30","Design target; not measured with users","false","42"
"R0434","Philosophy / critical thinking","charitable_interpretation","charitable_interpretation","11","A disagreement is unclear. One person asks the other to confirm a careful paraphrase before responding. What approach is used?","Interpret the strongest reasonable version","Attack the speaker instead of the idea","Agree merely to avoid discussion","Ask what the ambiguous claim means","Replace the view with an extreme version","A","Interpret the strongest reasonable version","Accurate restatement helps engage the actual reasonable position.","Original AI-authored short practice item","Draft; not expert-reviewed or psychometrically validated","","30","Design target; not measured with users","false","50"
"R0093","LSAT-style","argument_role","argument_role","3","Critics say gardens waste space. Yet this garden supplies fresh food, so keep it. Role of the critics' claim?","Background only","Supporting reason","Objection being considered","Concession","Main conclusion","C","Objection being considered","The writer introduces a position to answer.","Original AI-authored short practice item","Draft; not expert-reviewed or psychometrically validated","","30","Design target; not measured with users","false","29"
"R0006","LSAT-style","main_conclusion","main_conclusion","6","The witness stood behind a wall and could not see the doorway. Her claim about who entered is unsupported by sight. Conclusion?","She deliberately lied.","Nobody entered.","She stood behind a wall.","Her claim lacks visual support.","There was a doorway.","D","Her claim lacks visual support.","The argument concerns visual support, not honesty.","Original AI-authored short practice item","Draft; not expert-reviewed or psychometrically validated","","30","Design target; not measured with users","false","41"
"R0220","LSAT-style","agreement_and_entailment","agreement_and_entailment","4","A: The bridge is old. B: It carries buses. Claim: The bridge is old.","Neither takes a position on it","Both speakers explicitly reject it","Both speakers explicitly accept it","Only one takes a position on it","They explicitly disagree about it","D","Only one takes a position on it","Only A addresses its age.","Original AI-authored short practice item","Draft; not expert-reviewed or psychometrically validated","","30","Design target; not measured with users","false","42"
"R0230","Philosophy / critical thinking","fallacy_detection","fallacy_detection","5","She wants limits on advertising, so she wants businesses to say nothing. Best assessment?","The reasoning supports the conclusion","The person is attacked instead of the argument","The conclusion is simply assumed","Popularity replaces evidence","A limited claim is exaggerated","E","A limited claim is exaggerated","Limits are distorted into a complete ban on speech.","Original AI-authored short practice item","Draft; not expert-reviewed or psychometrically validated","","30","Design target; not measured with users","false","40"
"R0227","Philosophy / critical thinking","fallacy_detection","fallacy_detection","2","His view on honesty is false because his haircut is terrible. Best assessment?","The reasoning supports the conclusion","A limited claim is exaggerated","Popularity replaces evidence","The person is attacked instead of the argument","The conclusion is simply assumed","D","The person is attacked instead of the argument","A haircut does not address a view about honesty.","Original AI-authored short practice item","Draft; not expert-reviewed or psychometrically validated","","30","Design target; not measured with users","false","39"
"R0209","LSAT-style","parallel_flaw","parallel_flaw","2","Like judging every restaurant from one meal, a speaker judges every train from one delayed journey. Shared flaw?","Assumes parts guarantee the whole","Treats lack of disproof as proof","Infers truth from popularity","Reverses an if-then rule","Generalizes from one case","E","Generalizes from one case","Each extends a single experience to an entire class.","Original AI-authored short practice item","Draft; not expert-reviewed or psychometrically validated","","30","Design target; not measured with users","false","41"
"R0340","Philosophy / critical thinking","epistemic_humility","epistemic_humility","5","I will believe whichever answer wins the poll, regardless of evidence. What move is this?","Accept whichever view is more popular","Keep the belief regardless of all evidence","Treat confidence as proof of truth","Revise confidence in light of relevant evidence","Treat uncertainty as proof of falsehood","A","Accept whichever view is more popular","The method substitutes popularity for evidential quality.","Original AI-authored short practice item","Draft; not expert-reviewed or psychometrically validated","","30","Design target; not measured with users","false","47"
"R0433","Philosophy / critical thinking","charitable_interpretation","charitable_interpretation","10","Her argument about justice is wrong because I dislike her voice. What approach is used?","Interpret the strongest reasonable version","Agree merely to avoid discussion","Ask what the ambiguous claim means","Attack the speaker instead of the idea","Replace the view with an extreme version","D","Attack the speaker instead of the idea","Voice quality is not an answer to the justice argument.","Original AI-authored short practice item","Draft; not expert-reviewed or psychometrically validated","","30","Design target; not measured with users","false","45"
"R0464","Philosophy / critical thinking","freedom_under_stated_definitions","freedom_under_stated_definitions","8","Define freedom through available alternatives. The scenario does not say whether alternatives existed. Assessment?","Free under the stipulated definition","The definition needs information not supplied","A moral verdict does not follow just from freedom","Not free under the stipulated definition","The definition changes mid-argument","B","The definition needs information not supplied","A required part of the definition is unknown.","Original AI-authored short practice item","Draft; not expert-reviewed or psychometrically validated","","30","Design target; not measured with users","false","44"
"R0291","Philosophy / critical thinking","philosophical_counterexample","philosophical_counterexample","11","Claim: Every voluntary action is morally good. Best counterexample?","Someone acts under threat.","Someone moves involuntarily.","Someone is asleep.","Someone freely helps.","Someone freely chooses to deceive a friend.","E","Someone freely chooses to deceive a friend.","Voluntariness does not establish moral goodness.","Original AI-authored short practice item","Draft; not expert-reviewed or psychometrically validated","","30","Design target; not measured with users","false","29"
"R0028","LSAT-style","weaken","weaken","1","Umbrella users arrive wetter, so umbrellas make people wet. Which weakens this?","Umbrellas come in colours.","Shops sell umbrellas.","Wet clothing dries.","Some umbrellas fold.","People use umbrellas during heavier rain.","E","People use umbrellas during heavier rain.","Rain severity can explain both umbrella use and wetness.","Original AI-authored short practice item","Draft; not expert-reviewed or psychometrically validated","","30","Design target; not measured with users","false","31"
"R0252","Philosophy / critical thinking","false_choices","false_choices","5","Either forgive instantly or remain angry forever. Best diagnosis?","The alternatives are genuinely exhaustive as stated","A word changes meaning","The response attacks a person","The conclusion merely repeats its premise","A reasonable third possibility is excluded","E","A reasonable third possibility is excluded","Forgiveness can occur later and emotions can change in other ways.","Original AI-authored short practice item","Draft; not expert-reviewed or psychometrically validated","","30","Design target; not measured with users","false","37"
"R0477","Philosophy / critical thinking","conceptual_definition_tests","conceptual_definition_tests","10","Define knowledge here as true, justified belief. A belief is stated, but truth and justification are not described. Assessment?","More information is needed","The definition is too narrow for the proposed use","The definition is too broad for the proposed use","The example fits the stated definition","The example fails a necessary condition","A","More information is needed","Two stipulated requirements remain unknown.","Original AI-authored short practice item","Draft; not expert-reviewed or psychometrically validated","","30","Design target; not measured with users","false","53"
"R0168","LSAT-style","evidence_weight","evidence_weight","6","Claim: The door was opened. Evidence: Continuous footage shows it opening. How does this bear on the claim?","Directly supports the claim","Suggests a competing explanation","Irrelevant to the claim","Only repeats the claim","Directly counts against the claim","A","Directly supports the claim","The recording directly shows the event.","Original AI-authored short practice item","Draft; not expert-reviewed or psychometrically validated","","30","Design target; not measured with users","false","39"
"R0379","Philosophy / critical thinking","intentions_and_outcomes","intentions_and_outcomes","11","An action results in harm, but the actor's aim is unknown. Which caution applies?","The same outcome can arise from different intentions","The same intention can produce different outcomes","Intention and outcome are both unspecified","Good intention does not guarantee a good outcome","Bad outcome does not prove bad intention","E","Bad outcome does not prove bad intention","A harmful result is not sufficient evidence of an intention to harm.","Original AI-authored short practice item","Draft; not expert-reviewed or psychometrically validated","","30","Design target; not measured with users","false","50"
"R0214","LSAT-style","parallel_flaw","parallel_flaw","7","This commuter was impolite, so commuters are impolite. Which general flaw appears?","Treats lack of disproof as proof","Infers truth from popularity","Reverses an if-then rule","Assumes parts guarantee the whole","Generalizes from one case","E","Generalizes from one case","One person is used to characterize the whole group.","Original AI-authored short practice item","Draft; not expert-reviewed or psychometrically validated","","30","Design target; not measured with users","false","35"
"R0231","Philosophy / critical thinking","fallacy_detection","fallacy_detection","6","No promises were made. Therefore no promise was broken in this exchange. Best assessment?","Popularity replaces evidence","The conclusion is simply assumed","The reasoning supports the conclusion","A limited claim is exaggerated","The person is attacked instead of the argument","C","The reasoning supports the conclusion","Without a promise in the exchange, none of its promises can be broken.","Original AI-authored short practice item","Draft; not expert-reviewed or psychometrically validated","","30","Design target; not measured with users","false","40"
"R0084","LSAT-style","parallel_reasoning","parallel_reasoning","3","Some artists are teachers. Therefore some teachers are artists. Which matches?","All runners are cooks; all cooks are runners.","No runners are cooks; all cooks run.","Some runners are cooks; some cooks are runners.","Some runners cook; no cooks run.","Some runners cook; all runners cook.","C","Some runners are cooks; some cooks are runners.","Both reverse a statement that establishes an overlap.","Original AI-authored short practice item","Draft; not expert-reviewed or psychometrically validated","","30","Design target; not measured with users","false","46"
"R0386","Philosophy / critical thinking","consent_reasoning","consent_reasoning","7","A person signs because refusal is met with a credible threat of harm. Under voluntary-agreement consent, what is undermined?","Consent is undermined by coercion","Consent to one thing does not establish consent to another","Consent is undermined by missing information","Silence alone does not establish consent","Consent is established under the stated definition","A","Consent is undermined by coercion","The threat compromises a freely made decision.","Original AI-authored short practice item","Draft; not expert-reviewed or psychometrically validated","","30","Design target; not measured with users","false","53"
"R0354","Philosophy / critical thinking","fact_value_distinction","fact_value_distinction","8","The group ought to consult affected residents. What kind of claim is this?","A definition for this discussion","A value judgment","A descriptive premise alone does not establish an obligation","A descriptive claim","A recommendation","E","A recommendation","It proposes what the group should do.","Original AI-authored short practice item","Draft; not expert-reviewed or psychometrically validated","","30","Design target; not measured with users","false","35"
"R0273","Philosophy / critical thinking","meaning_and_ambiguity","meaning_and_ambiguity","4","Only humans have rights, and anything correct is right, so only humans can be correct. Main issue?","An ambiguous term needs clarification","A key word changes meaning","A personal preference settles the definition","The same meaning is used consistently","A factual contradiction is established","B","A key word changes meaning","An entitlement is confused with correctness.","Original AI-authored short practice item","Draft; not expert-reviewed or psychometrically validated","","30","Design target; not measured with users","false","44"
"R0476","Philosophy / critical thinking","conceptual_definition_tests","conceptual_definition_tests","9","A definition of communication admits only speech and excludes meaningful gestures. Why is it too narrow for including gestures?","The definition is too narrow for the proposed use","The example fails a necessary condition","More information is needed","The example fits the stated definition","The definition is too broad for the proposed use","A","The definition is too narrow for the proposed use","It excludes a form that the intended use includes.","Original AI-authored short practice item","Draft; not expert-reviewed or psychometrically validated","","30","Design target; not measured with users","false","53"
"R0260","Philosophy / critical thinking","circularity","circularity","2","The action is wrong because it is morally impermissible. What kind of support is offered?","Each claim is supported only by the other","Independent support is offered","A conclusion is asserted without a reason","A counterexample is offered","The support restates the claim","E","The support restates the claim","The reason uses another expression for the conclusion.","Original AI-authored short practice item","Draft; not expert-reviewed or psychometrically validated","","30","Design target; not measured with users","false","43"
"R0419","Philosophy / critical thinking","responsibility_and_control","responsibility_and_control","7","A worker acts after a credible threat to a loved one. Which feature matters?","The facts do not settle control or knowledge","Deliberate informed choice is described","Control is absent in the described act","Relevant knowledge is missing","Control is reduced by a threat","E","Control is reduced by a threat","The threat is relevant to voluntariness and responsibility.","Original AI-authored short practice item","Draft; not expert-reviewed or psychometrically validated","","30","Design target; not measured with users","false","44"
"R0251","Philosophy / critical thinking","false_choices","false_choices","4","Either this light is on or it is not on, using the same meaning and moment. Best assessment?","The response attacks a person","The conclusion merely repeats its premise","The alternatives are genuinely exhaustive as stated","A reasonable third possibility is excluded","A word changes meaning","C","The alternatives are genuinely exhaustive as stated","The alternatives are a proposition and its negation.","Original AI-authored short practice item","Draft; not expert-reviewed or psychometrically validated","","30","Design target; not measured with users","false","46"
"R0049","LSAT-style","point_of_disagreement","point_of_disagreement","4","Fay: Animals can feel pain. Gus: Animals cannot feel pain. Their disagreement concerns what?","Whether pain is unpleasant.","Animal intelligence rankings.","Animals' capacity for pain.","Whether humans are animals.","Pet ownership rules.","C","Animals' capacity for pain.","One affirms and the other denies the same capacity.","Original AI-authored short practice item","Draft; not expert-reviewed or psychometrically validated","","30","Design target; not measured with users","false","32"
"R0373","Philosophy / critical thinking","intentions_and_outcomes","intentions_and_outcomes","5","Someone performed an act, but no motive or consequence is described. What can be classified here?","Good intention does not guarantee a good outcome","The same outcome can arise from different intentions","Bad outcome does not prove bad intention","Intention and outcome are both unspecified","The same intention can produce different outcomes","D","Intention and outcome are both unspecified","The needed information about both dimensions is missing.","Original AI-authored short practice item","Draft; not expert-reviewed or psychometrically validated","","30","Design target; not measured with users","false","52"
"R0393","Philosophy / critical thinking","fairness_under_stated_standards","fairness_under_stated_standards","3","A team divides credit according to each person's work. Which standard does it use?","Greater help for greater need","Equal shares","The standard is not specified","Reward proportional to contribution","Equal opportunity to participate","D","Reward proportional to contribution","Contribution determines the distribution.","Original AI-authored short practice item","Draft; not expert-reviewed or psychometrically validated","","30","Design target; not measured with users","false","34"
"R0141","LSAT-style","sampling_flaw","sampling_flaw","6","A restaurant samples only diners who nominated it for an award. Main issue?","Only dissatisfied people were sampled","One unusual case is overgeneralized","The sample excludes relevant people","Only satisfied people were sampled","No sampling flaw is specified","D","Only satisfied people were sampled","The selection favours admirers.","Original AI-authored short practice item","Draft; not expert-reviewed or psychometrically validated","","30","Design target; not measured with users","false","38"
"R0045","LSAT-style","resolve_discrepancy","resolve_discrepancy","9","A website loads faster but visitors spend less time on it. Best explanation?","Visitors find answers more quickly.","Its content is inaccessible.","Its pages never load.","All visitors are forced to wait.","Every task takes longer.","A","Visitors find answers more quickly.","Shorter visits can reflect faster task completion.","Original AI-authored short practice item","Draft; not expert-reviewed or psychometrically validated","","30","Design target; not measured with users","false","36"
"R0088","LSAT-style","parallel_reasoning","parallel_reasoning","7","If I accept, I must travel. I cannot travel, so I cannot accept. Which matches?","Some launches need approval; this launch does.","If we launch, we need approval; approval; launch.","If we launch, we need approval; no approval; no launch.","Launches are exciting; approval is exciting.","If we launch, we need approval; no launch; no approval.","C","If we launch, we need approval; no approval; no launch.","Both reject an action because its necessary condition is absent.","Original AI-authored short practice item","Draft; not expert-reviewed or psychometrically validated","","30","Design target; not measured with users","false","56"
"R0388","Philosophy / critical thinking","consent_reasoning","consent_reasoning","9","A quiet participant never indicates agreement. The organiser assumes permission solely from quietness. Main issue?","Consent to one thing does not establish consent to another","Consent is undermined by missing information","Consent is established under the stated definition","Silence alone does not establish consent","Consent is undermined by coercion","D","Silence alone does not establish consent","Quietness has possible meanings other than agreement.","Original AI-authored short practice item","Draft; not expert-reviewed or psychometrically validated","","30","Design target; not measured with users","false","49"
"R0263","Philosophy / critical thinking","circularity","circularity","5","You claim nobody helps strangers, but I helped someone I had never met. What happens?","A counterexample is offered","A conclusion is asserted without a reason","Independent support is offered","The support restates the claim","Each claim is supported only by the other","A","A counterexample is offered","A specific case challenges the universal claim.","Original AI-authored short practice item","Draft; not expert-reviewed or psychometrically validated","","30","Design target; not measured with users","false","43"
"R0218","LSAT-style","agreement_and_entailment","agreement_and_entailment","2","A: Do not close the park. B: The park should remain open. Claim: The park should close.","They explicitly disagree about it","Both speakers explicitly reject it","Only one takes a position on it","Both speakers explicitly accept it","Neither takes a position on it","B","Both speakers explicitly reject it","Both reject closing it.","Original AI-authored short practice item","Draft; not expert-reviewed or psychometrically validated","","30","Design target; not measured with users","false","45"
"R0257","Philosophy / critical thinking","false_choices","false_choices","10","Either art has one objective ranking or discussing it is pointless. Best diagnosis?","A word changes meaning","The response attacks a person","The alternatives are genuinely exhaustive as stated","The conclusion merely repeats its premise","A reasonable third possibility is excluded","E","A reasonable third possibility is excluded","Discussion can clarify reasons without establishing a unique ranking.","Original AI-authored short practice item","Draft; not expert-reviewed or psychometrically validated","","30","Design target; not measured with users","false","41"
"R0124","LSAT-style","quantifier_inference","quantifier_inference","7","No violet badges are valid. Which violet badges are invalid?","The premises are inconsistent","All members of the first group","None of the first group","At least some, but not necessarily all","Cannot tell whether any","B","All members of the first group","Every violet badge is excluded from validity.","Original AI-authored short practice item","Draft; not expert-reviewed or psychometrically validated","","30","Design target; not measured with users","false","36"
"R0095","LSAT-style","argument_role","argument_role","5","The roof leaks and repairs will take weeks. We should relocate temporarily. Role of the final sentence?","Background only","Main conclusion","Concession","Supporting reason","Objection being considered","B","Main conclusion","It is the recommendation supported by the preceding facts.","Original AI-authored short practice item","Draft; not expert-reviewed or psychometrically validated","","30","Design target; not measured with users","false","27"
"R0435","Philosophy / critical thinking","thought_experiment_use","thought_experiment_use","1","Imagine a harmless lie that saves a life. Ask whether 'never lie' allows it. What is the exercise doing?","Replace all need for reasons","Establish how often something happens","Test a principle with a hypothetical case","Prove a real event occurred","Report a personal preference only","C","Test a principle with a hypothetical case","The imagined case probes the scope of a principle, not its real-world frequency.","Original AI-authored short practice item","Draft; not expert-reviewed or psychometrically validated","","30","Design target; not measured with users","false","46"
"R0063","LSAT-style","evaluate_argument","evaluate_argument","9","A writer says shorter instructions will reduce confusion. Best question?","Does the writer use a pen?","Will essential steps remain clear and complete?","Is the title in capitals?","Are pages white?","Who supplied the paper?","B","Will essential steps remain clear and complete?","Cutting length helps only if it does not remove needed guidance.","Original AI-authored short practice item","Draft; not expert-reviewed or psychometrically validated","","30","Design target; not measured with users","false","35"
"R0030","LSAT-style","weaken","weaken","3","The quiet room made volunteers concentrate better. Which weakens this?","The study used paper.","Concentration is useful.","The quiet room has chairs.","Volunteers chose rooms based on existing focus habits.","Volunteers arrived on time.","D","Volunteers chose rooms based on existing focus habits.","Self-selection can explain the apparent room effect.","Original AI-authored short practice item","Draft; not expert-reviewed or psychometrically validated","","30","Design target; not measured with users","false","34"
"R0358","Philosophy / critical thinking","ethical_principle_application","ethical_principle_application","1","Rule: Return borrowed objects on request. The owner requests the object back. Under this rule, returning it is what?","The stated facts are inconsistent","Permitted but not required","The rule alone does not settle it","Required by the stated rule","Forbidden by the stated rule","D","Required by the stated rule","The request activates the stated obligation.","Original AI-authored short practice item","Draft; not expert-reviewed or psychometrically validated","","30","Design target; not measured with users","false","45"
"R0371","Philosophy / critical thinking","intentions_and_outcomes","intentions_and_outcomes","3","Two people donate: one to help, another solely for praise. Both donations help equally. What does this show?","Intention and outcome are both unspecified","The same intention can produce different outcomes","The same outcome can arise from different intentions","Bad outcome does not prove bad intention","Good intention does not guarantee a good outcome","C","The same outcome can arise from different intentions","A shared consequence does not imply a shared motive.","Original AI-authored short practice item","Draft; not expert-reviewed or psychometrically validated","","30","Design target; not measured with users","false","54"
"R0236","Philosophy / critical thinking","fallacy_detection","fallacy_detection","11","If deception requires misleading someone, an act that misleads nobody is not deception. Accepting the definition, assess the reasoning.","The conclusion is simply assumed","The reasoning supports the conclusion","A limited claim is exaggerated","The person is attacked instead of the argument","Popularity replaces evidence","B","The reasoning supports the conclusion","The definition makes misleading a necessary condition, which is absent.","Original AI-authored short practice item","Draft; not expert-reviewed or psychometrically validated","","30","Design target; not measured with users","false","45"
"R0387","Philosophy / critical thinking","consent_reasoning","consent_reasoning","8","Someone agrees to a recording without being told it will include private conversations. Under informed consent, main issue?","Consent is undermined by coercion","Consent is established under the stated definition","Silence alone does not establish consent","Consent to one thing does not establish consent to another","Consent is undermined by missing information","E","Consent is undermined by missing information","A material feature of what is agreed to is missing.","Original AI-authored short practice item","Draft; not expert-reviewed or psychometrically validated","","30","Design target; not measured with users","false","52"
"R0498","Philosophy / critical thinking","responding_to_objections","responding_to_objections","9","You claim a choice was voluntary. A critic provides evidence of a serious threat. Best response?","Discuss the actor's hobbies.","Reassess voluntariness in light of the threat.","Say the actor moved physically.","Ignore the evidence.","Count supporters of your view.","B","Reassess voluntariness in light of the threat.","Threat evidence is relevant to whether the choice was freely made.","Original AI-authored short practice item","Draft; not expert-reviewed or psychometrically validated","","30","Design target; not measured with users","false","40"
"R0140","LSAT-style","sampling_flaw","sampling_flaw","5","A club randomly selects members from its complete list to ask about meeting times. Which listed issue is specified?","No sampling flaw is specified","The sample excludes relevant people","One unusual case is overgeneralized","Only satisfied people were sampled","Only dissatisfied people were sampled","A","No sampling flaw is specified","The description supplies no selective exclusion or unusual-case generalization.","Original AI-authored short practice item","Draft; not expert-reviewed or psychometrically validated","","30","Design target; not measured with users","false","44"
"R0157","LSAT-style","argument_flaw_plain_language","argument_flaw_plain_language","4","The sign says 'fine for parking'; therefore parking here is excellent. What goes wrong?","Attacking the person instead of the reason","Presenting too few alternatives","Changing the meaning of a key word","Assuming the conclusion in the support","Misrepresenting the opposing view","C","Changing the meaning of a key word","A monetary penalty is confused with a positive description.","Original AI-authored short practice item","Draft; not expert-reviewed or psychometrically validated","","30","Design target; not measured with users","false","42"
"R0240","Philosophy / critical thinking","relevance_of_objection","relevance_of_objection","4","Asked whether a punishment is fair, someone discusses tomorrow's weather. Assess the response.","Relevant concern about source reliability","Agreement rather than an objection","Personal criticism with no stated relevance","Relevant objection to the reasoning","Unrelated distraction","E","Unrelated distraction","Weather is not linked to the fairness question.","Original AI-authored short practice item","Draft; not expert-reviewed or psychometrically validated","","30","Design target; not measured with users","false","36"
"R0424","Philosophy / critical thinking","charitable_interpretation","charitable_interpretation","1","Someone says 'Rules sometimes fail.' Which approach best supports fair discussion?","Attack the speaker instead of the idea","Agree merely to avoid discussion","Ask what the ambiguous claim means","Interpret the strongest reasonable version","Replace the view with an extreme version","D","Interpret the strongest reasonable version","Addressing the limited, reasonable claim avoids distortion.","Original AI-authored short practice item","Draft; not expert-reviewed or psychometrically validated","","30","Design target; not measured with users","false","41"
"R0361","Philosophy / critical thinking","ethical_principle_application","ethical_principle_application","4","Rule: Keep promises. No promise concerns which film to watch. What does the rule decide about the film choice?","Required by the stated rule","Permitted but not required","The rule alone does not settle it","The stated facts are inconsistent","Forbidden by the stated rule","C","The rule alone does not settle it","The rule has no stated application to that choice.","Original AI-authored short practice item","Draft; not expert-reviewed or psychometrically validated","","30","Design target; not measured with users","false","45"
"R0055","LSAT-style","evaluate_argument","evaluate_argument","1","The museum says late opening will attract workers. Which question best tests this?","How old is the roof?","Who designed its logo?","Can workers visit during those added hours?","What colour are the walls?","Are tickets rectangular?","C","Can workers visit during those added hours?","The proposal depends on matching workers' availability.","Original AI-authored short practice item","Draft; not expert-reviewed or psychometrically validated","","30","Design target; not measured with users","false","37"
"R0047","LSAT-style","point_of_disagreement","point_of_disagreement","2","Ali: The policy is fair because everyone follows it. Bea: Everyone follows it, but it is unfair. Disagreement?","Whether the policy is fair.","Who wrote it.","Whether people follow it.","Whether a policy exists.","When it began.","A","Whether the policy is fair.","They agree about compliance, not fairness.","Original AI-authored short practice item","Draft; not expert-reviewed or psychometrically validated","","30","Design target; not measured with users","false","37"
"R0262","Philosophy / critical thinking","circularity","circularity","4","This rule is unjust. No reason is supplied. What happens?","Independent support is offered","A counterexample is offered","Each claim is supported only by the other","A conclusion is asserted without a reason","The support restates the claim","D","A conclusion is asserted without a reason","An unsupported assertion is not automatically a circular argument.","Original AI-authored short practice item","Draft; not expert-reviewed or psychometrically validated","","30","Design target; not measured with users","false","38"
"R0473","Philosophy / critical thinking","conceptual_definition_tests","conceptual_definition_tests","6","Define an apology as an expression acknowledging one's fault and regret. Both are explicitly expressed. Assessment?","More information is needed","The example fails a necessary condition","The example fits the stated definition","The definition is too broad for the proposed use","The definition is too narrow for the proposed use","C","The example fits the stated definition","The stipulated features are present.","Original AI-authored short practice item","Draft; not expert-reviewed or psychometrically validated","","30","Design target; not measured with users","false","50"
"R0303","Philosophy / critical thinking","belief_and_justification","belief_and_justification","1","I guessed the sealed card's colour and happened to be right. What does this illustrate?","Belief can be true without being well justified","The conclusion conflicts with the evidence","No belief is being expressed","The evidence justifies certainty","The evidence supports a tentative belief","A","Belief can be true without being well justified","A lucky true belief need not have a good evidential basis.","Original AI-authored short practice item","Draft; not expert-reviewed or psychometrically validated","","30","Design target; not measured with users","false","44"
"R0148","LSAT-style","scope_shift","scope_shift","4","The screen is excellent, so every aspect of the laptop is excellent. What shift occurs?","Possible becomes certain","Local becomes universal","Past becomes permanent","Some becomes all","One part becomes the whole","E","One part becomes the whole","A judgment of one component becomes a judgment of all components.","Original AI-authored short practice item","Draft; not expert-reviewed or psychometrically validated","","30","Design target; not measured with users","false","32"
"R0288","Philosophy / critical thinking","philosophical_counterexample","philosophical_counterexample","8","Claim: Treating people identically always meets their needs equally. Best counterexample?","The same greeting for friends.","Matching badges for volunteers.","Equal chairs for similar needs.","Identical cups at a party.","Identical stairs serve a walker but block a wheelchair user.","E","Identical stairs serve a walker but block a wheelchair user.","Identical treatment can interact differently with different needs.","Original AI-authored short practice item","Draft; not expert-reviewed or psychometrically validated","","30","Design target; not measured with users","false","40"
"R0471","Philosophy / critical thinking","conceptual_definition_tests","conceptual_definition_tests","4","A definition counts only spoken agreements as agreements, excluding clear written agreements. Main problem?","The example fails a necessary condition","The definition is too narrow for the proposed use","More information is needed","The example fits the stated definition","The definition is too broad for the proposed use","B","The definition is too narrow for the proposed use","It leaves out cases the proposed use aims to include.","Original AI-authored short practice item","Draft; not expert-reviewed or psychometrically validated","","30","Design target; not measured with users","false","48"
"R0484","Philosophy / critical thinking","best_philosophical_followup","best_philosophical_followup","6","Someone says 'People disagree, so there is no truth.' Best follow-up?","Was the room comfortable?","Can people disagree about something that has a true answer?","Did the discussion last long?","How many people were present?","Were the speakers polite?","B","Can people disagree about something that has a true answer?","Disagreement alone does not establish absence of truth.","Original AI-authored short practice item","Draft; not expert-reviewed or psychometrically validated","","30","Design target; not measured with users","false","39"
"R0316","Philosophy / critical thinking","burden_of_support","burden_of_support","3","The sealed packet contains a note. It is opened and the note is seen. What has happened?","The claim has been independently supported","The evidence directly refutes the universal claim","Both sides are proved correct","The critic has disproved the claim","The claimant still needs supporting reasons","A","The claim has been independently supported","Observation supplies evidence separate from the assertion.","Original AI-authored short practice item","Draft; not expert-reviewed or psychometrically validated","","30","Design target; not measured with users","false","47"
"R0485","Philosophy / critical thinking","best_philosophical_followup","best_philosophical_followup","7","Someone says 'I had no choice.' Best follow-up?","Was it a busy day?","Do you enjoy making choices?","Who was watching?","Did the event have a name?","Were alternatives impossible, threatened, or merely unattractive?","E","Were alternatives impossible, threatened, or merely unattractive?","It separates distinct senses of lacking a choice.","Original AI-authored short practice item","Draft; not expert-reviewed or psychometrically validated","","30","Design target; not measured with users","false","34"
"R0324","Philosophy / critical thinking","burden_of_support","burden_of_support","11","Nobody has criticised my argument, therefore its premises are true. Best response?","Both sides are proved correct","The claimant still needs supporting reasons","The evidence directly refutes the universal claim","The claim has been independently supported","The critic has disproved the claim","B","The claimant still needs supporting reasons","Silence does not supply support for the premises.","Original AI-authored short practice item","Draft; not expert-reviewed or psychometrically validated","","30","Design target; not measured with users","false","42"
"R0089","LSAT-style","parallel_reasoning","parallel_reasoning","8","Every exit is either north or south. This exit is not north, so it is south. Which matches?","No badge is red; therefore no badges exist.","This badge is red; all badges are red.","Some badges are red; this is blue; it is red.","Every badge is red or blue; this is red; it is blue.","Every badge is red or blue; this is not red; it is blue.","E","Every badge is red or blue; this is not red; it is blue.","Both use an exhaustive alternative with one option excluded.","Original AI-authored short practice item","Draft; not expert-reviewed or psychometrically validated","","30","Design target; not measured with users","false","69"
"R0104","LSAT-style","method_of_reasoning","method_of_reasoning","5","We allow notes in workshops; similar notes should be allowed in seminars. Method?","Eliminating alternatives","Applying a general rule","Explaining an observation","Comparing similar cases","Offering a counterexample","D","Comparing similar cases","A policy for one setting is extended by analogy.","Original AI-authored short practice item","Draft; not expert-reviewed or psychometrically validated","","30","Design target; not measured with users","false","28"
"R0091","LSAT-style","argument_role","argument_role","1","The ferry should stay open because commuters rely on it. What role does 'commuters rely on it' play?","Supporting reason","Main conclusion","Objection being considered","Concession","Background only","A","Supporting reason","It supplies a reason for keeping the ferry.","Original AI-authored short practice item","Draft; not expert-reviewed or psychometrically validated","","30","Design target; not measured with users","false","28"
"R0012","LSAT-style","necessary_assumption","necessary_assumption","3","Free entry will attract people currently deterred by the museum's price. What is assumed?","The exhibits will change.","All visitors are tourists.","Free museums have no costs.","Some price-deterred people would attend free.","Everyone dislikes museums.","D","Some price-deterred people would attend free.","The predicted gain requires at least some such people to attend.","Original AI-authored short practice item","Draft; not expert-reviewed or psychometrically validated","","30","Design target; not measured with users","false","36"
"R0222","LSAT-style","agreement_and_entailment","agreement_and_entailment","6","A: Timing matters, but cost does too. B: Timing matters most. Claim: Timing matters.","They explicitly disagree about it","Both speakers explicitly accept it","Both speakers explicitly reject it","Neither takes a position on it","Only one takes a position on it","B","Both speakers explicitly accept it","Both affirm timing's importance.","Original AI-authored short practice item","Draft; not expert-reviewed or psychometrically validated","","30","Design target; not measured with users","false","42"
"R0302","Philosophy / critical thinking","consistency","consistency","11","Every person has equal worth. People have different skills. Are these consistent?","Only a change over time is described","The claims can both be true","The claims contradict each other","The speakers use different definitions","There is too little information about the wording","B","The claims can both be true","Equal worth does not entail identical abilities.","Original AI-authored short practice item","Draft; not expert-reviewed or psychometrically validated","","30","Design target; not measured with users","false","43"
"R0075","LSAT-style","sufficient_assumption","sufficient_assumption","3","Nora can borrow any item labelled public. This map is old. Which rule guarantees she can borrow it?","Every public item is old.","Old maps are valuable.","Nora likes maps.","Some old items are public.","Every old item is labelled public.","E","Every old item is labelled public.","The added rule puts the map in the borrowable category.","Original AI-authored short practice item","Draft; not expert-reviewed or psychometrically validated","","30","Design target; not measured with users","false","41"
"R0309","Philosophy / critical thinking","belief_and_justification","belief_and_justification","7","The best available explanation fits the evidence, but alternatives remain. What stance fits?","The evidence supports a tentative belief","Belief can be true without being well justified","The evidence justifies certainty","No belief is being expressed","The conclusion conflicts with the evidence","A","The evidence supports a tentative belief","The support is provisional rather than conclusive.","Original AI-authored short practice item","Draft; not expert-reviewed or psychometrically validated","","30","Design target; not measured with users","false","42"
"R0271","Philosophy / critical thinking","meaning_and_ambiguity","meaning_and_ambiguity","2","The policy must be fair. Nobody explains whether fair means equal shares or need-based shares. What is needed first?","A key word changes meaning","A factual contradiction is established","An ambiguous term needs clarification","A personal preference settles the definition","The same meaning is used consistently","C","An ambiguous term needs clarification","The competing meanings of fairness must be clarified.","Original AI-authored short practice item","Draft; not expert-reviewed or psychometrically validated","","30","Design target; not measured with users","false","46"
"R0286","Philosophy / critical thinking","philosophical_counterexample","philosophical_counterexample","6","Claim: A promise always benefits the person making it. Best counterexample?","A promise with a reward.","A convenient commitment.","A costly promise kept solely for another person.","A promise never made.","A profitable agreement.","C","A costly promise kept solely for another person.","The stipulated promise imposes a cost without a benefit to its maker.","Original AI-authored short practice item","Draft; not expert-reviewed or psychometrically validated","","30","Design target; not measured with users","false","34"
"R0394","Philosophy / critical thinking","fairness_under_stated_standards","fairness_under_stated_standards","4","A club removes entry barriers so everyone has a genuine chance to try out. Which standard is emphasized?","Equal opportunity to participate","The standard is not specified","Equal shares","Reward proportional to contribution","Greater help for greater need","A","Equal opportunity to participate","The focus is access to participation, not guaranteed equal results.","Original AI-authored short practice item","Draft; not expert-reviewed or psychometrically validated","","30","Design target; not measured with users","false","38"
"R0150","LSAT-style","scope_shift","scope_shift","6","Several critics praised the play, so critics unanimously praised it. What shift occurs?","Past becomes permanent","Possible becomes certain","One part becomes the whole","Local becomes universal","Some becomes all","E","Some becomes all","Several positive judgments do not establish unanimity.","Original AI-authored short practice item","Draft; not expert-reviewed or psychometrically validated","","30","Design target; not measured with users","false","30"
"R0423","Philosophy / critical thinking","responsibility_and_control","responsibility_and_control","11","Someone's arm is physically forced by another person to push a button. Which feature matters?","The facts do not settle control or knowledge","Relevant knowledge is missing","Control is reduced by a threat","Deliberate informed choice is described","Control is absent in the described act","E","Control is absent in the described act","The described movement is imposed rather than controlled by that person.","Original AI-authored short practice item","Draft; not expert-reviewed or psychometrically validated","","30","Design target; not measured with users","false","45"
"R0364","Philosophy / critical thinking","ethical_principle_application","ethical_principle_application","7","Rule: Members may decline invitations without giving reasons. Is giving a reason required by this rule?","Forbidden by the stated rule","The rule alone does not settle it","Required by the stated rule","Permitted but not required","The stated facts are inconsistent","D","Permitted but not required","Explaining is allowed but declining does not require an explanation.","Original AI-authored short practice item","Draft; not expert-reviewed or psychometrically validated","","30","Design target; not measured with users","false","42"
"R0076","LSAT-style","sufficient_assumption","sufficient_assumption","4","Every trained guide gets a badge. Sam is a volunteer. Which rule guarantees Sam a badge?","Some volunteers get badges.","Sam owns a hat.","Every guide is a volunteer.","Every volunteer is a trained guide.","Badges are metal.","D","Every volunteer is a trained guide.","The rule supplies the qualification needed for a badge.","Original AI-authored short practice item","Draft; not expert-reviewed or psychometrically validated","","30","Design target; not measured with users","false","38"
"R0060","LSAT-style","evaluate_argument","evaluate_argument","6","A team says remote work will improve focus. Best question?","Are home workplaces less distracting for these workers?","Are laptops fashionable?","Are desks sold locally?","When was the company named?","Do workers like the logo?","A","Are home workplaces less distracting for these workers?","The proposed improvement depends on comparative distractions.","Original AI-authored short practice item","Draft; not expert-reviewed or psychometrically validated","","30","Design target; not measured with users","false","35"
"R0001","LSAT-style","main_conclusion","main_conclusion","1","The trail floods after rain. A raised path would stay dry. Therefore, build a raised path. What is the conclusion?","Rain reaches the trail.","Build a raised path.","The trail floods.","The trail already has a raised path.","Raised paths stay dry.","B","Build a raised path.","The proposal to build the path is supported by the other statements.","Original AI-authored short practice item","Draft; not expert-reviewed or psychometrically validated","","30","Design target; not measured with users","false","42"
"R0310","Philosophy / critical thinking","belief_and_justification","belief_and_justification","8","All agreed premises imply the door is closed. I conclude it is open in the same sense. Assessment?","The evidence supports a tentative belief","Belief can be true without being well justified","The evidence justifies certainty","The conclusion conflicts with the evidence","No belief is being expressed","D","The conclusion conflicts with the evidence","The conclusion opposes what the premises entail.","Original AI-authored short practice item","Draft; not expert-reviewed or psychometrically validated","","30","Design target; not measured with users","false","47"
"R0304","Philosophy / critical thinking","belief_and_justification","belief_and_justification","2","Several reliable but fallible witnesses agree. What level of belief is best supported solely by this?","The evidence supports a tentative belief","No belief is being expressed","Belief can be true without being well justified","The conclusion conflicts with the evidence","The evidence justifies certainty","A","The evidence supports a tentative belief","Agreement supports the claim without removing every possibility of error.","Original AI-authored short practice item","Draft; not expert-reviewed or psychometrically validated","","30","Design target; not measured with users","false","45"
"R0232","Philosophy / critical thinking","fallacy_detection","fallacy_detection","7","Reject his argument about fairness; he is unpopular. Best assessment?","The conclusion is simply assumed","The reasoning supports the conclusion","The person is attacked instead of the argument","Popularity replaces evidence","A limited claim is exaggerated","C","The person is attacked instead of the argument","Popularity of the speaker does not settle the fairness argument.","Original AI-authored short practice item","Draft; not expert-reviewed or psychometrically validated","","30","Design target; not measured with users","false","36"
"R0211","LSAT-style","parallel_flaw","parallel_flaw","4","Like claiming invisible visitors exist because nobody disproved them, someone says an untested charm works because it was never refuted. Shared flaw?","Infers truth from popularity","Reverses an if-then rule","Assumes parts guarantee the whole","Treats lack of disproof as proof","Generalizes from one case","D","Treats lack of disproof as proof","Missing disproof does not provide positive proof.","Original AI-authored short practice item","Draft; not expert-reviewed or psychometrically validated","","30","Design target; not measured with users","false","45"
"R0167","LSAT-style","evidence_weight","evidence_weight","5","Claim: Music improved sales. Evidence: A festival brought extra customers that day. What does this provide?","Irrelevant to the claim","Directly counts against the claim","Directly supports the claim","Only repeats the claim","Suggests a competing explanation","E","Suggests a competing explanation","Increased footfall could explain the sales independently of music.","Original AI-authored short practice item","Draft; not expert-reviewed or psychometrically validated","","30","Design target; not measured with users","false","37"
"R0114","LSAT-style","conditional_inference","conditional_inference","6","Every approved plan has a sponsor. This plan has none. Claim: It is approved.","Must be true","No factual claim is made","Could be true or false","Must be false","Premises contradict each other","D","Must be false","Approval requires a sponsor.","Original AI-authored short practice item","Draft; not expert-reviewed or psychometrically validated","","30","Design target; not measured with users","false","34"
"R0490","Philosophy / critical thinking","responding_to_objections","responding_to_objections","1","Your claim says all mistakes are blameworthy. A critic cites an unavoidable mistake. Best response?","Repeat 'all mistakes' louder.","Insult the critic.","Explain or revise the claim's treatment of unavoidable cases.","Ignore the case because it is inconvenient.","Say critics are unpopular.","C","Explain or revise the claim's treatment of unavoidable cases.","The objection targets the claim's scope and deserves a relevant answer.","Original AI-authored short practice item","Draft; not expert-reviewed or psychometrically validated","","30","Design target; not measured with users","false","42"
"R0237","Philosophy / critical thinking","relevance_of_objection","relevance_of_objection","1","A claim rests on a witness's memory. Someone notes the witness was asleep during the event. Assess the response.","Agreement rather than an objection","Unrelated distraction","Personal criticism with no stated relevance","Relevant concern about source reliability","Relevant objection to the reasoning","D","Relevant concern about source reliability","Being asleep bears directly on access to the event.","Original AI-authored short practice item","Draft; not expert-reviewed or psychometrically validated","","30","Design target; not measured with users","false","42"
"R0446","Philosophy / critical thinking","personal_identity_criteria","personal_identity_criteria","1","A view says the same living body is what makes someone the same person over time. Which criterion is used?","No identity criterion is specified","Social or legal recognition","Similarity of appearance alone","Continuity of the body","Continuity of memory or psychology","D","Continuity of the body","Bodily continuity is explicitly decisive.","Original AI-authored short practice item","Draft; not expert-reviewed or psychometrically validated","","30","Design target; not measured with users","false","42"
"R0020","LSAT-style","strengthen","strengthen","2","A gardener thinks shade caused the seedlings to wilt. Which strengthens this?","Seeds came in packets.","The pots are attractive.","The garden has a fence.","Comparable seedlings in sunlight stayed healthy.","The gardener likes flowers.","D","Comparable seedlings in sunlight stayed healthy.","The comparison supports a role for light exposure.","Original AI-authored short practice item","Draft; not expert-reviewed or psychometrically validated","","30","Design target; not measured with users","false","35"
"R0248","Philosophy / critical thinking","false_choices","false_choices","1","Either you agree with every part of my plan or you oppose improvement. Best diagnosis?","The conclusion merely repeats its premise","The alternatives are genuinely exhaustive as stated","A word changes meaning","A reasonable third possibility is excluded","The response attacks a person","D","A reasonable third possibility is excluded","Someone may support improvement but prefer a different plan.","Original AI-authored short practice item","Draft; not expert-reviewed or psychometrically validated","","30","Design target; not measured with users","false","43"
"R0101","LSAT-style","method_of_reasoning","method_of_reasoning","2","You say no strangers help, but a stranger returned my wallet. What method is used?","Applying a general rule","Eliminating alternatives","Offering a counterexample","Comparing similar cases","Explaining an observation","C","Offering a counterexample","A helping stranger challenges the universal claim.","Original AI-authored short practice item","Draft; not expert-reviewed or psychometrically validated","","30","Design target; not measured with users","false","30"
"R0402","Philosophy / critical thinking","rights_and_welfare","rights_and_welfare","1","Choose whichever policy helps people most overall, even if it violates one person's stated entitlement. Which priority is used?","A compromise protects both interests partly","A value conflict remains unresolved","An individual right limits the choice","Only a factual question is raised","Total benefit is treated as decisive","E","Total benefit is treated as decisive","Aggregate benefit is placed above the entitlement.","Original AI-authored short practice item","Draft; not expert-reviewed or psychometrically validated","","30","Design target; not measured with users","false","48"
"R0289","Philosophy / critical thinking","philosophical_counterexample","philosophical_counterexample","9","Claim: All rules must be written to exist. Best counterexample?","A signed agreement.","A rule in a book.","A printed safety rule.","A community follows an unwritten turn-taking rule.","An emailed policy.","D","A community follows an unwritten turn-taking rule.","The social rule exists without written form.","Original AI-authored short practice item","Draft; not expert-reviewed or psychometrically validated","","30","Design target; not measured with users","false","32"
"R0355","Philosophy / critical thinking","fact_value_distinction","fact_value_distinction","9","For this exercise, a duty is an action someone is required to perform. What kind of claim is this?","A descriptive premise alone does not establish an obligation","A descriptive claim","A value judgment","A definition for this discussion","A recommendation","D","A definition for this discussion","It states the exercise's definition.","Original AI-authored short practice item","Draft; not expert-reviewed or psychometrically validated","","30","Design target; not measured with users","false","41"
"R0174","LSAT-style","premise_vs_inference","premise_vs_inference","3","In 'The floor is slippery; put up a warning,' what is 'put up a warning'?","Observation offered as evidence","Question rather than a claim","Recommendation","Definition","Inference drawn from evidence","C","Recommendation","It proposes an action.","Original AI-authored short practice item","Draft; not expert-reviewed or psychometrically validated","","30","Design target; not measured with users","false","30"
"R0009","LSAT-style","main_conclusion","main_conclusion","9","The delivery arrived intact despite damaged packaging. Damaged packaging does not always mean damaged contents. Conclusion?","The delivery arrived.","All deliveries are intact.","Packaging damage need not mean content damage.","Packaging is unnecessary.","The packaging was damaged.","C","Packaging damage need not mean content damage.","The particular intact delivery supports the general qualification.","Original AI-authored short practice item","Draft; not expert-reviewed or psychometrically validated","","30","Design target; not measured with users","false","37"
"R0077","LSAT-style","sufficient_assumption","sufficient_assumption","5","Anything fragile is hand-carried. This parcel contains glass. Which rule guarantees hand-carrying?","All fragile parcels contain glass.","Hand-carried parcels have labels.","Some glass parcels are insured.","All glass-containing parcels are fragile.","This parcel is heavy.","D","All glass-containing parcels are fragile.","The added condition makes this parcel fragile.","Original AI-authored short practice item","Draft; not expert-reviewed or psychometrically validated","","30","Design target; not measured with users","false","35"
"R0357","Philosophy / critical thinking","fact_value_distinction","fact_value_distinction","11","The rule was approved yesterday. What kind of claim is this?","A value judgment","A recommendation","A descriptive premise alone does not establish an obligation","A descriptive claim","A definition for this discussion","D","A descriptive claim","It describes an event, not whether approval was justified.","Original AI-authored short practice item","Draft; not expert-reviewed or psychometrically validated","","30","Design target; not measured with users","false","33"
"R0458","Philosophy / critical thinking","freedom_under_stated_definitions","freedom_under_stated_definitions","2","Define freedom here as absence of threats. A credible threat determines the choice. Assessment?","A moral verdict does not follow just from freedom","Free under the stipulated definition","Not free under the stipulated definition","The definition needs information not supplied","The definition changes mid-argument","C","Not free under the stipulated definition","The necessary absence of threat is missing.","Original AI-authored short practice item","Draft; not expert-reviewed or psychometrically validated","","30","Design target; not measured with users","false","44"
"R0391","Philosophy / critical thinking","fairness_under_stated_standards","fairness_under_stated_standards","1","A rule says each person receives the same allotment regardless of need. Which standard does it use?","Equal opportunity to participate","Greater help for greater need","Equal shares","The standard is not specified","Reward proportional to contribution","C","Equal shares","The criterion is identical shares.","Original AI-authored short practice item","Draft; not expert-reviewed or psychometrically validated","","30","Design target; not measured with users","false","37"
"R0313","Philosophy / critical thinking","belief_and_justification","belief_and_justification","11","Assume all tokens are wooden and this is a token. How secure is the conclusion that it is wooden within those premises?","The evidence justifies certainty","The conclusion conflicts with the evidence","Belief can be true without being well justified","No belief is being expressed","The evidence supports a tentative belief","A","The evidence justifies certainty","The universal premise entails the property for the token.","Original AI-authored short practice item","Draft; not expert-reviewed or psychometrically validated","","30","Design target; not measured with users","false","51"
"R0149","LSAT-style","scope_shift","scope_shift","5","This custom works in our village, so it works in every community. What shift occurs?","Some becomes all","One part becomes the whole","Local becomes universal","Possible becomes certain","Past becomes permanent","C","Local becomes universal","A local result is generalized without support to all settings.","Original AI-authored short practice item","Draft; not expert-reviewed or psychometrically validated","","30","Design target; not measured with users","false","32"
"R0050","LSAT-style","point_of_disagreement","point_of_disagreement","5","Han: Anonymous comments improve honesty. Ivo: They reduce honesty. Disagreement?","Who owns the website.","Anonymity's effect on honesty.","Whether users can type.","Whether honesty matters.","Whether comments exist.","B","Anonymity's effect on honesty.","The speakers predict opposite effects.","Original AI-authored short practice item","Draft; not expert-reviewed or psychometrically validated","","30","Design target; not measured with users","false","28"
"R0390","Philosophy / critical thinking","consent_reasoning","consent_reasoning","11","Under informed, voluntary agreement, someone asks questions, understands the answers, and freely accepts. Assessment?","Consent is undermined by coercion","Silence alone does not establish consent","Consent is established under the stated definition","Consent to one thing does not establish consent to another","Consent is undermined by missing information","C","Consent is established under the stated definition","The scenario explicitly supplies understanding and voluntary acceptance.","Original AI-authored short practice item","Draft; not expert-reviewed or psychometrically validated","","30","Design target; not measured with users","false","48"
"R0258","Philosophy / critical thinking","false_choices","false_choices","11","Either all choices are fully free or nobody is responsible for anything. Best diagnosis?","A word changes meaning","A reasonable third possibility is excluded","The conclusion merely repeats its premise","The alternatives are genuinely exhaustive as stated","The response attacks a person","B","A reasonable third possibility is excluded","Degrees of control and responsibility are excluded without argument.","Original AI-authored short practice item","Draft; not expert-reviewed or psychometrically validated","","30","Design target; not measured with users","false","42"
"R0186","LSAT-style","assumption_repair","assumption_repair","6","To defend a repair claim, a mechanic gives diagnostic results linking the broken part to the symptom. Strategy?","Repeat the conclusion more strongly","Add an unrelated fact","Change the subject","Attack the critic personally","Add evidence for the missing link","E","Add evidence for the missing link","The results supply the missing causal connection.","Original AI-authored short practice item","Draft; not expert-reviewed or psychometrically validated","","30","Design target; not measured with users","false","40"
"R0018","LSAT-style","necessary_assumption","necessary_assumption","9","The new ramp will make this entrance accessible to wheelchair users. Necessary assumption?","Stairs will be removed.","The building has no other entrance.","The ramp is colourful.","No remaining barrier blocks their passage.","Everyone uses a wheelchair.","D","No remaining barrier blocks their passage.","A remaining obstacle could prevent the promised access.","Original AI-authored short practice item","Draft; not expert-reviewed or psychometrically validated","","30","Design target; not measured with users","false","37"
"R0200","LSAT-style","short_passage_purpose","short_passage_purpose","2","The staircase is unsafe. Close it until repaired. Main purpose?","Defend a recommendation","Explain an apparent puzzle","Report a change without arguing","Qualify an overly broad claim","Distinguish two concepts","A","Defend a recommendation","A safety reason supports an action.","Original AI-authored short practice item","Draft; not expert-reviewed or psychometrically validated","","30","Design target; not measured with users","false","30"
"R0057","LSAT-style","evaluate_argument","evaluate_argument","3","The cafe predicts reusable cups will reduce waste. What is most useful to ask?","Who named the cafe?","Do employees like tea?","Are they fashionable?","Will they replace disposable cups in practice?","Is the menu handwritten?","D","Will they replace disposable cups in practice?","Replacement behaviour determines whether disposables are avoided.","Original AI-authored short practice item","Draft; not expert-reviewed or psychometrically validated","","30","Design target; not measured with users","false","36"
"R0099","LSAT-style","argument_role","argument_role","9","The committee met on Tuesday. Since the evidence is incomplete, postpone judgment. Role of Tuesday?","Main conclusion","Concession","Objection being considered","Background only","Supporting reason","D","Background only","The day does not support the evidential recommendation.","Original AI-authored short practice item","Draft; not expert-reviewed or psychometrically validated","","30","Design target; not measured with users","false","25"
"R0241","Philosophy / critical thinking","relevance_of_objection","relevance_of_objection","5","A says consent matters. B replies, 'Yes, consent is important.' Assess B's response.","Unrelated distraction","Personal criticism with no stated relevance","Relevant concern about source reliability","Relevant objection to the reasoning","Agreement rather than an objection","E","Agreement rather than an objection","B affirms A's position rather than challenging it.","Original AI-authored short practice item","Draft; not expert-reviewed or psychometrically validated","","30","Design target; not measured with users","false","36"
"R0453","Philosophy / critical thinking","personal_identity_criteria","personal_identity_criteria","8","An institution bases recognized identity on its official registration, regardless of philosophical debates. Which criterion is used?","Continuity of memory or psychology","Similarity of appearance alone","Continuity of the body","No identity criterion is specified","Social or legal recognition","E","Social or legal recognition","The criterion is institutional recognition.","Original AI-authored short practice item","Draft; not expert-reviewed or psychometrically validated","","30","Design target; not measured with users","false","39"
"R0178","LSAT-style","premise_vs_inference","premise_vs_inference","7","In 'Lights are on, so somebody may be home,' what is 'somebody may be home'?","Definition","Observation offered as evidence","Question rather than a claim","Recommendation","Inference drawn from evidence","E","Inference drawn from evidence","It is a tentative inference from the lights.","Original AI-authored short practice item","Draft; not expert-reviewed or psychometrically validated","","30","Design target; not measured with users","false","30"
"R0439","Philosophy / critical thinking","thought_experiment_use","thought_experiment_use","5","A survey records how often people keep promises. Unlike an imagined case, what does it try to establish?","Establish how often something happens","Test a principle with a hypothetical case","Report a personal preference only","Replace all need for reasons","Prove a real event occurred","A","Establish how often something happens","A survey of behaviour investigates frequency.","Original AI-authored short practice item","Draft; not expert-reviewed or psychometrically validated","","30","Design target; not measured with users","false","45"
"R0171","LSAT-style","evidence_weight","evidence_weight","9","Claim: The new schedule reduced stress. Evidence: Workload also fell sharply. What does this provide?","Directly supports the claim","Irrelevant to the claim","Directly counts against the claim","Suggests a competing explanation","Only repeats the claim","D","Suggests a competing explanation","Reduced workload is a rival explanation for lower stress.","Original AI-authored short practice item","Draft; not expert-reviewed or psychometrically validated","","30","Design target; not measured with users","false","36"
"R0087","LSAT-style","parallel_reasoning","parallel_reasoning","6","All bronze keys are spare keys. All spare keys are stored. So all bronze keys are stored. Which matches?","No poets write; all writers create; all poets create.","All poets write; all painters create; all poets paint.","All poets write; all writers create; all poets create.","Some poets write; some writers sing; all poets sing.","All poets write; all writers create; all creators are poets.","C","All poets write; all writers create; all poets create.","Both link universal inclusions in the same direction.","Original AI-authored short practice item","Draft; not expert-reviewed or psychometrically validated","","30","Design target; not measured with users","false","65"
"R0406","Philosophy / critical thinking","rights_and_welfare","rights_and_welfare","5","Would publishing these records reveal anyone's identity? What kind of question is this?","Only a factual question is raised","An individual right limits the choice","A compromise protects both interests partly","A value conflict remains unresolved","Total benefit is treated as decisive","A","Only a factual question is raised","It asks about an effect relevant to ethics, not yet the ethical verdict.","Original AI-authored short practice item","Draft; not expert-reviewed or psychometrically validated","","30","Design target; not measured with users","false","42"
"R0265","Philosophy / critical thinking","circularity","circularity","7","The map is reliable because a survey team independently checked its landmarks. What support is offered?","A conclusion is asserted without a reason","Each claim is supported only by the other","The support restates the claim","A counterexample is offered","Independent support is offered","E","Independent support is offered","The independent survey is evidence beyond the map's own claims.","Original AI-authored short practice item","Draft; not expert-reviewed or psychometrically validated","","30","Design target; not measured with users","false","44"
"R0274","Philosophy / critical thinking","meaning_and_ambiguity","meaning_and_ambiguity","5","We should preserve natural things. Does 'natural' mean unmodified, common, or nonhuman-made? Why ask this?","A key word changes meaning","An ambiguous term needs clarification","A factual contradiction is established","A personal preference settles the definition","The same meaning is used consistently","B","An ambiguous term needs clarification","The intended scope depends on the term's meaning.","Original AI-authored short practice item","Draft; not expert-reviewed or psychometrically validated","","30","Design target; not measured with users","false","42"
"R0229","Philosophy / critical thinking","fallacy_detection","fallacy_detection","4","Everyone in my group believes it, so it must be true. Best assessment?","A limited claim is exaggerated","The person is attacked instead of the argument","The conclusion is simply assumed","Popularity replaces evidence","The reasoning supports the conclusion","D","Popularity replaces evidence","Agreement alone does not establish truth.","Original AI-authored short practice item","Draft; not expert-reviewed or psychometrically validated","","30","Design target; not measured with users","false","39"
"R0129","LSAT-style","causal_flaw","causal_flaw","3","I wore a new hat, then my team won. The hat caused the win. Main gap?","Treating a possible cause as the only cause","Reversing a possible causal direction","Overlooking a common cause","Ignoring selection into the group","Confusing sequence with causation","E","Confusing sequence with causation","An event preceding another does not establish causation.","Original AI-authored short practice item","Draft; not expert-reviewed or psychometrically validated","","30","Design target; not measured with users","false","42"
"R0418","Philosophy / critical thinking","responsibility_and_control","responsibility_and_control","6","A sleeping person moves without awareness and pushes a pillow off the bed. Which feature matters?","The facts do not settle control or knowledge","Control is absent in the described act","Control is reduced by a threat","Relevant knowledge is missing","Deliberate informed choice is described","B","Control is absent in the described act","The described movement is not a conscious controlled choice.","Original AI-authored short practice item","Draft; not expert-reviewed or psychometrically validated","","30","Design target; not measured with users","false","46"
"R0062","LSAT-style","evaluate_argument","evaluate_argument","8","A shelter says online photos will increase adoptions. Best question?","Are its signs square?","Does the office have curtains?","What brand are the bowls?","Who painted the fence?","Do prospective adopters use its website?","E","Do prospective adopters use its website?","The audience must encounter the proposed information.","Original AI-authored short practice item","Draft; not expert-reviewed or psychometrically validated","","30","Design target; not measured with users","false","34"
"R0244","Philosophy / critical thinking","relevance_of_objection","relevance_of_objection","8","A philosopher argues about identity. A critic complains about his accent. Assess this.","Relevant objection to the reasoning","Personal criticism with no stated relevance","Agreement rather than an objection","Unrelated distraction","Relevant concern about source reliability","B","Personal criticism with no stated relevance","The accent is not connected to the identity argument.","Original AI-authored short practice item","Draft; not expert-reviewed or psychometrically validated","","30","Design target; not measured with users","false","36"
"R0223","LSAT-style","agreement_and_entailment","agreement_and_entailment","7","A: The claim lacks proof. B: It is unproven. Claim: The claim has been proved.","Only one takes a position on it","Neither takes a position on it","They explicitly disagree about it","Both speakers explicitly reject it","Both speakers explicitly accept it","D","Both speakers explicitly reject it","Both deny the stated proof status.","Original AI-authored short practice item","Draft; not expert-reviewed or psychometrically validated","","30","Design target; not measured with users","false","43"
"R0349","Philosophy / critical thinking","fact_value_distinction","fact_value_distinction","3","You should return the borrowed book. What kind of claim is this?","A definition for this discussion","A descriptive premise alone does not establish an obligation","A descriptive claim","A value judgment","A recommendation","E","A recommendation","The sentence recommends an action as something to do.","Original AI-authored short practice item","Draft; not expert-reviewed or psychometrically validated","","30","Design target; not measured with users","false","34"
"R0294","Philosophy / critical thinking","consistency","consistency","3","I disliked the policy last year; I support it now. What is shown?","The claims contradict each other","There is too little information about the wording","The claims can both be true","The speakers use different definitions","Only a change over time is described","E","Only a change over time is described","Different attitudes at different times need not conflict.","Original AI-authored short practice item","Draft; not expert-reviewed or psychometrically validated","","30","Design target; not measured with users","false","44"
"R0179","LSAT-style","premise_vs_inference","premise_vs_inference","8","In 'By recyclable, we mean accepted by this collection service,' what is being supplied?","Inference drawn from evidence","Definition","Observation offered as evidence","Recommendation","Question rather than a claim","B","Definition","It stipulates a context-specific meaning.","Original AI-authored short practice item","Draft; not expert-reviewed or psychometrically validated","","30","Design target; not measured with users","false","29"
"R0123","LSAT-style","quantifier_inference","quantifier_inference","6","All guests arrived. A guest did not arrive. Assess the premises.","At least some, but not necessarily all","None of the first group","The premises are inconsistent","All members of the first group","Cannot tell whether any","C","The premises are inconsistent","A guest is simultaneously included in and excluded from arrival.","Original AI-authored short practice item","Draft; not expert-reviewed or psychometrically validated","","30","Design target; not measured with users","false","37"
"R0317","Philosophy / critical thinking","burden_of_support","burden_of_support","4","My theory must be true until someone finds an error. What is missing?","The claimant still needs supporting reasons","The claim has been independently supported","The critic has disproved the claim","The evidence directly refutes the universal claim","Both sides are proved correct","A","The claimant still needs supporting reasons","The theory needs affirmative support, not just absence of criticism.","Original AI-authored short practice item","Draft; not expert-reviewed or psychometrically validated","","30","Design target; not measured with users","false","43"
"R0334","Philosophy / critical thinking","testability","testability","10","Should promises survive a major change in circumstances? What kind of question is this?","It states a definition","It expresses a preference","An observation could count against it","It asks a moral question","It is protected against every possible outcome","D","It asks a moral question","It concerns the force of an obligation.","Original AI-authored short practice item","Draft; not expert-reviewed or psychometrically validated","","30","Design target; not measured with users","false","40"
"R0116","LSAT-style","conditional_inference","conditional_inference","8","If an order is urgent, it ships today. This order is urgent and will not ship today. Assess these premises.","No factual claim is made","Must be false","Could be true or false","Premises contradict each other","Must be true","D","Premises contradict each other","The particular facts violate the stated conditional rule.","Original AI-authored short practice item","Draft; not expert-reviewed or psychometrically validated","","30","Design target; not measured with users","false","40"
"R0440","Philosophy / critical thinking","thought_experiment_use","thought_experiment_use","6","A recording is used to establish that an apology actually occurred. What is it used to do?","Establish how often something happens","Report a personal preference only","Prove a real event occurred","Test a principle with a hypothetical case","Replace all need for reasons","C","Prove a real event occurred","It provides evidence for an event rather than merely imagining it.","Original AI-authored short practice item","Draft; not expert-reviewed or psychometrically validated","","30","Design target; not measured with users","false","44"
"R0228","Philosophy / critical thinking","fallacy_detection","fallacy_detection","3","This belief is correct because it is true, and it is true because it is correct. Best assessment?","Popularity replaces evidence","The reasoning supports the conclusion","A limited claim is exaggerated","The conclusion is simply assumed","The person is attacked instead of the argument","D","The conclusion is simply assumed","The support repeats the same claim without independent grounds.","Original AI-authored short practice item","Draft; not expert-reviewed or psychometrically validated","","30","Design target; not measured with users","false","44"
"R0454","Philosophy / critical thinking","personal_identity_criteria","personal_identity_criteria","9","They wear matching clothes and have similar faces, therefore they are one person. What basis is used?","Continuity of the body","Social or legal recognition","Continuity of memory or psychology","Similarity of appearance alone","No identity criterion is specified","D","Similarity of appearance alone","Superficial similarity is offered in place of continuity.","Original AI-authored short practice item","Draft; not expert-reviewed or psychometrically validated","","30","Design target; not measured with users","false","39"
"R0427","Philosophy / critical thinking","charitable_interpretation","charitable_interpretation","4","I think your reasons fail, but I will say you are right just to end this. What approach is used?","Interpret the strongest reasonable version","Agree merely to avoid discussion","Ask what the ambiguous claim means","Replace the view with an extreme version","Attack the speaker instead of the idea","B","Agree merely to avoid discussion","The response avoids rather than evaluates disagreement.","Original AI-authored short practice item","Draft; not expert-reviewed or psychometrically validated","","30","Design target; not measured with users","false","50"
"R0474","Philosophy / critical thinking","conceptual_definition_tests","conceptual_definition_tests","7","Define consent as voluntary agreement. No agreement of any kind occurs. Assessment?","More information is needed","The example fits the stated definition","The example fails a necessary condition","The definition is too broad for the proposed use","The definition is too narrow for the proposed use","C","The example fails a necessary condition","A necessary feature is missing.","Original AI-authored short practice item","Draft; not expert-reviewed or psychometrically validated","","30","Design target; not measured with users","false","46"
"R0495","Philosophy / critical thinking","responding_to_objections","responding_to_objections","6","You define freedom as no interference. A critic asks about internal compulsion. Best response?","Discuss unrelated laws.","Call the critic unfriendly.","Clarify whether your account includes that constraint.","Say free things are cheap.","Repeat the word freedom.","C","Clarify whether your account includes that constraint.","The objection challenges the definition's scope.","Original AI-authored short practice item","Draft; not expert-reviewed or psychometrically validated","","30","Design target; not measured with users","false","37"
"R0106","LSAT-style","method_of_reasoning","method_of_reasoning","7","Not all brave acts are loud: quietly reporting abuse can be brave. Method?","Explaining an observation","Comparing similar cases","Applying a general rule","Eliminating alternatives","Offering a counterexample","E","Offering a counterexample","A quiet brave act refutes the proposed universal connection.","Original AI-authored short practice item","Draft; not expert-reviewed or psychometrically validated","","30","Design target; not measured with users","false","28"
"R0128","LSAT-style","causal_flaw","causal_flaw","2","Hot days bring more ice cream sales and sunburn. Ice cream must cause sunburn. Main gap?","Confusing sequence with causation","Reversing a possible causal direction","Overlooking a common cause","Ignoring selection into the group","Treating a possible cause as the only cause","C","Overlooking a common cause","Heat and sun exposure may account for both observations.","Original AI-authored short practice item","Draft; not expert-reviewed or psychometrically validated","","30","Design target; not measured with users","false","42"
"R0110","LSAT-style","conditional_inference","conditional_inference","2","If a file is sealed, it cannot be edited. This file can be edited. Claim: It is sealed.","No factual claim is made","Must be false","Must be true","Could be true or false","Premises contradict each other","B","Must be false","Sealing would rule out the observed ability to edit.","Original AI-authored short practice item","Draft; not expert-reviewed or psychometrically validated","","30","Design target; not measured with users","false","38"
"R0478","Philosophy / critical thinking","conceptual_definition_tests","conceptual_definition_tests","11","Define cooperation as people intentionally working together toward a shared goal. A team does exactly this. Assessment?","The example fits the stated definition","More information is needed","The example fails a necessary condition","The definition is too narrow for the proposed use","The definition is too broad for the proposed use","A","The example fits the stated definition","The case meets every part of the working definition.","Original AI-authored short practice item","Draft; not expert-reviewed or psychometrically validated","","30","Design target; not measured with users","false","51"
"R0081","LSAT-style","sufficient_assumption","sufficient_assumption","9","Every sealed jar stays on the shelf. This jar has a lid. Which rule guarantees it stays?","Shelves hold jars.","All sealed jars have lids.","This jar is clear.","Some lidded jars are sealed.","All lidded jars are sealed.","E","All lidded jars are sealed.","The added rule supplies sealing for this lidded jar.","Original AI-authored short practice item","Draft; not expert-reviewed or psychometrically validated","","30","Design target; not measured with users","false","39"
"R0090","LSAT-style","parallel_reasoning","parallel_reasoning","9","No silent alarms make sound. This alarm makes sound, so it is not silent. Which matches?","No envelopes are open; no envelopes exist.","No sealed envelopes are open; this is open; it is not sealed.","No sealed envelopes are open; this is unsealed; it is open.","Some envelopes are open; all are unsealed.","All sealed envelopes are closed; this is closed; it is sealed.","B","No sealed envelopes are open; this is open; it is not sealed.","Both rule out a category from an incompatible observed property.","Original AI-authored short practice item","Draft; not expert-reviewed or psychometrically validated","","30","Design target; not measured with users","false","64"
"R0320","Philosophy / critical thinking","burden_of_support","burden_of_support","7","She claims the bell rang; an independent recording confirms it. What has happened?","The critic has disproved the claim","The claim has been independently supported","The claimant still needs supporting reasons","The evidence directly refutes the universal claim","Both sides are proved correct","B","The claim has been independently supported","Independent evidence supports the event claim.","Original AI-authored short practice item","Draft; not expert-reviewed or psychometrically validated","","30","Design target; not measured with users","false","43"
"R0105","LSAT-style","method_of_reasoning","method_of_reasoning","6","No food is allowed in the gallery. This sandwich is food, so take it outside. Method?","Offering a counterexample","Applying a general rule","Eliminating alternatives","Comparing similar cases","Explaining an observation","B","Applying a general rule","A general restriction is applied to a particular item.","Original AI-authored short practice item","Draft; not expert-reviewed or psychometrically validated","","30","Design target; not measured with users","false","31"
"R0184","LSAT-style","assumption_repair","assumption_repair","4","Challenged about a product test, a seller insults the critic's appearance. What strategy is this?","Repeat the conclusion more strongly","Add an unrelated fact","Attack the critic personally","Change the subject","Add evidence for the missing link","C","Attack the critic personally","The seller targets the person instead of the test objection.","Original AI-authored short practice item","Draft; not expert-reviewed or psychometrically validated","","30","Design target; not measured with users","false","37"
"R0467","Philosophy / critical thinking","freedom_under_stated_definitions","freedom_under_stated_definitions","11","Under a definition requiring informed choice, someone is deliberately deceived about what they are choosing. Assessment?","A moral verdict does not follow just from freedom","The definition changes mid-argument","The definition needs information not supplied","Not free under the stipulated definition","Free under the stipulated definition","D","Not free under the stipulated definition","The information requirement is not met as described.","Original AI-authored short practice item","Draft; not expert-reviewed or psychometrically validated","","30","Design target; not measured with users","false","46"
"R0067","LSAT-style","counterexample","counterexample","4","Claim: All useful inventions were planned. Counterexample?","An old invention.","An unused planned device.","A useful invention discovered accidentally.","A popular inventor.","A planned useful tool.","C","A useful invention discovered accidentally.","The case is useful but not planned.","Original AI-authored short practice item","Draft; not expert-reviewed or psychometrically validated","","30","Design target; not measured with users","false","26"
"R0121","LSAT-style","quantifier_inference","quantifier_inference","4","All lanterns are lit. Does this establish that any lantern exists?","The premises are inconsistent","All members of the first group","At least some, but not necessarily all","None of the first group","Cannot tell whether any","E","Cannot tell whether any","A universal rule alone need not establish an instance.","Original AI-authored short practice item","Draft; not expert-reviewed or psychometrically validated","","30","Design target; not measured with users","false","37"
"R0374","Philosophy / critical thinking","intentions_and_outcomes","intentions_and_outcomes","6","A teacher intends fairness but chooses a rule that disadvantages a pupil. What does this illustrate?","Good intention does not guarantee a good outcome","Bad outcome does not prove bad intention","The same outcome can arise from different intentions","Intention and outcome are both unspecified","The same intention can produce different outcomes","A","Good intention does not guarantee a good outcome","An intended value is not automatically realized by the chosen action.","Original AI-authored short practice item","Draft; not expert-reviewed or psychometrically validated","","30","Design target; not measured with users","false","52"
"R0342","Philosophy / critical thinking","epistemic_humility","epistemic_humility","7","Two reliable reports conflict. What is the best initial approach?","Treat uncertainty as proof of falsehood","Treat confidence as proof of truth","Keep the belief regardless of all evidence","Revise confidence in light of relevant evidence","Accept whichever view is more popular","D","Revise confidence in light of relevant evidence","Investigate the conflict and adjust confidence rather than force certainty.","Original AI-authored short practice item","Draft; not expert-reviewed or psychometrically validated","","30","Design target; not measured with users","false","42"
"R0017","LSAT-style","necessary_assumption","necessary_assumption","8","Hiring a driver will let Jo reach work while unable to drive. Necessary assumption?","All jobs require driving.","The driver lives nearby.","Jo can travel as a passenger.","Jo owns several cars.","Jo dislikes buses.","C","Jo can travel as a passenger.","A driver solves inability to drive, not inability to travel at all.","Original AI-authored short practice item","Draft; not expert-reviewed or psychometrically validated","","30","Design target; not measured with users","false","35"
"R0126","LSAT-style","quantifier_inference","quantifier_inference","9","Every dragon in the story breathes fire. Does the sentence alone establish a dragon appears?","None of the first group","The premises are inconsistent","All members of the first group","Cannot tell whether any","At least some, but not necessarily all","D","Cannot tell whether any","The universal statement does not assert existence.","Original AI-authored short practice item","Draft; not expert-reviewed or psychometrically validated","","30","Design target; not measured with users","false","41"
"R0339","Philosophy / critical thinking","epistemic_humility","epistemic_humility","4","We are unsure whether the claim is true, so it is false. What move is this?","Keep the belief regardless of all evidence","Treat confidence as proof of truth","Revise confidence in light of relevant evidence","Accept whichever view is more popular","Treat uncertainty as proof of falsehood","E","Treat uncertainty as proof of falsehood","Lack of certainty does not establish falsity.","Original AI-authored short practice item","Draft; not expert-reviewed or psychometrically validated","","30","Design target; not measured with users","false","48"
"R0426","Philosophy / critical thinking","charitable_interpretation","charitable_interpretation","3","A speaker says freedom matters, but its meaning is unclear. Best first move?","Ask what the ambiguous claim means","Replace the view with an extreme version","Agree merely to avoid discussion","Attack the speaker instead of the idea","Interpret the strongest reasonable version","A","Ask what the ambiguous claim means","Clarification prevents debating different concepts accidentally.","Original AI-authored short practice item","Draft; not expert-reviewed or psychometrically validated","","30","Design target; not measured with users","false","43"
"R0136","LSAT-style","sampling_flaw","sampling_flaw","1","A hotel asks only guests who left praise whether service is good. Main sampling issue?","One unusual case is overgeneralized","Only dissatisfied people were sampled","The sample excludes relevant people","No sampling flaw is specified","Only satisfied people were sampled","E","Only satisfied people were sampled","Selection already favours positive experiences.","Original AI-authored short practice item","Draft; not expert-reviewed or psychometrically validated","","30","Design target; not measured with users","false","40"
"R0133","LSAT-style","causal_flaw","causal_flaw","7","Stormy weather brings fallen branches and power cuts. Fallen branches must explain every cut. Main gap?","Confusing sequence with causation","Overlooking a common cause","Treating a possible cause as the only cause","Reversing a possible causal direction","Ignoring selection into the group","C","Treating a possible cause as the only cause","Other storm-related causes are not ruled out for every cut.","Original AI-authored short practice item","Draft; not expert-reviewed or psychometrically validated","","30","Design target; not measured with users","false","42"
"R0272","Philosophy / critical thinking","meaning_and_ambiguity","meaning_and_ambiguity","3","Here, 'guest' means non-member. Lee is a non-member, so Lee is a guest. Assessment?","A key word changes meaning","An ambiguous term needs clarification","A factual contradiction is established","The same meaning is used consistently","A personal preference settles the definition","D","The same meaning is used consistently","The stipulated meaning is applied consistently.","Original AI-authored short practice item","Draft; not expert-reviewed or psychometrically validated","","30","Design target; not measured with users","false","41"
"R0097","LSAT-style","argument_role","argument_role","7","This route is longer, I admit, but it is safer. We should use it. Role of 'this route is longer'?","Concession","Supporting reason","Objection being considered","Main conclusion","Background only","A","Concession","It acknowledges a consideration against the preferred route.","Original AI-authored short practice item","Draft; not expert-reviewed or psychometrically validated","","30","Design target; not measured with users","false","30"
"R0154","LSAT-style","argument_flaw_plain_language","argument_flaw_plain_language","1","Ignore her transport argument; she dresses badly. What goes wrong?","Attacking the person instead of the reason","Assuming the conclusion in the support","Changing the meaning of a key word","Presenting too few alternatives","Misrepresenting the opposing view","A","Attacking the person instead of the reason","Clothing does not address the transport reasons.","Original AI-authored short practice item","Draft; not expert-reviewed or psychometrically validated","","30","Design target; not measured with users","false","38"
"R0330","Philosophy / critical thinking","testability","testability","6","Every seed in this batch will sprout under these stated conditions. Testable in principle?","It is protected against every possible outcome","It asks a moral question","An observation could count against it","It states a definition","It expresses a preference","C","An observation could count against it","A seed failing under those conditions would challenge the claim.","Original AI-authored short practice item","Draft; not expert-reviewed or psychometrically validated","","30","Design target; not measured with users","false","40"
"R0444","Philosophy / critical thinking","thought_experiment_use","thought_experiment_use","10","Someone says 'My imaginary story settles every moral question; no reasons are needed.' What move is this?","Replace all need for reasons","Report a personal preference only","Prove a real event occurred","Test a principle with a hypothetical case","Establish how often something happens","A","Replace all need for reasons","The speaker wrongly substitutes the story itself for all justification.","Original AI-authored short practice item","Draft; not expert-reviewed or psychometrically validated","","30","Design target; not measured with users","false","44"
"R0322","Philosophy / critical thinking","burden_of_support","burden_of_support","9","Every page is blank. An inspected page contains writing. What has happened?","The evidence directly refutes the universal claim","The claimant still needs supporting reasons","The critic has disproved the claim","Both sides are proved correct","The claim has been independently supported","A","The evidence directly refutes the universal claim","A written page defeats the all-blank claim.","Original AI-authored short practice item","Draft; not expert-reviewed or psychometrically validated","","30","Design target; not measured with users","false","42"
"R0217","LSAT-style","agreement_and_entailment","agreement_and_entailment","1","A: The plan is costly but useful. B: It is useful and affordable. Claim: The plan is useful.","Neither takes a position on it","They explicitly disagree about it","Both speakers explicitly reject it","Only one takes a position on it","Both speakers explicitly accept it","E","Both speakers explicitly accept it","Both explicitly call it useful.","Original AI-authored short practice item","Draft; not expert-reviewed or psychometrically validated","","30","Design target; not measured with users","false","46"
"R0054","LSAT-style","point_of_disagreement","point_of_disagreement","9","Paz: The evidence proves guilt. Quin: It raises suspicion but proves nothing. Disagreement?","Whether guilt is possible.","Who gathered the evidence.","Whether evidence exists.","Whether the evidence proves guilt.","Whether suspicion is unpleasant.","D","Whether the evidence proves guilt.","Both can accept suspicion while disagreeing about proof.","Original AI-authored short practice item","Draft; not expert-reviewed or psychometrically validated","","30","Design target; not measured with users","false","33"
"R0250","Philosophy / critical thinking","false_choices","false_choices","3","Either every tradition is perfect or every tradition is worthless. Best diagnosis?","The response attacks a person","A reasonable third possibility is excluded","The alternatives are genuinely exhaustive as stated","A word changes meaning","The conclusion merely repeats its premise","B","A reasonable third possibility is excluded","Different traditions can deserve different assessments.","Original AI-authored short practice item","Draft; not expert-reviewed or psychometrically validated","","30","Design target; not measured with users","false","40"
"R0205","LSAT-style","short_passage_purpose","short_passage_purpose","7","The path is blocked, so use the signed detour. Main purpose?","Qualify an overly broad claim","Distinguish two concepts","Explain an apparent puzzle","Report a change without arguing","Defend a recommendation","E","Defend a recommendation","The blocked route supports taking another one.","Original AI-authored short practice item","Draft; not expert-reviewed or psychometrically validated","","30","Design target; not measured with users","false","31"
"R0422","Philosophy / critical thinking","responsibility_and_control","responsibility_and_control","10","A window is damaged, but no actor is identified. What can we conclude about control?","Deliberate informed choice is described","The facts do not settle control or knowledge","Control is reduced by a threat","Relevant knowledge is missing","Control is absent in the described act","B","The facts do not settle control or knowledge","The event alone supplies no account of who controlled it.","Original AI-authored short practice item","Draft; not expert-reviewed or psychometrically validated","","30","Design target; not measured with users","false","45"
"R0187","LSAT-style","assumption_repair","assumption_repair","7","Asked whether a proposal is affordable, a speaker notes the meeting room's wallpaper. What is added?","Add evidence for the missing link","Change the subject","Repeat the conclusion more strongly","Attack the critic personally","Add an unrelated fact","E","Add an unrelated fact","The wallpaper fact does not address affordability.","Original AI-authored short practice item","Draft; not expert-reviewed or psychometrically validated","","30","Design target; not measured with users","false","38"
"R0366","Philosophy / critical thinking","ethical_principle_application","ethical_principle_application","9","Rule: Correct your publicly shared factual errors. You discover such an error. Under the rule, correction is what?","Permitted but not required","Forbidden by the stated rule","Required by the stated rule","The stated facts are inconsistent","The rule alone does not settle it","C","Required by the stated rule","The discovered public error triggers the requirement.","Original AI-authored short practice item","Draft; not expert-reviewed or psychometrically validated","","30","Design target; not measured with users","false","44"
"R0219","LSAT-style","agreement_and_entailment","agreement_and_entailment","3","A: The test is fair. B: The test is unfair. Claim: The test is fair.","They explicitly disagree about it","Only one takes a position on it","Both speakers explicitly accept it","Both speakers explicitly reject it","Neither takes a position on it","A","They explicitly disagree about it","Their expressed evaluations directly conflict.","Original AI-authored short practice item","Draft; not expert-reviewed or psychometrically validated","","30","Design target; not measured with users","false","43"
"R0353","Philosophy / critical thinking","fact_value_distinction","fact_value_distinction","7","This distribution is unfair. What kind of claim is this?","A definition for this discussion","A descriptive premise alone does not establish an obligation","A value judgment","A descriptive claim","A recommendation","C","A value judgment","It evaluates the distribution using a normative standard.","Original AI-authored short practice item","Draft; not expert-reviewed or psychometrically validated","","30","Design target; not measured with users","false","32"
"R0460","Philosophy / critical thinking","freedom_under_stated_definitions","freedom_under_stated_definitions","4","A speaker first defines free as uncoerced, then concludes an act is free because it costs nothing. Main issue?","The definition needs information not supplied","A moral verdict does not follow just from freedom","Free under the stipulated definition","Not free under the stipulated definition","The definition changes mid-argument","E","The definition changes mid-argument","Free changes from voluntary to without financial cost.","Original AI-authored short practice item","Draft; not expert-reviewed or psychometrically validated","","30","Design target; not measured with users","false","49"
"R0245","Philosophy / critical thinking","relevance_of_objection","relevance_of_objection","9","A says memory can be mistaken. B replies, 'Indeed, recollections can be wrong.' Assess this.","Agreement rather than an objection","Relevant objection to the reasoning","Relevant concern about source reliability","Personal criticism with no stated relevance","Unrelated distraction","A","Agreement rather than an objection","B restates agreement.","Original AI-authored short practice item","Draft; not expert-reviewed or psychometrically validated","","30","Design target; not measured with users","false","38"
"R0204","LSAT-style","short_passage_purpose","short_passage_purpose","6","Speed helps on some tasks, but rushing can undermine careful judgment. Main purpose?","Defend a recommendation","Report a change without arguing","Qualify an overly broad claim","Explain an apparent puzzle","Distinguish two concepts","C","Qualify an overly broad claim","It limits the claim that speed is invariably beneficial.","Original AI-authored short practice item","Draft; not expert-reviewed or psychometrically validated","","30","Design target; not measured with users","false","33"
"R0376","Philosophy / critical thinking","intentions_and_outcomes","intentions_and_outcomes","8","One person tells the truth from honesty, another to hurt someone. Both state the same fact. What does this show?","Bad outcome does not prove bad intention","The same intention can produce different outcomes","Intention and outcome are both unspecified","Good intention does not guarantee a good outcome","The same outcome can arise from different intentions","E","The same outcome can arise from different intentions","The same truthful outcome can have different motives.","Original AI-authored short practice item","Draft; not expert-reviewed or psychometrically validated","","30","Design target; not measured with users","false","56"
"R0189","LSAT-style","assumption_repair","assumption_repair","9","An author replies to missing evidence with 'My conclusion is definitely, unquestionably correct.' Strategy?","Add an unrelated fact","Repeat the conclusion more strongly","Attack the critic personally","Add evidence for the missing link","Change the subject","B","Repeat the conclusion more strongly","The answer increases confidence language, not evidential support.","Original AI-authored short practice item","Draft; not expert-reviewed or psychometrically validated","","30","Design target; not measured with users","false","36"
"R0352","Philosophy / critical thinking","fact_value_distinction","fact_value_distinction","6","This community holds meetings outdoors. What kind of claim is this?","A definition for this discussion","A recommendation","A descriptive premise alone does not establish an obligation","A descriptive claim","A value judgment","D","A descriptive claim","It reports a practice.","Original AI-authored short practice item","Draft; not expert-reviewed or psychometrically validated","","30","Design target; not measured with users","false","33"
"R0295","Philosophy / critical thinking","consistency","consistency","4","One speaker calls freedom 'absence of laws'; another means 'absence of coercion.' Why may their claims diverge?","The claims contradict each other","Only a change over time is described","The speakers use different definitions","The claims can both be true","There is too little information about the wording","C","The speakers use different definitions","They are using different concepts under one label.","Original AI-authored short practice item","Draft; not expert-reviewed or psychometrically validated","","30","Design target; not measured with users","false","48"
"R0027","LSAT-style","strengthen","strengthen","9","A cyclist suspects a loose brake cable causes delayed braking. Which supports this?","The helmet is new.","Securing that cable restores prompt braking.","The tyres have a brand name.","The bicycle is red.","The route is scenic.","B","Securing that cable restores prompt braking.","Correcting the suspected defect removes the symptom.","Original AI-authored short practice item","Draft; not expert-reviewed or psychometrically validated","","30","Design target; not measured with users","false","37"
"R0255","Philosophy / critical thinking","false_choices","false_choices","8","Either obey blindly or reject every rule. Best diagnosis?","The alternatives are genuinely exhaustive as stated","A reasonable third possibility is excluded","The response attacks a person","A word changes meaning","The conclusion merely repeats its premise","B","A reasonable third possibility is excluded","Reasoned acceptance of some rules is omitted.","Original AI-authored short practice item","Draft; not expert-reviewed or psychometrically validated","","30","Design target; not measured with users","false","37"
"R0125","LSAT-style","quantifier_inference","quantifier_inference","8","Some musicians here swim. All swimmers here have lockers. How many musicians here have lockers?","At least some, but not necessarily all","None of the first group","All members of the first group","Cannot tell whether any","The premises are inconsistent","A","At least some, but not necessarily all","The swimming musicians have lockers, with no claim about the rest.","Original AI-authored short practice item","Draft; not expert-reviewed or psychometrically validated","","30","Design target; not measured with users","false","41"
"R0170","LSAT-style","evidence_weight","evidence_weight","8","Claim: The recipe tastes good. Evidence: The page number is odd. Effect?","Suggests a competing explanation","Directly supports the claim","Irrelevant to the claim","Directly counts against the claim","Only repeats the claim","C","Irrelevant to the claim","Pagination does not establish taste.","Original AI-authored short practice item","Draft; not expert-reviewed or psychometrically validated","","30","Design target; not measured with users","false","33"
"R0162","LSAT-style","argument_flaw_plain_language","argument_flaw_plain_language","9","She suggests revising one rule; he replies that abolishing all rules would be chaos. What goes wrong?","Misrepresenting the opposing view","Presenting too few alternatives","Attacking the person instead of the reason","Assuming the conclusion in the support","Changing the meaning of a key word","A","Misrepresenting the opposing view","He attacks a much broader proposal than hers.","Original AI-authored short practice item","Draft; not expert-reviewed or psychometrically validated","","30","Design target; not measured with users","false","45"
"R0177","LSAT-style","premise_vs_inference","premise_vs_inference","6","In 'The bell rang; the session must have ended,' what is 'The bell rang'?","Question rather than a claim","Definition","Inference drawn from evidence","Recommendation","Observation offered as evidence","E","Observation offered as evidence","It is evidence from which an ending is inferred.","Original AI-authored short practice item","Draft; not expert-reviewed or psychometrically validated","","30","Design target; not measured with users","false","29"
"R0035","LSAT-style","weaken","weaken","8","Our training prevents mistakes because graduates make few. Which weakens this?","The training has a name.","Applicants already had to demonstrate near-perfect work.","Graduates received certificates.","The course uses slides.","Mistakes matter.","B","Applicants already had to demonstrate near-perfect work.","Selection for existing skill can explain graduates' performance.","Original AI-authored short practice item","Draft; not expert-reviewed or psychometrically validated","","30","Design target; not measured with users","false","32"
"R0061","LSAT-style","evaluate_argument","evaluate_argument","7","A store plans brighter lights to reduce picking errors. Best question?","Do shoppers like music?","Does the manager wear glasses?","Who owns the car park?","Are current errors caused by poor visibility?","What colour is the invoice?","D","Are current errors caused by poor visibility?","The intervention must address a source of the errors.","Original AI-authored short practice item","Draft; not expert-reviewed or psychometrically validated","","30","Design target; not measured with users","false","37"
"R0102","LSAT-style","method_of_reasoning","method_of_reasoning","3","The noise comes from the fan or pump. The pump is off, so it comes from the fan. Method?","Applying a general rule","Eliminating alternatives","Explaining an observation","Comparing similar cases","Offering a counterexample","B","Eliminating alternatives","One of the stated possible sources is ruled out.","Original AI-authored short practice item","Draft; not expert-reviewed or psychometrically validated","","30","Design target; not measured with users","false","34"
"R0432","Philosophy / critical thinking","charitable_interpretation","charitable_interpretation","9","I will endorse your view without checking it because disagreement feels awkward. What approach is used?","Interpret the strongest reasonable version","Replace the view with an extreme version","Ask what the ambiguous claim means","Agree merely to avoid discussion","Attack the speaker instead of the idea","D","Agree merely to avoid discussion","Social comfort substitutes for evaluation.","Original AI-authored short practice item","Draft; not expert-reviewed or psychometrically validated","","30","Design target; not measured with users","false","46"
"R0254","Philosophy / critical thinking","false_choices","false_choices","7","The box is empty or contains at least one item. Assume ordinary meanings. Best assessment?","A reasonable third possibility is excluded","The response attacks a person","The alternatives are genuinely exhaustive as stated","A word changes meaning","The conclusion merely repeats its premise","C","The alternatives are genuinely exhaustive as stated","These alternatives exhaust the presence or absence of contents.","Original AI-authored short practice item","Draft; not expert-reviewed or psychometrically validated","","30","Design target; not measured with users","false","43"
"R0470","Philosophy / critical thinking","conceptual_definition_tests","conceptual_definition_tests","3","A proposed definition calls every movement an intentional action, including involuntary reflexes. Main problem for distinguishing intentions?","The definition is too broad for the proposed use","The example fits the stated definition","More information is needed","The example fails a necessary condition","The definition is too narrow for the proposed use","A","The definition is too broad for the proposed use","The definition includes movements without intention.","Original AI-authored short practice item","Draft; not expert-reviewed or psychometrically validated","","30","Design target; not measured with users","false","51"
"R0135","LSAT-style","causal_flaw","causal_flaw","9","Voluntary book-club members read more, so the club caused all their extra reading. Main gap?","Treating a possible cause as the only cause","Overlooking a common cause","Ignoring selection into the group","Reversing a possible causal direction","Confusing sequence with causation","C","Ignoring selection into the group","Already-keen readers may be more likely to join.","Original AI-authored short practice item","Draft; not expert-reviewed or psychometrically validated","","30","Design target; not measured with users","false","41"
"R0350","Philosophy / critical thinking","fact_value_distinction","fact_value_distinction","4","Here, fairness means giving equal consideration to equal needs. What kind of claim is this?","A descriptive premise alone does not establish an obligation","A recommendation","A value judgment","A definition for this discussion","A descriptive claim","D","A definition for this discussion","It fixes a working meaning rather than reports universal agreement.","Original AI-authored short practice item","Draft; not expert-reviewed or psychometrically validated","","30","Design target; not measured with users","false","37"
"R0315","Philosophy / critical thinking","burden_of_support","burden_of_support","2","Every resident agrees. A verified resident explicitly disagrees. What has happened?","The critic has disproved the claim","The claimant still needs supporting reasons","The evidence directly refutes the universal claim","The claim has been independently supported","Both sides are proved correct","C","The evidence directly refutes the universal claim","One genuine dissenter refutes unanimity.","Original AI-authored short practice item","Draft; not expert-reviewed or psychometrically validated","","30","Design target; not measured with users","false","41"
"R0421","Philosophy / critical thinking","responsibility_and_control","responsibility_and_control","9","A participant freely chooses a known prohibited action with no pressure. Which feature is described?","Control is absent in the described act","Deliberate informed choice is described","Relevant knowledge is missing","The facts do not settle control or knowledge","Control is reduced by a threat","B","Deliberate informed choice is described","The scenario supplies an informed voluntary choice, though a moral verdict may need more.","Original AI-authored short practice item","Draft; not expert-reviewed or psychometrically validated","","30","Design target; not measured with users","false","45"
"R0281","Philosophy / critical thinking","philosophical_counterexample","philosophical_counterexample","1","Claim: Every morally good act is pleasant for its agent. Best counterexample?","Enjoying a gift.","A painful rescue performed for another's sake.","Sleeping comfortably.","Buying a favourite meal.","Hurting someone for fun.","B","A painful rescue performed for another's sake.","A good but painful act challenges the necessary link to pleasure.","Original AI-authored short practice item","Draft; not expert-reviewed or psychometrically validated","","30","Design target; not measured with users","false","32"
"R0195","LSAT-style","plan_vulnerability","plan_vulnerability","6","A school offers audio-only instructions to pupils who cannot hear them. Main weakness?","The plan addresses the wrong cause","The plan does not reach the target group","The plan removes a needed resource","People can bypass the plan","The outcome measure can be misleading","B","The plan does not reach the target group","The chosen channel is inaccessible to the target audience.","Original AI-authored short practice item","Draft; not expert-reviewed or psychometrically validated","","30","Design target; not measured with users","false","44"
"R0145","LSAT-style","scope_shift","scope_shift","1","Some volunteers prefer evenings, so every volunteer prefers evenings. What shift occurs?","Possible becomes certain","One part becomes the whole","Some becomes all","Local becomes universal","Past becomes permanent","C","Some becomes all","A partial claim is turned into a universal one.","Original AI-authored short practice item","Draft; not expert-reviewed or psychometrically validated","","30","Design target; not measured with users","false","29"
"R0146","LSAT-style","scope_shift","scope_shift","2","The repair might work, so it will work. What shift occurs?","One part becomes the whole","Possible becomes certain","Some becomes all","Past becomes permanent","Local becomes universal","B","Possible becomes certain","A possibility is promoted to certainty.","Original AI-authored short practice item","Draft; not expert-reviewed or psychometrically validated","","30","Design target; not measured with users","false","28"
"R0212","LSAT-style","parallel_flaw","parallel_flaw","5","Every instrument sounds good alone, so the orchestra must sound good together. Which general flaw appears?","Generalizes from one case","Treats lack of disproof as proof","Reverses an if-then rule","Assumes parts guarantee the whole","Infers truth from popularity","D","Assumes parts guarantee the whole","Individual quality does not guarantee coordinated quality.","Original AI-authored short practice item","Draft; not expert-reviewed or psychometrically validated","","30","Design target; not measured with users","false","39"
"R0277","Philosophy / critical thinking","meaning_and_ambiguity","meaning_and_ambiguity","8","She says everyone should be free. Does she mean free from cost or free from coercion? What is at issue?","The same meaning is used consistently","A personal preference settles the definition","A factual contradiction is established","A key word changes meaning","An ambiguous term needs clarification","E","An ambiguous term needs clarification","The sentence allows different meanings with different implications.","Original AI-authored short practice item","Draft; not expert-reviewed or psychometrically validated","","30","Design target; not measured with users","false","47"
"R0462","Philosophy / critical thinking","freedom_under_stated_definitions","freedom_under_stated_definitions","6","Define free action as action without external compulsion. The actor is physically forced to move. Assessment?","Free under the stipulated definition","Not free under the stipulated definition","A moral verdict does not follow just from freedom","The definition needs information not supplied","The definition changes mid-argument","B","Not free under the stipulated definition","The scenario explicitly supplies external compulsion.","Original AI-authored short practice item","Draft; not expert-reviewed or psychometrically validated","","30","Design target; not measured with users","false","46"
"R0501","Mental math","addition","math_addition","1","What is 18 + 7?","25","27","26","24","23","A","25","Add 2 to reach 20, then add the remaining 5.","Original AI-authored short practice item","Draft; not expert-reviewed or psychometrically validated","","30","Design target; not measured with users","false","10"
"R0502","Mental math","subtraction","math_subtraction","1","What is 42 - 18?","28","22","20","26","24","E","24","Subtract 20 to get 22, then add back 2.","Original AI-authored short practice item","Draft; not expert-reviewed or psychometrically validated","","30","Design target; not measured with users","false","10"
"R0503","Mental math","multiplication","math_multiplication","1","What is 6 × 7?","49","36","48","42","35","D","42","Six groups of seven make 42.","Original AI-authored short practice item","Draft; not expert-reviewed or psychometrically validated","","30","Design target; not measured with users","false","10"
"R0504","Mental math","division","math_division","1","What is 56 ÷ 8?","5","6","8","7","9","D","7","Eight multiplied by seven is 56.","Original AI-authored short practice item","Draft; not expert-reviewed or psychometrically validated","","30","Design target; not measured with users","false","10"
"R0505","Mental math","addition","math_addition","2","What is 35 + 19?","54","53","64","44","55","A","54","Add 20, then subtract 1.","Original AI-authored short practice item","Draft; not expert-reviewed or psychometrically validated","","30","Design target; not measured with users","false","10"
"R0506","Mental math","subtraction","math_subtraction","2","What is 100 - 65?","40","25","30","35","45","D","35","65 needs 35 more to reach 100.","Original AI-authored short practice item","Draft; not expert-reviewed or psychometrically validated","","30","Design target; not measured with users","false","10"
"R0507","Mental math","multiplication","math_multiplication","2","What is 12 × 5?","70","65","50","55","60","E","60","Ten fives plus two fives gives 50 + 10.","Original AI-authored short practice item","Draft; not expert-reviewed or psychometrically validated","","30","Design target; not measured with users","false","10"
"R0508","Mental math","division","math_division","2","What is 81 ÷ 9?","8","6","7","10","9","E","9","Nine multiplied by nine is 81.","Original AI-authored short practice item","Draft; not expert-reviewed or psychometrically validated","","30","Design target; not measured with users","false","10"
"R0509","Mental math","fractions","math_fractions","1","What is half of 38?","21","19","18","20","17","B","19","Half of 30 is 15 and half of 8 is 4.","Original AI-authored short practice item","Draft; not expert-reviewed or psychometrically validated","","30","Design target; not measured with users","false","10"
"R0510","Mental math","fractions","math_fractions","2","What is one quarter of 20?","4","10","6","5","8","D","5","Divide 20 into four equal parts.","Original AI-authored short practice item","Draft; not expert-reviewed or psychometrically validated","","30","Design target; not measured with users","false","11"
"R0511","Mental math","percentages","math_percentages","1","What is 10% of 70?","14","7","17","10","5","B","7","Ten percent is one tenth, so divide by 10.","Original AI-authored short practice item","Draft; not expert-reviewed or psychometrically validated","","30","Design target; not measured with users","false","10"
"R0512","Mental math","percentages","math_percentages","2","What is 25% of 40?","15","5","10","8","20","C","10","Twenty-five percent is one quarter of 40.","Original AI-authored short practice item","Draft; not expert-reviewed or psychometrically validated","","30","Design target; not measured with users","false","10"
"R0513","Mental math","money","math_money","1","A snack costs $3. You pay with $10. How much change do you receive?","$5","$8","$7","$6","$13","C","$7","Subtract the $3 cost from $10.","Original AI-authored short practice item","Draft; not expert-reviewed or psychometrically validated","","30","Design target; not measured with users","false","19"
"R0514","Mental math","money","math_money","2","Three notebooks cost $4 each. What is the total cost?","$14","$8","$16","$7","$12","E","$12","Multiply three notebooks by $4 each.","Original AI-authored short practice item","Draft; not expert-reviewed or psychometrically validated","","30","Design target; not measured with users","false","15"
"R0515","Mental math","time","math_time","1","It is 2:45 p.m. What time will it be in 30 minutes?","3:15 p.m.","3:30 p.m.","2:15 p.m.","3:00 p.m.","3:45 p.m.","A","3:15 p.m.","Fifteen minutes reaches 3:00, then another fifteen reaches 3:15.","Original AI-authored short practice item","Draft; not expert-reviewed or psychometrically validated","","30","Design target; not measured with users","false","22"
"R0516","Mental math","time","math_time","2","A walk starts at 9:10 a.m. and ends at 9:35 a.m. How long is it?","35 minutes","30 minutes","25 minutes","15 minutes","20 minutes","C","25 minutes","The difference between 10 and 35 minutes past the hour is 25.","Original AI-authored short practice item","Draft; not expert-reviewed or psychometrically validated","","30","Design target; not measured with users","false","25"
"R0517","Mental math","equal_sharing","math_equal_sharing","1","You share 15 grapes equally among 3 people. How many does each person get?","3","6","7","4","5","E","5","Divide 15 grapes by 3 people.","Original AI-authored short practice item","Draft; not expert-reviewed or psychometrically validated","","30","Design target; not measured with users","false","19"
"R0518","Mental math","ratio","math_ratio","1","A drink uses 1 cup of juice for every 2 cups of water. How much water goes with 3 cups of juice?","4 cups","6 cups","5 cups","9 cups","3 cups","B","6 cups","Each cup of juice needs two cups of water, so three need six.","Original AI-authored short practice item","Draft; not expert-reviewed or psychometrically validated","","30","Design target; not measured with users","false","32"
"R0519","Mental math","comparison","math_comparison","1","Which number is greatest?","0.75","0.5","0.8","0.18","0.08","C","0.8","Eight tenths is greater than each of the other values.","Original AI-authored short practice item","Draft; not expert-reviewed or psychometrically validated","","30","Design target; not measured with users","false","9"
"R0520","Mental math","fractions","math_fractions","3","What is one half plus one quarter?","One quarter","One whole","One half","Three quarters","Two thirds","D","Three quarters","One half equals two quarters; adding one quarter makes three quarters.","Original AI-authored short practice item","Draft; not expert-reviewed or psychometrically validated","","30","Design target; not measured with users","false","17"
"R0521","Mental math","missing_number","math_missing_number","1","What number belongs in the blank: ___ + 9 = 20?","11","10","9","13","12","A","11","Subtract 9 from 20.","Original AI-authored short practice item","Draft; not expert-reviewed or psychometrically validated","","30","Design target; not measured with users","false","16"
"R0522","Mental math","discount","math_discount","1","A $20 shirt is reduced by $5. What is its new price?","$25","$10","$15","$16","$12","C","$15","Subtract the $5 reduction from $20.","Original AI-authored short practice item","Draft; not expert-reviewed or psychometrically validated","","30","Design target; not measured with users","false","17"
"R0523","Mental math","average","math_average","1","What is the average of 4 and 8?","7","6","12","4","5","B","6","The number halfway between 4 and 8 is 6.","Original AI-authored short practice item","Draft; not expert-reviewed or psychometrically validated","","30","Design target; not measured with users","false","13"
"R0524","Mental math","order_of_operations","math_order_of_operations","1","What is 3 + 2 × 4? Use the usual order of operations.","20","11","24","9","14","B","11","Multiply 2 by 4 first, then add 3.","Original AI-authored short practice item","Draft; not expert-reviewed or psychometrically validated","","30","Design target; not measured with users","false","18"
"R0525","Mental math","everyday_arithmetic","math_everyday_arithmetic","1","A bus has 8 passengers. At the next stop, 3 leave and 2 board. How many passengers are now on board?","7","6","13","5","9","A","7","Start with 8, subtract 3, then add 2.","Original AI-authored short practice item","Draft; not expert-reviewed or psychometrically validated","","30","Design target; not measured with users","false","26"
